# Blender v2.92.0 OBJ File: 'flying head copy.blend'
# www.blender.org
mtllib cano.mtl
o group1999954066
v 0.039099 0.022012 -0.160905
v 0.041610 0.025498 -0.159469
v 0.042198 0.024453 -0.158982
v 0.040047 0.021466 -0.160213
v 0.037933 0.022569 -0.160964
v 0.040705 0.026419 -0.159377
v 0.036859 0.022987 -0.160374
v 0.039728 0.026970 -0.158733
v 0.036166 0.023153 -0.159294
v 0.038939 0.027003 -0.157707
v 0.036040 0.023024 -0.158012
v 0.038550 0.026510 -0.156576
v 0.036514 0.022633 -0.156873
v 0.038666 0.025621 -0.155642
v 0.037461 0.022087 -0.156181
v 0.039254 0.024576 -0.155156
v 0.038628 0.021530 -0.156123
v 0.040159 0.023655 -0.155247
v 0.039701 0.021112 -0.156712
v 0.041136 0.023104 -0.155892
v 0.040394 0.020946 -0.157793
v 0.041925 0.023071 -0.156917
v 0.040520 0.021075 -0.159074
v 0.042314 0.023565 -0.158048
v 0.044780 0.027171 -0.156700
v 0.044916 0.025887 -0.156609
v 0.044208 0.028267 -0.156320
v 0.043352 0.028882 -0.155569
v 0.042441 0.028851 -0.154649
v 0.041721 0.028182 -0.153808
v 0.041383 0.027055 -0.153269
v 0.041519 0.025771 -0.153178
v 0.042092 0.024675 -0.153559
v 0.042948 0.024060 -0.154310
v 0.043858 0.024091 -0.155229
v 0.044578 0.024760 -0.156071
v 0.047762 0.026583 -0.153342
v 0.047471 0.025383 -0.153730
v 0.047501 0.027617 -0.152610
v 0.046759 0.028210 -0.151730
v 0.045734 0.028201 -0.150939
v 0.044702 0.027594 -0.150449
v 0.043939 0.026551 -0.150390
v 0.043649 0.025351 -0.150779
v 0.043909 0.024316 -0.151511
v 0.044651 0.023724 -0.152391
v 0.045676 0.023733 -0.153181
v 0.046708 0.024340 -0.153672
v 0.049755 0.023891 -0.150293
v 0.049180 0.023076 -0.151117
v 0.049702 0.024644 -0.149242
v 0.049036 0.025134 -0.148246
v 0.047936 0.025228 -0.147572
v 0.046695 0.024902 -0.147400
v 0.045647 0.024244 -0.147777
v 0.045072 0.023429 -0.148601
v 0.045125 0.022675 -0.149652
v 0.045790 0.022186 -0.150648
v 0.046891 0.022091 -0.151322
v 0.048131 0.022417 -0.151494
v 0.050226 0.019817 -0.148370
v 0.049583 0.019584 -0.149469
v 0.050222 0.020144 -0.147118
v 0.049575 0.020478 -0.146049
v 0.048456 0.020728 -0.145448
v 0.047166 0.020829 -0.145477
v 0.046051 0.020752 -0.146129
v 0.045408 0.020519 -0.147228
v 0.045412 0.020191 -0.148480
v 0.046059 0.019858 -0.149550
v 0.047178 0.019607 -0.150150
v 0.048468 0.019507 -0.150121
v 0.049048 0.015452 -0.148089
v 0.048574 0.015843 -0.149228
v 0.048922 0.015323 -0.146808
v 0.048229 0.015490 -0.145728
v 0.047155 0.015907 -0.145138
v 0.045989 0.016464 -0.145197
v 0.045041 0.017011 -0.145888
v 0.044567 0.017401 -0.147027
v 0.044694 0.017530 -0.148309
v 0.045386 0.017364 -0.149389
v 0.046460 0.016946 -0.149979
v 0.047627 0.016390 -0.149920
v 0.046538 0.011967 -0.149525
v 0.046422 0.012855 -0.150459
v 0.046149 0.011473 -0.148394
v 0.045360 0.011506 -0.147369
v 0.044382 0.012057 -0.146724
v 0.043478 0.012978 -0.146633
v 0.042890 0.014023 -0.147119
v 0.042774 0.014911 -0.148053
v 0.043163 0.015405 -0.149184
v 0.043952 0.015372 -0.150210
v 0.044929 0.014821 -0.150855
v 0.045834 0.013900 -0.150946
v 0.043367 0.010294 -0.152294
v 0.043705 0.011421 -0.152832
v 0.042647 0.009625 -0.151452
v 0.041736 0.009594 -0.150533
v 0.040880 0.010209 -0.149782
v 0.040308 0.011305 -0.149401
v 0.040172 0.012589 -0.149492
v 0.040510 0.013716 -0.150031
v 0.041230 0.014385 -0.150872
v 0.042140 0.014416 -0.151792
v 0.042996 0.013801 -0.152543
v 0.043569 0.012705 -0.152923
v 0.040386 0.010882 -0.155652
v 0.041149 0.011925 -0.155711
v 0.039353 0.010275 -0.155162
v 0.038329 0.010266 -0.154371
v 0.037587 0.010859 -0.153492
v 0.037326 0.011894 -0.152760
v 0.037617 0.013093 -0.152371
v 0.038380 0.014137 -0.152430
v 0.039412 0.014744 -0.152920
v 0.040437 0.014752 -0.153711
v 0.041179 0.014160 -0.154590
v 0.041439 0.013125 -0.155322
v 0.038393 0.013574 -0.158702
v 0.039441 0.014233 -0.158325
v 0.037152 0.013248 -0.158530
v 0.036051 0.013343 -0.157856
v 0.035386 0.013832 -0.156860
v 0.035333 0.014585 -0.155809
v 0.035908 0.015400 -0.154985
v 0.036956 0.016059 -0.154608
v 0.038197 0.016385 -0.154779
v 0.039298 0.016290 -0.155453
v 0.039963 0.015801 -0.156449
v 0.040016 0.015048 -0.157500
v 0.037922 0.017648 -0.160624
v 0.039037 0.017725 -0.159973
v 0.036632 0.017748 -0.160654
v 0.035513 0.017999 -0.160053
v 0.034866 0.018332 -0.158984
v 0.034862 0.018659 -0.157732
v 0.035505 0.018892 -0.156632
v 0.036620 0.018969 -0.155981
v 0.037910 0.018869 -0.155951
v 0.039029 0.018618 -0.156552
v 0.039676 0.018285 -0.157622
v 0.039679 0.017958 -0.158874
v 0.125122 0.058227 -0.147830
v 0.099064 0.049611 -0.167849
v 0.099992 0.042140 -0.161724
v 0.122327 0.049524 -0.144565
v 0.130369 0.063614 -0.153965
v 0.101586 0.054098 -0.176077
v 0.136664 0.064244 -0.161326
v 0.106884 0.054398 -0.184204
v 0.142319 0.059946 -0.167941
v 0.113536 0.050430 -0.190053
v 0.145819 0.051873 -0.172037
v 0.119761 0.043258 -0.192055
v 0.146226 0.042188 -0.172516
v 0.123891 0.034803 -0.189675
v 0.143432 0.033485 -0.169251
v 0.124819 0.027331 -0.183550
v 0.138184 0.028098 -0.163116
v 0.122297 0.022845 -0.175322
v 0.131890 0.027468 -0.155755
v 0.117000 0.022545 -0.167194
v 0.126235 0.031766 -0.149141
v 0.110347 0.026513 -0.161346
v 0.122735 0.039839 -0.145045
v 0.104122 0.033685 -0.159344
v 0.077750 0.026060 -0.179891
v 0.081723 0.021953 -0.172046
v 0.078043 0.028084 -0.189379
v 0.082525 0.027482 -0.197967
v 0.089993 0.024416 -0.203354
v 0.098447 0.019707 -0.204097
v 0.105622 0.014616 -0.199997
v 0.109595 0.010509 -0.192152
v 0.109301 0.008486 -0.182664
v 0.104820 0.009087 -0.174076
v 0.097352 0.012154 -0.168688
v 0.088898 0.016863 -0.167945
v 0.066891 -0.006116 -0.180730
v 0.072415 -0.005627 -0.172765
v 0.066048 -0.007458 -0.190306
v 0.070114 -0.009291 -0.198926
v 0.077998 -0.011126 -0.204282
v 0.087588 -0.012470 -0.204937
v 0.096314 -0.012963 -0.200716
v 0.101838 -0.012474 -0.192751
v 0.102680 -0.011133 -0.183176
v 0.098615 -0.009299 -0.174555
v 0.090731 -0.007464 -0.169200
v 0.081141 -0.006120 -0.168545
v 0.069396 -0.038297 -0.170142
v 0.074562 -0.033210 -0.163689
v 0.068815 -0.043003 -0.178610
v 0.072977 -0.046069 -0.186825
v 0.080765 -0.046671 -0.192586
v 0.090093 -0.044650 -0.194348
v 0.098461 -0.040547 -0.191640
v 0.103627 -0.035460 -0.185188
v 0.104208 -0.030753 -0.176720
v 0.100046 -0.027688 -0.168505
v 0.092258 -0.027085 -0.162744
v 0.082930 -0.029106 -0.160982
v 0.084594 -0.061858 -0.150963
v 0.087589 -0.053405 -0.147250
v 0.085603 -0.069028 -0.157425
v 0.090346 -0.072996 -0.164906
v 0.097552 -0.072697 -0.171401
v 0.105291 -0.068212 -0.175169
v 0.111488 -0.060742 -0.175201
v 0.114483 -0.052289 -0.171489
v 0.113474 -0.045119 -0.165026
v 0.108731 -0.041151 -0.157545
v 0.101525 -0.041450 -0.151050
v 0.093786 -0.045936 -0.147282
v 0.108413 -0.070487 -0.128332
v 0.108005 -0.060802 -0.127852
v 0.111913 -0.078560 -0.132428
v 0.117568 -0.082858 -0.139042
v 0.123862 -0.082228 -0.146403
v 0.129110 -0.076841 -0.152538
v 0.131904 -0.068138 -0.155803
v 0.131497 -0.058453 -0.155324
v 0.127997 -0.050380 -0.151228
v 0.122342 -0.046082 -0.144613
v 0.116047 -0.046712 -0.137252
v 0.110800 -0.052099 -0.131117
v 0.134470 -0.061872 -0.108313
v 0.130340 -0.053417 -0.110694
v 0.140696 -0.069044 -0.110316
v 0.147348 -0.073012 -0.116164
v 0.152645 -0.072712 -0.124291
v 0.155167 -0.068225 -0.132520
v 0.154239 -0.060754 -0.138645
v 0.150109 -0.052299 -0.141025
v 0.143884 -0.045127 -0.139022
v 0.137232 -0.041159 -0.133174
v 0.131935 -0.041459 -0.125047
v 0.129412 -0.045946 -0.116818
v 0.155784 -0.038321 -0.096271
v 0.148610 -0.033230 -0.100372
v 0.164238 -0.043030 -0.097014
v 0.171707 -0.046096 -0.102401
v 0.176188 -0.046698 -0.110990
v 0.176482 -0.044674 -0.120477
v 0.172508 -0.040567 -0.128323
v 0.165334 -0.035477 -0.132423
v 0.156879 -0.030768 -0.131680
v 0.149411 -0.027701 -0.126293
v 0.144930 -0.027100 -0.117705
v 0.144637 -0.029123 -0.108217
v 0.166644 -0.006144 -0.095432
v 0.157918 -0.005651 -0.099652
v 0.176234 -0.007488 -0.096087
v 0.184117 -0.009323 -0.101442
v 0.188183 -0.011156 -0.110063
v 0.187341 -0.012498 -0.119638
v 0.181817 -0.012987 -0.127603
v 0.173090 -0.012494 -0.131824
v 0.163501 -0.011150 -0.131168
v 0.155617 -0.009315 -0.125813
v 0.151551 -0.007481 -0.117193
v 0.152393 -0.006140 -0.107617
v 0.164139 0.026036 -0.106020
v 0.155770 0.021932 -0.108728
v 0.173467 0.028057 -0.107783
v 0.181255 0.027455 -0.113543
v 0.185416 0.024389 -0.121758
v 0.184836 0.019683 -0.130227
v 0.179669 0.014596 -0.136679
v 0.171301 0.010492 -0.139387
v 0.161973 0.008471 -0.137624
v 0.154185 0.009074 -0.131864
v 0.150024 0.012139 -0.123649
v 0.150604 0.016846 -0.115180
v 0.148941 0.049598 -0.125199
v 0.142743 0.042128 -0.125167
v 0.156679 0.054083 -0.128968
v 0.163885 0.054382 -0.135462
v 0.168628 0.050414 -0.142943
v 0.169638 0.043244 -0.149406
v 0.166642 0.034791 -0.153118
v 0.160445 0.027322 -0.153086
v 0.152707 0.022836 -0.149318
v 0.145500 0.022537 -0.142823
v 0.140757 0.026505 -0.135342
v 0.139748 0.033675 -0.128880
v 0.165870 0.003333 -0.073148
v 0.162963 0.014163 -0.074717
v 0.162121 0.013535 -0.071657
v 0.164613 0.004252 -0.070312
v 0.165477 0.002174 -0.076143
v 0.162266 0.014137 -0.077876
v 0.163540 0.001087 -0.078495
v 0.160217 0.013465 -0.080288
v 0.160577 0.000362 -0.079573
v 0.157366 0.012325 -0.081307
v 0.157383 0.000193 -0.079089
v 0.154475 0.011024 -0.080658
v 0.154813 0.000627 -0.077172
v 0.152321 0.009910 -0.078517
v 0.153556 0.001546 -0.074337
v 0.151479 0.009282 -0.075457
v 0.153948 0.002704 -0.071341
v 0.152176 0.009308 -0.072298
v 0.155886 0.003792 -0.068990
v 0.154224 0.009981 -0.069886
v 0.158848 0.004517 -0.067911
v 0.157076 0.011120 -0.068868
v 0.162043 0.004685 -0.068395
v 0.159966 0.012421 -0.069516
v 0.157245 0.023360 -0.071409
v 0.157220 0.021418 -0.068821
v 0.155950 0.024296 -0.074222
v 0.153683 0.023975 -0.076507
v 0.151050 0.022484 -0.077652
v 0.148758 0.020221 -0.077350
v 0.147420 0.017793 -0.075682
v 0.147395 0.015851 -0.073094
v 0.148690 0.014915 -0.070281
v 0.150957 0.015236 -0.067996
v 0.153590 0.016728 -0.066851
v 0.155882 0.018990 -0.067153
v 0.150249 0.028459 -0.064110
v 0.151224 0.025789 -0.062565
v 0.148223 0.029928 -0.066159
v 0.145688 0.029803 -0.068165
v 0.143323 0.028116 -0.069590
v 0.141762 0.025320 -0.070051
v 0.141424 0.022164 -0.069425
v 0.142398 0.019493 -0.067881
v 0.144424 0.018024 -0.065831
v 0.146960 0.018150 -0.063825
v 0.149325 0.019836 -0.062401
v 0.150885 0.022632 -0.061939
v 0.143850 0.028094 -0.054775
v 0.145739 0.025475 -0.054564
v 0.141155 0.029525 -0.055849
v 0.138374 0.029385 -0.057497
v 0.136255 0.027712 -0.059279
v 0.135363 0.024954 -0.060716
v 0.135938 0.021851 -0.061424
v 0.137827 0.019232 -0.061213
v 0.140523 0.017801 -0.060139
v 0.143303 0.017941 -0.058491
v 0.145423 0.019614 -0.056709
v 0.146314 0.022372 -0.055272
v 0.139762 0.022362 -0.045906
v 0.142235 0.020563 -0.046962
v 0.136639 0.023194 -0.046053
v 0.133702 0.022835 -0.047362
v 0.131739 0.021381 -0.049483
v 0.131275 0.019223 -0.051848
v 0.132434 0.016938 -0.053823
v 0.134907 0.015138 -0.054878
v 0.138030 0.014307 -0.054732
v 0.140967 0.014666 -0.053423
v 0.142930 0.016119 -0.051302
v 0.143394 0.018278 -0.048937
v 0.139080 0.012800 -0.039880
v 0.141650 0.012366 -0.041797
v 0.135886 0.012631 -0.039396
v 0.132923 0.011906 -0.040474
v 0.130986 0.010819 -0.042826
v 0.130593 0.009660 -0.045821
v 0.131850 0.008742 -0.048657
v 0.134420 0.008308 -0.050574
v 0.137615 0.008476 -0.051058
v 0.140577 0.009201 -0.049980
v 0.142515 0.010289 -0.047628
v 0.142907 0.011447 -0.044633
v 0.141988 0.001969 -0.038311
v 0.144142 0.003083 -0.040452
v 0.139097 0.000668 -0.037663
v 0.136246 -0.000471 -0.038681
v 0.134197 -0.001144 -0.041093
v 0.133500 -0.001170 -0.044252
v 0.134342 -0.000542 -0.047312
v 0.136497 0.000572 -0.049453
v 0.139387 0.001873 -0.050101
v 0.142239 0.003013 -0.049083
v 0.144287 0.003685 -0.046671
v 0.144984 0.003711 -0.043512
v 0.147705 -0.007228 -0.041619
v 0.149043 -0.004800 -0.043287
v 0.145413 -0.009491 -0.041317
v 0.142780 -0.010982 -0.042462
v 0.140513 -0.011303 -0.044747
v 0.139218 -0.010367 -0.047560
v 0.139243 -0.008425 -0.050148
v 0.140581 -0.005997 -0.051816
v 0.142873 -0.003734 -0.052118
v 0.145506 -0.002243 -0.050973
v 0.147773 -0.001922 -0.048688
v 0.149068 -0.002858 -0.045875
v 0.154701 -0.012327 -0.048918
v 0.155039 -0.009171 -0.049544
v 0.153140 -0.015123 -0.049380
v 0.150775 -0.016810 -0.050804
v 0.148240 -0.016935 -0.052810
v 0.146214 -0.015466 -0.054860
v 0.145239 -0.012795 -0.056404
v 0.145578 -0.009639 -0.057030
v 0.147139 -0.006843 -0.056569
v 0.149503 -0.005157 -0.055144
v 0.152039 -0.005031 -0.053138
v 0.154065 -0.006500 -0.051089
v 0.161100 -0.011961 -0.058253
v 0.160525 -0.008857 -0.057545
v 0.160209 -0.014719 -0.059690
v 0.158089 -0.016392 -0.061472
v 0.155308 -0.016532 -0.063120
v 0.152613 -0.015101 -0.064194
v 0.150724 -0.012482 -0.064405
v 0.150149 -0.009378 -0.063697
v 0.151040 -0.006621 -0.062260
v 0.153160 -0.004948 -0.060478
v 0.155940 -0.004808 -0.058830
v 0.158636 -0.006239 -0.057756
v 0.165188 -0.006230 -0.067122
v 0.164029 -0.003945 -0.065147
v 0.164724 -0.008388 -0.069486
v 0.162761 -0.009842 -0.071608
v 0.159824 -0.010200 -0.072917
v 0.156701 -0.009369 -0.073063
v 0.154228 -0.007569 -0.072007
v 0.153069 -0.005284 -0.070032
v 0.153533 -0.003126 -0.067667
v 0.155496 -0.001672 -0.065546
v 0.158433 -0.001313 -0.064237
v 0.161556 -0.002145 -0.064091
v 0.172462 -0.019740 -0.203219
v 0.173704 -0.020190 -0.202039
v 0.172411 -0.023212 -0.203160
v 0.174496 -0.021418 -0.201040
v 0.174626 -0.023095 -0.200488
v 0.174060 -0.024772 -0.200531
v 0.172950 -0.025999 -0.201159
v 0.171592 -0.026448 -0.202202
v 0.170350 -0.025999 -0.203382
v 0.169558 -0.024771 -0.204381
v 0.169428 -0.023093 -0.204933
v 0.169994 -0.021417 -0.204890
v 0.171104 -0.020189 -0.204262
v 0.171739 -0.016451 -0.202371
v 0.174072 -0.017296 -0.200154
v 0.175560 -0.019604 -0.198276
v 0.175806 -0.022756 -0.197239
v 0.174742 -0.025907 -0.197321
v 0.172654 -0.028214 -0.198500
v 0.170102 -0.029058 -0.200461
v 0.167769 -0.028213 -0.202678
v 0.166280 -0.025905 -0.204556
v 0.166035 -0.022753 -0.205594
v 0.167099 -0.019601 -0.205511
v 0.169186 -0.017295 -0.204332
v 0.170327 -0.013741 -0.200720
v 0.173471 -0.014880 -0.197733
v 0.175476 -0.017989 -0.195202
v 0.175807 -0.022236 -0.193805
v 0.174374 -0.026482 -0.193916
v 0.171561 -0.029590 -0.195505
v 0.168122 -0.030727 -0.198147
v 0.164979 -0.029588 -0.201133
v 0.162973 -0.026479 -0.203664
v 0.162643 -0.022232 -0.205061
v 0.164076 -0.017986 -0.204951
v 0.166889 -0.014878 -0.203361
v 0.168399 -0.011938 -0.198464
v 0.171973 -0.013233 -0.195068
v 0.174254 -0.016768 -0.192189
v 0.174630 -0.021597 -0.190600
v 0.173000 -0.026426 -0.190726
v 0.169802 -0.029960 -0.192533
v 0.165891 -0.031253 -0.195538
v 0.162317 -0.029958 -0.198934
v 0.160036 -0.026422 -0.201812
v 0.159660 -0.021593 -0.203401
v 0.161290 -0.016765 -0.203275
v 0.164488 -0.013231 -0.201468
v 0.166185 -0.011258 -0.195875
v 0.169760 -0.012553 -0.192479
v 0.172041 -0.016089 -0.189601
v 0.172416 -0.020918 -0.188012
v 0.170787 -0.025747 -0.188138
v 0.167588 -0.029281 -0.189945
v 0.163678 -0.030574 -0.192949
v 0.160103 -0.029279 -0.196345
v 0.157823 -0.025743 -0.199223
v 0.157447 -0.020914 -0.200812
v 0.159076 -0.016085 -0.200686
v 0.162275 -0.012551 -0.198879
v 0.163954 -0.011785 -0.193266
v 0.167098 -0.012923 -0.190280
v 0.169103 -0.016033 -0.187749
v 0.169434 -0.020279 -0.186351
v 0.168001 -0.024525 -0.186462
v 0.165188 -0.027633 -0.188051
v 0.161749 -0.028770 -0.190693
v 0.158606 -0.027632 -0.193679
v 0.156600 -0.024522 -0.196211
v 0.156270 -0.020276 -0.197608
v 0.157703 -0.016029 -0.197497
v 0.160516 -0.012922 -0.195908
v 0.161975 -0.013453 -0.190951
v 0.164308 -0.014299 -0.188735
v 0.165796 -0.016606 -0.186856
v 0.166042 -0.019758 -0.185819
v 0.164978 -0.022910 -0.185901
v 0.162890 -0.025217 -0.187081
v 0.160338 -0.026061 -0.189042
v 0.158005 -0.025215 -0.191258
v 0.156516 -0.022908 -0.193137
v 0.156271 -0.019756 -0.194174
v 0.157335 -0.016604 -0.194092
v 0.159422 -0.014297 -0.192912
v 0.160485 -0.016063 -0.189210
v 0.161726 -0.016513 -0.188031
v 0.162519 -0.017741 -0.187031
v 0.162649 -0.019418 -0.186479
v 0.162083 -0.021095 -0.186523
v 0.160972 -0.022322 -0.187151
v 0.159614 -0.022771 -0.188194
v 0.158373 -0.022322 -0.189374
v 0.157581 -0.021094 -0.190373
v 0.157450 -0.019417 -0.190925
v 0.158016 -0.017740 -0.190881
v 0.159127 -0.016512 -0.190254
v 0.159665 -0.019299 -0.188253
v 0.017576 0.007721 -0.142117
v 0.023316 0.017375 -0.143557
v 0.024234 0.015511 -0.146037
v 0.019313 0.007236 -0.144803
v 0.017326 0.007656 -0.138893
v 0.023667 0.018319 -0.140482
v 0.018630 0.007059 -0.135993
v 0.025190 0.018091 -0.137637
v 0.021138 0.006089 -0.134195
v 0.027480 0.016752 -0.135784
v 0.024180 0.005007 -0.133981
v 0.029920 0.014660 -0.135420
v 0.026939 0.004102 -0.135408
v 0.031859 0.012377 -0.136641
v 0.028676 0.003617 -0.138094
v 0.032776 0.010513 -0.139122
v 0.028926 0.003682 -0.141318
v 0.032426 0.009568 -0.142196
v 0.027622 0.004280 -0.144218
v 0.030902 0.009796 -0.145041
v 0.025113 0.005250 -0.146016
v 0.028613 0.011135 -0.146894
v 0.022072 0.006332 -0.146230
v 0.026172 0.013227 -0.147258
v 0.031736 0.023138 -0.148467
v 0.031450 0.020451 -0.150246
v 0.032966 0.024686 -0.145906
v 0.034812 0.024678 -0.143249
v 0.036779 0.023119 -0.141209
v 0.038340 0.020424 -0.140330
v 0.039076 0.017317 -0.140850
v 0.038790 0.014630 -0.142629
v 0.037560 0.013082 -0.145190
v 0.035713 0.013090 -0.147847
v 0.033747 0.014649 -0.149888
v 0.032186 0.017344 -0.150766
v 0.040577 0.023468 -0.155533
v 0.039029 0.020734 -0.156303
v 0.042733 0.025050 -0.153712
v 0.044917 0.025055 -0.151325
v 0.046546 0.023483 -0.149014
v 0.047181 0.020754 -0.147397
v 0.046654 0.017599 -0.146907
v 0.045106 0.014865 -0.147676
v 0.042950 0.013283 -0.149498
v 0.040766 0.013278 -0.151885
v 0.039138 0.014850 -0.154196
v 0.038502 0.017579 -0.155813
v 0.047473 0.018275 -0.162862
v 0.044939 0.016282 -0.162584
v 0.050349 0.019314 -0.161807
v 0.052797 0.019120 -0.159701
v 0.054162 0.017747 -0.157109
v 0.054077 0.015561 -0.154725
v 0.052565 0.013148 -0.153189
v 0.050031 0.011156 -0.152911
v 0.047154 0.010117 -0.153967
v 0.044706 0.010310 -0.156072
v 0.043342 0.011684 -0.158664
v 0.043427 0.013870 -0.161048
v 0.050574 0.008951 -0.168489
v 0.047597 0.008290 -0.167408
v 0.053774 0.009015 -0.168022
v 0.056341 0.008464 -0.166132
v 0.057587 0.007448 -0.163325
v 0.057178 0.006237 -0.160352
v 0.055223 0.005156 -0.158012
v 0.052246 0.004496 -0.156931
v 0.049045 0.004432 -0.157397
v 0.046478 0.004982 -0.159288
v 0.045232 0.005999 -0.162095
v 0.045642 0.007210 -0.165067
v 0.049049 -0.002006 -0.170907
v 0.046290 -0.001101 -0.169480
v 0.052091 -0.003088 -0.170693
v 0.054600 -0.004058 -0.168895
v 0.055904 -0.004655 -0.165995
v 0.055653 -0.004720 -0.162770
v 0.053916 -0.004235 -0.160085
v 0.051157 -0.003330 -0.158658
v 0.048116 -0.002248 -0.158872
v 0.045607 -0.001278 -0.160670
v 0.044303 -0.000681 -0.163569
v 0.044553 -0.000616 -0.166794
v 0.043309 -0.011659 -0.169468
v 0.041370 -0.009375 -0.168247
v 0.045750 -0.013751 -0.169104
v 0.048039 -0.015090 -0.167251
v 0.049562 -0.015318 -0.164406
v 0.049913 -0.014374 -0.161331
v 0.048995 -0.012510 -0.158851
v 0.047057 -0.010226 -0.157630
v 0.044616 -0.008134 -0.157994
v 0.042327 -0.006795 -0.159847
v 0.040803 -0.006567 -0.162692
v 0.040453 -0.007511 -0.165767
v 0.034889 -0.017423 -0.164558
v 0.034153 -0.014316 -0.164038
v 0.036450 -0.020117 -0.163679
v 0.038417 -0.021677 -0.161638
v 0.040263 -0.021685 -0.158982
v 0.041493 -0.020137 -0.156421
v 0.041779 -0.017450 -0.154642
v 0.041043 -0.014343 -0.154122
v 0.039482 -0.011648 -0.155000
v 0.037516 -0.010088 -0.157041
v 0.035670 -0.010081 -0.159698
v 0.034439 -0.011628 -0.162259
v 0.026048 -0.017752 -0.157491
v 0.026575 -0.014598 -0.157981
v 0.026683 -0.020481 -0.155874
v 0.028312 -0.022054 -0.153563
v 0.030496 -0.022048 -0.151176
v 0.032652 -0.020467 -0.149355
v 0.034200 -0.017732 -0.148585
v 0.034727 -0.014578 -0.149075
v 0.034091 -0.011849 -0.150692
v 0.032463 -0.010277 -0.153003
v 0.030279 -0.010282 -0.155390
v 0.028123 -0.011864 -0.157211
v 0.019152 -0.012559 -0.150163
v 0.020665 -0.010147 -0.151699
v 0.019067 -0.014745 -0.147779
v 0.020432 -0.016119 -0.145187
v 0.022880 -0.016312 -0.143081
v 0.025756 -0.015274 -0.142026
v 0.028290 -0.013281 -0.142304
v 0.029802 -0.010869 -0.143840
v 0.029887 -0.008683 -0.146224
v 0.028523 -0.007309 -0.148815
v 0.026075 -0.007116 -0.150921
v 0.023198 -0.008154 -0.151977
v 0.016052 -0.003235 -0.144535
v 0.018007 -0.002155 -0.146876
v 0.015642 -0.004446 -0.141563
v 0.016888 -0.005463 -0.138756
v 0.019455 -0.006013 -0.136866
v 0.022656 -0.005950 -0.136399
v 0.025632 -0.005289 -0.137480
v 0.027587 -0.004209 -0.139821
v 0.027997 -0.002998 -0.142793
v 0.026751 -0.001981 -0.145600
v 0.024184 -0.001431 -0.147490
v 0.020983 -0.001495 -0.147957
v 0.110652 0.006237 -0.061684
v 0.103206 -0.015827 -0.062259
v 0.160563 -0.033435 -0.129342
v 0.168009 -0.011371 -0.128766
v 0.088590 -0.031976 -0.070517
v 0.145948 -0.049584 -0.137599
v 0.070722 -0.037884 -0.084244
v 0.128080 -0.055492 -0.151326
v 0.054389 -0.031967 -0.099762
v 0.111746 -0.049575 -0.166845
v 0.043967 -0.015810 -0.112913
v 0.101325 -0.033418 -0.179996
v 0.042250 0.006256 -0.120174
v 0.099607 -0.011352 -0.187257
v 0.049696 0.028320 -0.119598
v 0.107054 0.010712 -0.186681
v 0.064311 0.044469 -0.111341
v 0.121669 0.026861 -0.178424
v 0.082180 0.050377 -0.097614
v 0.139537 0.032769 -0.164697
v 0.098513 0.044460 -0.082096
v 0.155870 0.026852 -0.149178
v 0.108934 0.028303 -0.068944
v 0.166292 0.010695 -0.136027
v 0.146216 -0.002963 -0.172519
v 0.150561 -0.004537 -0.168391
v 0.146038 -0.015116 -0.172314
v 0.153333 -0.008835 -0.164893
v 0.153790 -0.014705 -0.162961
v 0.151809 -0.020575 -0.163114
v 0.147922 -0.024870 -0.165311
v 0.143168 -0.026442 -0.168963
v 0.138823 -0.024868 -0.173091
v 0.136051 -0.020570 -0.176589
v 0.135594 -0.014700 -0.178521
v 0.137575 -0.008831 -0.178368
v 0.141463 -0.004535 -0.176171
v 0.143683 0.008549 -0.169553
v 0.151849 0.005591 -0.161795
v 0.157059 -0.002486 -0.155220
v 0.157918 -0.013518 -0.151590
v 0.154195 -0.024549 -0.151878
v 0.146888 -0.032623 -0.156006
v 0.137955 -0.035576 -0.162869
v 0.129789 -0.032618 -0.170627
v 0.124579 -0.024541 -0.177202
v 0.123720 -0.013509 -0.180832
v 0.127443 -0.002478 -0.180544
v 0.134750 0.005596 -0.176416
v 0.138743 0.018033 -0.163773
v 0.149745 0.014048 -0.153321
v 0.156765 0.003165 -0.144462
v 0.157922 -0.011698 -0.139572
v 0.152906 -0.026560 -0.139959
v 0.143061 -0.037438 -0.145521
v 0.131026 -0.041417 -0.154767
v 0.120024 -0.037431 -0.165220
v 0.113005 -0.026549 -0.174079
v 0.111848 -0.011685 -0.178969
v 0.116863 0.003176 -0.178582
v 0.126708 0.014054 -0.173020
v 0.131993 0.024345 -0.155877
v 0.144504 0.019813 -0.143991
v 0.152486 0.007438 -0.133917
v 0.153802 -0.009464 -0.128356
v 0.148098 -0.026365 -0.128797
v 0.136903 -0.038734 -0.135122
v 0.123217 -0.043259 -0.145636
v 0.110707 -0.038727 -0.157522
v 0.102724 -0.026352 -0.167596
v 0.101408 -0.009450 -0.173157
v 0.107112 0.007450 -0.172717
v 0.118307 0.019820 -0.166392
v 0.124247 0.026723 -0.146817
v 0.136757 0.022191 -0.134931
v 0.144739 0.009816 -0.124857
v 0.146055 -0.007086 -0.119296
v 0.140352 -0.023986 -0.119737
v 0.129157 -0.036356 -0.126061
v 0.115470 -0.040881 -0.136576
v 0.102960 -0.036349 -0.148462
v 0.094977 -0.023974 -0.158536
v 0.093662 -0.007072 -0.164097
v 0.099365 0.009828 -0.163656
v 0.110560 0.022198 -0.157331
v 0.116438 0.024881 -0.137686
v 0.127439 0.020895 -0.127233
v 0.134459 0.010013 -0.118374
v 0.135616 -0.004851 -0.113484
v 0.130600 -0.019712 -0.113871
v 0.120756 -0.030590 -0.119434
v 0.108720 -0.034569 -0.128680
v 0.097719 -0.030584 -0.139132
v 0.090699 -0.019701 -0.147991
v 0.089542 -0.004838 -0.152882
v 0.094558 0.010024 -0.152494
v 0.104402 0.020902 -0.146932
v 0.109509 0.019040 -0.129584
v 0.117674 0.016082 -0.121826
v 0.122885 0.008005 -0.115251
v 0.123743 -0.003027 -0.111621
v 0.120021 -0.014058 -0.111909
v 0.112714 -0.022132 -0.116037
v 0.103781 -0.025085 -0.122900
v 0.095615 -0.022127 -0.130658
v 0.090405 -0.014050 -0.137233
v 0.089546 -0.003018 -0.140863
v 0.093269 0.008013 -0.140575
v 0.100576 0.016087 -0.136447
v 0.104295 0.009906 -0.123490
v 0.108640 0.008332 -0.119362
v 0.111412 0.004034 -0.115864
v 0.111869 -0.001836 -0.113932
v 0.109889 -0.007705 -0.114086
v 0.106001 -0.012001 -0.116282
v 0.101247 -0.013573 -0.119934
v 0.096903 -0.011999 -0.124062
v 0.094130 -0.007701 -0.127560
v 0.093673 -0.001831 -0.129492
v 0.095654 0.004038 -0.129339
v 0.099542 0.008334 -0.127142
v 0.101426 -0.001421 -0.120139
v 0.153476 -0.002103 -0.181009
v 0.158920 -0.004075 -0.175836
v 0.170685 -0.022682 -0.201142
v 0.162394 -0.009461 -0.171452
v 0.162967 -0.016816 -0.169032
v 0.160485 -0.024171 -0.169224
v 0.155613 -0.029554 -0.171977
v 0.149657 -0.031523 -0.176552
v 0.144212 -0.029551 -0.181725
v 0.140739 -0.024165 -0.186109
v 0.140166 -0.016810 -0.188529
v 0.142648 -0.009455 -0.188337
v 0.147520 -0.004072 -0.185585
v -0.139239 0.134748 0.196758
v -0.163476 0.140671 0.173705
v -0.185910 0.137984 0.200177
v -0.165136 0.132907 0.219936
v -0.076645 0.123136 0.130582
v -0.103417 0.129678 0.105118
v 0.005874 0.101183 0.039141
v -0.021826 0.107952 0.012795
v 0.086208 0.074772 -0.053064
v 0.059436 0.081314 -0.078527
v 0.142831 0.050978 -0.121326
v 0.118593 0.056901 -0.144379
v 0.160571 0.036178 -0.147355
v 0.139796 0.041255 -0.167115
v 0.134674 0.034338 -0.124177
v 0.117362 0.038568 -0.140643
v 0.072080 0.045950 -0.058001
v 0.057303 0.049561 -0.072057
v -0.010439 0.067902 0.033440
v -0.024289 0.071287 0.020267
v -0.090773 0.094314 0.125645
v -0.105550 0.097925 0.111589
v -0.147396 0.118108 0.193907
v -0.164708 0.122338 0.177441
v -0.188869 0.129401 0.154156
v -0.207675 0.128324 0.183420
v -0.131465 0.117230 0.083525
v -0.050845 0.095072 -0.009547
v 0.031388 0.068865 -0.100121
v 0.093201 0.045631 -0.163928
v 0.118031 0.031595 -0.183872
v 0.099224 0.030518 -0.154607
v 0.041821 0.042689 -0.083976
v -0.038799 0.064847 0.009096
v -0.121032 0.091054 0.099670
v -0.182846 0.114288 0.163477
v -0.208612 0.103958 0.143348
v -0.224598 0.106516 0.174157
v -0.153273 0.089126 0.071587
v -0.073410 0.065995 -0.021899
v 0.009580 0.040761 -0.112059
v 0.073457 0.020188 -0.174736
v 0.101108 0.009787 -0.193135
v 0.085122 0.012345 -0.162327
v 0.029783 0.027177 -0.090566
v -0.050081 0.050308 0.002920
v -0.133070 0.075541 0.093080
v -0.196948 0.096115 0.155757
v -0.217417 0.071159 0.144178
v -0.232145 0.078403 0.174868
v -0.162999 0.052897 0.072504
v -0.083472 0.028510 -0.020950
v -0.000146 0.004533 -0.111142
v 0.064653 -0.012611 -0.173906
v 0.093561 -0.018326 -0.192424
v 0.078833 -0.011083 -0.161734
v 0.024415 0.007179 -0.090059
v -0.055112 0.031566 0.003394
v -0.138438 0.055544 0.093586
v -0.203237 0.072687 0.156350
v -0.212923 0.039793 0.156423
v -0.228293 0.051518 0.185364
v -0.158035 0.018251 0.086030
v -0.078336 -0.007336 -0.006955
v 0.004818 -0.030113 -0.097616
v 0.069147 -0.043977 -0.161660
v 0.097413 -0.045211 -0.181928
v 0.082043 -0.033487 -0.152987
v 0.027155 -0.011945 -0.082593
v -0.052544 0.013643 0.010392
v -0.135698 0.036419 0.101053
v -0.200027 0.050283 0.165097
v -0.196335 0.018265 0.176803
v -0.214075 0.033064 0.202832
v -0.139712 -0.005529 0.108540
v -0.059379 -0.031940 0.016336
v 0.023141 -0.053893 -0.075105
v 0.085735 -0.065505 -0.141281
v 0.111631 -0.063665 -0.164460
v 0.093891 -0.048865 -0.138430
v 0.037268 -0.025071 -0.070168
v -0.043065 0.001341 0.022037
v -0.125585 0.023293 0.113478
v -0.188179 0.034905 0.179654
v -0.172098 0.012342 0.199856
v -0.193300 0.027988 0.222592
v -0.112940 -0.012071 0.134004
v -0.031679 -0.038709 0.042682
v 0.049913 -0.060436 -0.049642
v 0.109972 -0.071428 -0.118228
v 0.132406 -0.068741 -0.144700
v 0.111203 -0.053095 -0.121964
v 0.052046 -0.028682 -0.056112
v -0.029216 -0.002044 0.035210
v -0.110807 0.019682 0.127533
v -0.170866 0.030675 0.196120
v -0.146706 0.023612 0.219405
v -0.171536 0.037648 0.239348
v -0.084893 0.000378 0.155598
v -0.002659 -0.025829 0.065024
v 0.077960 -0.047987 -0.028048
v 0.135364 -0.060158 -0.098679
v 0.154171 -0.059081 -0.127943
v 0.129341 -0.045045 -0.108000
v 0.067528 -0.021811 -0.044193
v -0.014706 0.004396 0.046381
v -0.095325 0.026553 0.139453
v -0.152729 0.038725 0.210084
v -0.126962 0.049055 0.230213
v -0.154612 0.059456 0.248612
v -0.063084 0.028481 0.167536
v 0.019905 0.003248 0.077375
v 0.099769 -0.019883 -0.016110
v 0.155108 -0.034715 -0.087871
v 0.171094 -0.037273 -0.118680
v 0.143443 -0.026872 -0.100281
v 0.079566 -0.006298 -0.037604
v -0.003424 0.018935 0.052557
v -0.083287 0.042066 0.146042
v -0.138627 0.056898 0.217803
v -0.118158 0.081854 0.229383
v -0.147066 0.087569 0.247900
v -0.053359 0.064710 0.166619
v 0.029967 0.040732 0.076427
v 0.109494 0.016346 -0.017027
v 0.163912 -0.001916 -0.088701
v 0.178640 -0.009160 -0.119391
v 0.149732 -0.003444 -0.100873
v 0.084934 0.013699 -0.038110
v 0.001607 0.037677 0.052082
v -0.077919 0.062064 0.145536
v -0.132337 0.080326 0.217211
v -0.122651 0.113219 0.217137
v -0.150918 0.114454 0.237404
v -0.058323 0.099356 0.153093
v 0.024832 0.076579 0.062432
v 0.104530 0.050992 -0.030553
v 0.159418 0.029450 -0.100947
v 0.174789 0.017725 -0.129887
v 0.146523 0.018960 -0.109620
v 0.082194 0.032823 -0.045576
v -0.000960 0.055600 0.045085
v -0.080659 0.081188 0.138070
v -0.135547 0.102730 0.208464
v 0.142436 -0.009348 -0.137326
v 0.139126 -0.019154 -0.137582
v 0.164618 -0.026980 -0.167396
v 0.167928 -0.017174 -0.167140
v 0.132630 -0.026331 -0.141252
v 0.158122 -0.034157 -0.171066
v 0.124689 -0.028957 -0.147353
v 0.150181 -0.036783 -0.177167
v 0.117430 -0.026327 -0.154250
v 0.142922 -0.034153 -0.184064
v 0.112798 -0.019147 -0.160095
v 0.138290 -0.026972 -0.189909
v 0.112034 -0.009339 -0.163322
v 0.137527 -0.017165 -0.193136
v 0.115344 0.000467 -0.163066
v 0.140836 -0.007359 -0.192880
v 0.121840 0.007644 -0.159396
v 0.147332 -0.000181 -0.189210
v 0.129781 0.010270 -0.153295
v 0.155273 0.002444 -0.183109
v 0.137040 0.007640 -0.146398
v 0.162532 -0.000186 -0.176212
v 0.141672 0.000460 -0.140553
v 0.167164 -0.007366 -0.170367
v -0.185534 -0.005939 0.010648
v -0.186519 -0.010836 0.012007
v -0.170883 -0.010518 0.024474
v -0.169898 -0.005621 0.023115
v -0.185834 -0.015914 0.011278
v -0.170198 -0.015597 0.023745
v -0.183664 -0.019815 0.008656
v -0.168028 -0.019497 0.021123
v -0.180590 -0.021491 0.004844
v -0.164954 -0.021173 0.017310
v -0.177436 -0.020494 0.000862
v -0.161800 -0.020177 0.013329
v -0.175047 -0.017092 -0.002222
v -0.159411 -0.016774 0.010245
v -0.174062 -0.012195 -0.003581
v -0.158426 -0.011877 0.008886
v -0.174747 -0.007116 -0.002852
v -0.159111 -0.006799 0.009615
v -0.176917 -0.003216 -0.000230
v -0.161281 -0.002898 0.012237
v -0.179991 -0.001540 0.003583
v -0.164355 -0.001222 0.016049
v -0.183145 -0.002536 0.007564
v -0.167509 -0.002219 0.020031
v 0.152338 0.028430 -0.058744
v 0.150498 0.031844 -0.061084
v 0.149597 0.030915 -0.061104
v 0.151174 0.027989 -0.059098
v 0.153593 0.028615 -0.059002
v 0.151560 0.032386 -0.061587
v 0.154602 0.028495 -0.059803
v 0.152499 0.032396 -0.062477
v 0.155095 0.028101 -0.060933
v 0.153062 0.031872 -0.063518
v 0.154940 0.027539 -0.062088
v 0.153100 0.030953 -0.064429
v 0.154178 0.026961 -0.062960
v 0.152601 0.029887 -0.064966
v 0.153014 0.026520 -0.063315
v 0.151700 0.028958 -0.064986
v 0.151760 0.026335 -0.063056
v 0.150638 0.028416 -0.064483
v 0.150751 0.026455 -0.062255
v 0.149700 0.028406 -0.063592
v 0.150258 0.026849 -0.061125
v 0.149136 0.028930 -0.062552
v 0.150413 0.027410 -0.059970
v 0.149099 0.029849 -0.061641
v 0.147346 0.033386 -0.063947
v 0.146895 0.032237 -0.063558
v 0.148078 0.034090 -0.064749
v 0.148896 0.034159 -0.065749
v 0.149580 0.033576 -0.066680
v 0.149947 0.032496 -0.067292
v 0.149899 0.031209 -0.067420
v 0.149448 0.030060 -0.067031
v 0.148716 0.029357 -0.066229
v 0.147898 0.029287 -0.065228
v 0.147214 0.029871 -0.064298
v 0.146847 0.030951 -0.063686
v 0.143725 0.032645 -0.066565
v 0.143792 0.031602 -0.065802
v 0.144079 0.033270 -0.067641
v 0.144758 0.033311 -0.068742
v 0.145581 0.032756 -0.069572
v 0.146327 0.031754 -0.069910
v 0.146796 0.030573 -0.069664
v 0.146862 0.029530 -0.068901
v 0.146509 0.028904 -0.067825
v 0.145829 0.028864 -0.066725
v 0.145006 0.029419 -0.065894
v 0.144261 0.030421 -0.065557
v 0.140607 0.029817 -0.068238
v 0.141119 0.029178 -0.067236
v 0.140635 0.030148 -0.069489
v 0.141194 0.030080 -0.070654
v 0.142137 0.029633 -0.071420
v 0.143209 0.028927 -0.071583
v 0.144123 0.028150 -0.071098
v 0.144635 0.027511 -0.070096
v 0.144607 0.027181 -0.068845
v 0.144047 0.027248 -0.067680
v 0.143105 0.027695 -0.066914
v 0.142033 0.028401 -0.066751
v 0.138826 0.025662 -0.068516
v 0.139593 0.025617 -0.067474
v 0.138668 0.025558 -0.069796
v 0.139160 0.025331 -0.070972
v 0.140170 0.025043 -0.071727
v 0.141428 0.024771 -0.071861
v 0.142597 0.024588 -0.071337
v 0.143363 0.024543 -0.070295
v 0.143522 0.024647 -0.069015
v 0.143030 0.024874 -0.067839
v 0.142020 0.025161 -0.067084
v 0.140762 0.025433 -0.066950
v 0.138861 0.021292 -0.067326
v 0.139622 0.021871 -0.066454
v 0.138706 0.020731 -0.068482
v 0.139199 0.020337 -0.069611
v 0.140208 0.020216 -0.070413
v 0.141462 0.020401 -0.070671
v 0.142626 0.020842 -0.070316
v 0.143388 0.021421 -0.069445
v 0.143543 0.021983 -0.068289
v 0.143050 0.022376 -0.067159
v 0.142041 0.022497 -0.066358
v 0.140786 0.022312 -0.066100
v 0.140701 0.017878 -0.064986
v 0.141199 0.018945 -0.064448
v 0.140738 0.016960 -0.065897
v 0.141302 0.016436 -0.066937
v 0.142240 0.016446 -0.067828
v 0.143302 0.016988 -0.068331
v 0.144203 0.017916 -0.068311
v 0.144702 0.018983 -0.067773
v 0.144664 0.019901 -0.066862
v 0.144101 0.020426 -0.065822
v 0.143162 0.020415 -0.064931
v 0.142100 0.019873 -0.064428
v 0.143853 0.016336 -0.062123
v 0.143901 0.017622 -0.061994
v 0.144220 0.015256 -0.062734
v 0.144905 0.014673 -0.063665
v 0.145722 0.014742 -0.064666
v 0.146455 0.015445 -0.065468
v 0.146906 0.016594 -0.065857
v 0.146954 0.017881 -0.065728
v 0.146587 0.018961 -0.065117
v 0.145902 0.019544 -0.064186
v 0.145085 0.019475 -0.063186
v 0.144352 0.018772 -0.062383
v 0.147474 0.017077 -0.059504
v 0.147005 0.018258 -0.059750
v 0.148220 0.016075 -0.059842
v 0.149042 0.015520 -0.060672
v 0.149722 0.015561 -0.061773
v 0.150075 0.016187 -0.062849
v 0.150009 0.017230 -0.063612
v 0.149540 0.018411 -0.063858
v 0.148794 0.019413 -0.063520
v 0.147971 0.019968 -0.062690
v 0.147292 0.019927 -0.061589
v 0.146938 0.019301 -0.060513
v 0.150592 0.019905 -0.057832
v 0.149678 0.020682 -0.058316
v 0.151664 0.019198 -0.057994
v 0.152606 0.018751 -0.058761
v 0.153166 0.018684 -0.059926
v 0.153194 0.019014 -0.061177
v 0.152682 0.019653 -0.062179
v 0.151767 0.020430 -0.062663
v 0.150695 0.021137 -0.062500
v 0.149753 0.021584 -0.061734
v 0.149193 0.021651 -0.060569
v 0.149166 0.021321 -0.059318
v 0.152372 0.024060 -0.057553
v 0.151204 0.024243 -0.058078
v 0.153631 0.023788 -0.057687
v 0.154641 0.023500 -0.058443
v 0.155133 0.023274 -0.059618
v 0.154974 0.023169 -0.060898
v 0.154208 0.023215 -0.061940
v 0.153039 0.023398 -0.062464
v 0.151781 0.023670 -0.062331
v 0.150771 0.023958 -0.061575
v 0.150279 0.024184 -0.060400
v 0.150437 0.024289 -0.059119
v -0.164769 0.142334 0.225048
v -0.190114 0.146822 0.202879
v -0.191989 0.138239 0.207003
v -0.170265 0.134391 0.226005
v -0.157614 0.147113 0.220557
v -0.185610 0.152071 0.196070
v -0.150718 0.147449 0.213737
v -0.179683 0.152579 0.188401
v -0.145927 0.143252 0.206413
v -0.173922 0.148210 0.181926
v -0.144526 0.135646 0.200550
v -0.169871 0.140134 0.178381
v -0.146890 0.126669 0.197717
v -0.168614 0.130516 0.178715
v -0.152386 0.118726 0.198674
v -0.170489 0.121932 0.182839
v -0.159541 0.113947 0.203164
v -0.174994 0.116683 0.189648
v -0.166437 0.113611 0.209985
v -0.180920 0.116176 0.197317
v -0.171228 0.117808 0.217308
v -0.186681 0.120545 0.203792
v -0.172629 0.125414 0.223172
v -0.190733 0.128620 0.207337
v -0.216039 0.134241 0.184891
v -0.214211 0.127454 0.191585
v -0.214246 0.138174 0.176201
v -0.209312 0.138200 0.167844
v -0.202558 0.134313 0.162057
v -0.195796 0.127553 0.160393
v -0.190836 0.119732 0.163297
v -0.189007 0.112946 0.169991
v -0.190800 0.109012 0.178681
v -0.195734 0.108986 0.187038
v -0.202488 0.112874 0.192825
v -0.209250 0.119634 0.194489
v -0.235598 0.107960 0.175904
v -0.230975 0.104928 0.183882
v -0.235850 0.109145 0.166274
v -0.231664 0.108165 0.157573
v -0.224162 0.105284 0.152130
v -0.215354 0.101272 0.151406
v -0.207600 0.097206 0.155594
v -0.202977 0.094174 0.163571
v -0.202725 0.092989 0.173201
v -0.206911 0.093969 0.181903
v -0.214413 0.096850 0.187345
v -0.223221 0.100862 0.188069
v -0.243549 0.075023 0.178326
v -0.237790 0.076696 0.185957
v -0.244633 0.072763 0.168949
v -0.240751 0.070523 0.160340
v -0.232945 0.068902 0.154805
v -0.223305 0.068335 0.153828
v -0.214415 0.068974 0.157670
v -0.208657 0.070647 0.165301
v -0.207573 0.072907 0.174678
v -0.211454 0.075147 0.183287
v -0.219261 0.076768 0.188822
v -0.228900 0.077335 0.189799
v -0.237762 0.044254 0.191507
v -0.232830 0.050323 0.197256
v -0.238241 0.038776 0.183509
v -0.234138 0.035358 0.175405
v -0.226553 0.034915 0.169365
v -0.217519 0.037566 0.167009
v -0.209455 0.042600 0.168968
v -0.204524 0.048669 0.174716
v -0.204045 0.054147 0.182715
v -0.208148 0.057565 0.190819
v -0.215732 0.058008 0.196859
v -0.224767 0.055357 0.199215
v -0.219789 0.023898 0.211917
v -0.217424 0.032875 0.214750
v -0.218387 0.016292 0.206053
v -0.213597 0.012094 0.198730
v -0.206700 0.012431 0.191909
v -0.199545 0.017210 0.187419
v -0.194049 0.025152 0.186462
v -0.191685 0.034129 0.189295
v -0.193086 0.041736 0.195158
v -0.197877 0.045933 0.202482
v -0.204774 0.045597 0.209302
v -0.211929 0.040817 0.213793
v -0.194444 0.019410 0.234086
v -0.195700 0.029028 0.233751
v -0.190392 0.011334 0.230540
v -0.184631 0.006965 0.224066
v -0.178704 0.007473 0.216396
v -0.174200 0.012722 0.209587
v -0.172325 0.021305 0.205463
v -0.173582 0.030923 0.205129
v -0.177633 0.038999 0.208675
v -0.183394 0.043368 0.215149
v -0.189321 0.042860 0.222819
v -0.193825 0.037611 0.229628
v -0.168519 0.031991 0.252073
v -0.173479 0.039812 0.249170
v -0.161756 0.025231 0.250409
v -0.155003 0.021344 0.244623
v -0.150068 0.021370 0.236265
v -0.148275 0.025303 0.227575
v -0.150104 0.032089 0.220882
v -0.155064 0.039910 0.217978
v -0.161827 0.046670 0.219642
v -0.168580 0.050558 0.225428
v -0.173514 0.050532 0.233786
v -0.175307 0.046598 0.242476
v -0.148960 0.058272 0.261060
v -0.156714 0.062338 0.256873
v -0.140152 0.054260 0.260336
v -0.132650 0.051378 0.254894
v -0.128465 0.050399 0.246192
v -0.128717 0.051584 0.236562
v -0.133339 0.054616 0.228585
v -0.141094 0.058682 0.224397
v -0.149902 0.062694 0.225122
v -0.157404 0.065575 0.230564
v -0.161589 0.066555 0.239266
v -0.161337 0.065370 0.248895
v -0.141009 0.091209 0.258639
v -0.149899 0.090570 0.254797
v -0.131369 0.090642 0.257661
v -0.123563 0.089021 0.252126
v -0.119682 0.086781 0.243517
v -0.120765 0.084521 0.234141
v -0.126524 0.082848 0.226509
v -0.135414 0.082209 0.222667
v -0.145054 0.082776 0.223645
v -0.152860 0.084397 0.229180
v -0.156741 0.086637 0.237789
v -0.155658 0.088897 0.247166
v -0.146796 0.121978 0.245457
v -0.154859 0.116944 0.243499
v -0.137761 0.124629 0.243101
v -0.130176 0.124186 0.237062
v -0.126073 0.120767 0.228957
v -0.126552 0.115290 0.220959
v -0.131484 0.109221 0.215211
v -0.139547 0.104186 0.213252
v -0.148582 0.101536 0.215608
v -0.156167 0.101979 0.221648
v -0.160269 0.105397 0.229752
v -0.159791 0.110875 0.237750
vt -0.136009 0.072842
vt -0.136079 0.073290
vt -0.135950 0.073277
vt -0.135890 0.072893
vt -0.161205 0.006968
vt -0.161474 0.007389
vt -0.161354 0.007438
vt -0.161110 0.007056
vt -0.140534 -0.004988
vt -0.140889 -0.004611
vt -0.140789 -0.004528
vt -0.140446 -0.004893
vt -0.103072 0.028014
vt -0.103426 0.028368
vt -0.103341 0.028466
vt -0.102975 0.028100
vt -0.047123 0.081095
vt -0.047407 0.081448
vt -0.047322 0.081547
vt -0.047009 0.081157
vt 0.041055 0.114980
vt 0.040916 0.115343
vt 0.041022 0.115418
vt 0.041183 0.114995
vt 0.135904 0.072924
vt 0.135953 0.073244
vt 0.136082 0.073257
vt 0.136023 0.072873
vt 0.161172 0.007122
vt 0.161320 0.007355
vt 0.161440 0.007306
vt 0.161266 0.007033
vt 0.140535 -0.004810
vt 0.140712 -0.004622
vt 0.140812 -0.004704
vt 0.140623 -0.004905
vt 0.103055 0.028191
vt 0.103250 0.028386
vt 0.103335 0.028288
vt 0.103152 0.028106
vt 0.047052 0.081236
vt 0.047254 0.081488
vt 0.047339 0.081390
vt 0.047166 0.081174
vt -0.041180 0.115028
vt -0.041041 0.115391
vt -0.040936 0.115316
vt -0.041051 0.115014
vt -0.134072 0.081958
vt -0.133908 0.082380
vt -0.133803 0.082305
vt -0.133943 0.081943
vt -0.154617 -0.028115
vt -0.154793 -0.027647
vt -0.154665 -0.027624
vt -0.154506 -0.028048
vt -0.099847 -0.061522
vt -0.100216 -0.061159
vt -0.100119 -0.061073
vt -0.099762 -0.061424
vt -0.048976 -0.020088
vt -0.049382 -0.019796
vt -0.049313 -0.019686
vt -0.048893 -0.019988
vt -0.001732 0.046106
vt -0.002101 0.046367
vt -0.002047 0.046485
vt -0.001639 0.046196
vt 0.055925 0.099556
vt 0.055644 0.099823
vt 0.055707 0.099936
vt 0.056035 0.099624
vt 0.133939 0.081976
vt 0.133823 0.082277
vt 0.133928 0.082353
vt 0.134068 0.081991
vt 0.154552 -0.027971
vt 0.154649 -0.027713
vt 0.154777 -0.027735
vt 0.154663 -0.028038
vt 0.099854 -0.061345
vt 0.100038 -0.061163
vt 0.100135 -0.061249
vt 0.099938 -0.061443
vt 0.048987 -0.019911
vt 0.049211 -0.019750
vt 0.049279 -0.019859
vt 0.049069 -0.020011
vt 0.001702 0.046260
vt 0.001966 0.046447
vt 0.002020 0.046330
vt 0.001794 0.046170
vt -0.056017 0.099652
vt -0.055736 0.099920
vt -0.055673 0.099807
vt -0.055907 0.099584
vt -0.118251 0.103146
vt -0.117869 0.103389
vt -0.117829 0.103266
vt -0.118157 0.103057
vt -0.140232 -0.072849
vt -0.140329 -0.072358
vt -0.140200 -0.072357
vt -0.140112 -0.072801
vt -0.014501 -0.120319
vt -0.014957 -0.120074
vt -0.014888 -0.119964
vt -0.014448 -0.120201
vt 0.027563 -0.057520
vt 0.027088 -0.057363
vt 0.027120 -0.057237
vt 0.027611 -0.057400
vt 0.051871 0.019988
vt 0.051436 0.020114
vt 0.051449 0.020243
vt 0.051929 0.020103
vt 0.076376 0.086528
vt 0.076009 0.086654
vt 0.076019 0.086783
vt 0.076447 0.086636
vt 0.118134 0.103082
vt 0.117861 0.103256
vt 0.117901 0.103379
vt 0.118229 0.103170
vt 0.140145 -0.072718
vt 0.140198 -0.072447
vt 0.140328 -0.072448
vt 0.140265 -0.072766
vt 0.014558 -0.120151
vt 0.014786 -0.120029
vt 0.014855 -0.120138
vt 0.014611 -0.120269
vt -0.027499 -0.057354
vt -0.027237 -0.057268
vt -0.027205 -0.057393
vt -0.027451 -0.057474
vt -0.051849 0.020144
vt -0.051538 0.020234
vt -0.051526 0.020105
vt -0.051791 0.020028
vt -0.076419 0.086655
vt -0.076052 0.086781
vt -0.076042 0.086652
vt -0.076348 0.086547
vt -0.084409 0.128177
vt -0.083962 0.128101
vt -0.084015 0.127983
vt -0.084398 0.128048
vt 0.144106 0.074774
vt 0.143996 0.074286
vt 0.143877 0.074337
vt 0.143977 0.074779
vt 0.119969 -0.084570
vt 0.119458 -0.084654
vt 0.119446 -0.084525
vt 0.119940 -0.084444
vt 0.109596 -0.045589
vt 0.109098 -0.045637
vt 0.109077 -0.045509
vt 0.109592 -0.045460
vt 0.103809 0.014755
vt 0.103358 0.014717
vt 0.103324 0.014842
vt 0.103822 0.014884
vt 0.097647 0.077980
vt 0.097260 0.077943
vt 0.097216 0.078065
vt 0.097667 0.078108
vt 0.084364 0.128051
vt 0.084045 0.127997
vt 0.083993 0.128115
vt 0.084375 0.128180
vt -0.143974 0.074689
vt -0.143913 0.074420
vt -0.144032 0.074369
vt -0.144103 0.074684
vt -0.119822 -0.084471
vt -0.119567 -0.084513
vt -0.119579 -0.084642
vt -0.119851 -0.084597
vt -0.109471 -0.045463
vt -0.109196 -0.045490
vt -0.109217 -0.045617
vt -0.109475 -0.045592
vt -0.103733 0.014893
vt -0.103410 0.014866
vt -0.103445 0.014741
vt -0.103720 0.014764
vt -0.097634 0.078113
vt -0.097248 0.078076
vt -0.097292 0.077954
vt -0.097614 0.077985
vt -0.050480 0.136954
vt -0.050187 0.136608
vt -0.050304 0.136552
vt -0.050554 0.136848
vt 0.111852 0.112129
vt 0.111723 0.111646
vt 0.111606 0.111701
vt 0.111723 0.112139
vt 0.161441 0.016387
vt 0.161034 0.016068
vt 0.160961 0.016175
vt 0.161355 0.016483
vt 0.154985 -0.001517
vt 0.154540 -0.001746
vt 0.154473 -0.001635
vt 0.154934 -0.001398
vt 0.140668 0.023149
vt 0.140259 0.022956
vt 0.140183 0.023061
vt 0.140636 0.023274
vt 0.115846 0.073620
vt 0.115510 0.073426
vt 0.115419 0.073519
vt 0.115812 0.073745
vt 0.050527 0.136829
vt 0.050318 0.136582
vt 0.050202 0.136638
vt 0.050452 0.136935
vt -0.111716 0.112049
vt -0.111644 0.111783
vt -0.111761 0.111727
vt -0.111845 0.112039
vt -0.161265 0.016402
vt -0.161061 0.016243
vt -0.161134 0.016136
vt -0.161351 0.016306
vt -0.154823 -0.001446
vt -0.154577 -0.001573
vt -0.154644 -0.001683
vt -0.154874 -0.001565
vt -0.140549 0.023251
vt -0.140256 0.023114
vt -0.140332 0.023009
vt -0.140582 0.023126
vt -0.115780 0.073736
vt -0.115443 0.073542
vt -0.115534 0.073450
vt -0.115814 0.073611
vt -0.035985 0.129504
vt -0.035929 0.129054
vt -0.036058 0.129071
vt -0.036105 0.129456
vt 0.083740 0.107280
vt 0.083523 0.106829
vt 0.083419 0.106906
vt 0.083615 0.107314
vt 0.141086 0.049801
vt 0.140731 0.049424
vt 0.140643 0.049519
vt 0.140986 0.049883
vt 0.159618 0.018660
vt 0.159239 0.018333
vt 0.159148 0.018425
vt 0.159540 0.018763
vt 0.158049 0.025089
vt 0.157717 0.024781
vt 0.157613 0.024858
vt 0.157980 0.025198
vt 0.128569 0.072041
vt 0.128346 0.071723
vt 0.128225 0.071769
vt 0.128486 0.072139
vt 0.036093 0.129425
vt 0.036053 0.129104
vt 0.035925 0.129087
vt 0.035973 0.129472
vt -0.083592 0.107227
vt -0.083472 0.106978
vt -0.083577 0.106902
vt -0.083717 0.107193
vt -0.140909 0.049790
vt -0.140732 0.049601
vt -0.140820 0.049506
vt -0.141009 0.049707
vt -0.159443 0.018690
vt -0.159234 0.018510
vt -0.159325 0.018418
vt -0.159521 0.018587
vt -0.157904 0.025150
vt -0.157666 0.024930
vt -0.157770 0.024853
vt -0.157973 0.025041
vt -0.128460 0.072118
vt -0.128237 0.071800
vt -0.128358 0.071755
vt -0.128544 0.072019
vt -0.039608 0.114878
vt -0.039770 0.114455
vt -0.039875 0.114530
vt -0.039737 0.114892
vt 0.048193 0.080847
vt 0.047880 0.080457
vt 0.047796 0.080555
vt 0.048079 0.080908
vt 0.103683 0.028123
vt 0.103317 0.027757
vt 0.103232 0.027855
vt 0.103586 0.028208
vt 0.140625 -0.004374
vt 0.140282 -0.004738
vt 0.140182 -0.004656
vt 0.140537 -0.004279
vt 0.160627 0.007903
vt 0.160383 0.007521
vt 0.160263 0.007570
vt 0.160533 0.007991
vt 0.134702 0.073470
vt 0.134643 0.073086
vt 0.134514 0.073073
vt 0.134583 0.073521
vt 0.039741 0.114859
vt 0.039856 0.114557
vt 0.039750 0.114482
vt 0.039612 0.114845
vt -0.048037 0.080829
vt -0.047864 0.080613
vt -0.047948 0.080515
vt -0.048151 0.080767
vt -0.103506 0.028117
vt -0.103323 0.027934
vt -0.103408 0.027837
vt -0.103603 0.028032
vt -0.140448 -0.004361
vt -0.140259 -0.004562
vt -0.140359 -0.004644
vt -0.140536 -0.004456
vt -0.160471 0.007926
vt -0.160297 0.007653
vt -0.160417 0.007604
vt -0.160566 0.007837
vt -0.134570 0.073490
vt -0.134511 0.073106
vt -0.134639 0.073119
vt -0.134689 0.073439
vt -0.054664 0.098840
vt -0.054992 0.098528
vt -0.055055 0.098641
vt -0.054774 0.098908
vt 0.002693 0.045573
vt 0.002284 0.045284
vt 0.002230 0.045401
vt 0.002600 0.045663
vt 0.049596 -0.020079
vt 0.049176 -0.020381
vt 0.049108 -0.020271
vt 0.049514 -0.019979
vt 0.099960 -0.060912
vt 0.099604 -0.061263
vt 0.099507 -0.061177
vt 0.099876 -0.060814
vt 0.153857 -0.027321
vt 0.153698 -0.027745
vt 0.153571 -0.027722
vt 0.153746 -0.027254
vt 0.132626 0.081849
vt 0.132766 0.081487
vt 0.132661 0.081412
vt 0.132497 0.081834
vt 0.054791 0.098880
vt 0.055026 0.098657
vt 0.054963 0.098544
vt 0.054681 0.098811
vt -0.002537 0.045598
vt -0.002312 0.045439
vt -0.002366 0.045321
vt -0.002630 0.045508
vt -0.049420 -0.020056
vt -0.049210 -0.020207
vt -0.049279 -0.020317
vt -0.049503 -0.020156
vt -0.099784 -0.060893
vt -0.099587 -0.061086
vt -0.099684 -0.061172
vt -0.099869 -0.060991
vt -0.153700 -0.027331
vt -0.153586 -0.027634
vt -0.153714 -0.027656
vt -0.153811 -0.027398
vt -0.132501 0.081801
vt -0.132641 0.081439
vt -0.132746 0.081514
vt -0.132629 0.081816
vt -0.075528 0.085352
vt -0.075956 0.085205
vt -0.075966 0.085334
vt -0.075599 0.085460
vt -0.051136 0.019170
vt -0.051617 0.019030
vt -0.051629 0.019159
vt -0.051195 0.019286
vt -0.026968 -0.057697
vt -0.027459 -0.057859
vt -0.027492 -0.057734
vt -0.027017 -0.057577
vt 0.014781 -0.119765
vt 0.014341 -0.120002
vt 0.014272 -0.119893
vt 0.014728 -0.119647
vt 0.139353 -0.072189
vt 0.139265 -0.072633
vt 0.139136 -0.072632
vt 0.139233 -0.072141
vt 0.117150 0.102202
vt 0.117477 0.101993
vt 0.117437 0.101870
vt 0.117056 0.102114
vt 0.075627 0.085442
vt 0.075933 0.085337
vt 0.075923 0.085208
vt 0.075556 0.085334
vt 0.051275 0.019245
vt 0.051540 0.019168
vt 0.051527 0.019039
vt 0.051216 0.019130
vt 0.027129 -0.057623
vt 0.027375 -0.057704
vt 0.027342 -0.057829
vt 0.027080 -0.057743
vt -0.014618 -0.119697
vt -0.014374 -0.119828
vt -0.014443 -0.119938
vt -0.014671 -0.119815
vt -0.139200 -0.072225
vt -0.139137 -0.072542
vt -0.139266 -0.072543
vt -0.139320 -0.072273
vt -0.117078 0.102089
vt -0.117406 0.101880
vt -0.117446 0.102003
vt -0.117173 0.102177
vt -0.097361 0.076558
vt -0.097811 0.076602
vt -0.097767 0.076723
vt -0.097381 0.076686
vt -0.103416 0.013729
vt -0.103915 0.013770
vt -0.103881 0.013895
vt -0.103429 0.013858
vt -0.109123 -0.045991
vt -0.109638 -0.045941
vt -0.109617 -0.045814
vt -0.109119 -0.045862
vt -0.119410 -0.084302
vt -0.119903 -0.084221
vt -0.119891 -0.084092
vt -0.119380 -0.084176
vt -0.143035 0.074528
vt -0.143135 0.074970
vt -0.143016 0.075021
vt -0.142906 0.074533
vt 0.084226 0.126739
vt 0.084609 0.126804
vt 0.084662 0.126686
vt 0.084215 0.126610
vt 0.097414 0.076681
vt 0.097736 0.076712
vt 0.097780 0.076590
vt 0.097394 0.076553
vt 0.103519 0.013848
vt 0.103794 0.013871
vt 0.103828 0.013747
vt 0.103506 0.013720
vt 0.109240 -0.045858
vt 0.109498 -0.045833
vt 0.109519 -0.045961
vt 0.109244 -0.045988
vt 0.119498 -0.084148
vt 0.119770 -0.084104
vt 0.119783 -0.084233
vt 0.119527 -0.084274
vt 0.142909 0.074622
vt 0.142981 0.074938
vt 0.143100 0.074887
vt 0.143039 0.074617
vt -0.084249 0.126607
vt -0.084631 0.126672
vt -0.084579 0.126790
vt -0.084260 0.126736
vt -0.116175 0.072208
vt -0.116567 0.072434
vt -0.116477 0.072526
vt -0.116140 0.072332
vt -0.140658 0.022050
vt -0.141111 0.022263
vt -0.141035 0.022368
vt -0.140625 0.022175
vt -0.154694 -0.002065
vt -0.155155 -0.001829
vt -0.155088 -0.001718
vt -0.154643 -0.001947
vt -0.160821 0.016353
vt -0.161215 0.016661
vt -0.161143 0.016768
vt -0.160735 0.016449
vt -0.110772 0.111924
vt -0.110889 0.112362
vt -0.110772 0.112417
vt -0.110643 0.111934
vt 0.051268 0.135737
vt 0.051518 0.136033
vt 0.051635 0.135977
vt 0.051342 0.135631
vt 0.116172 0.072341
vt 0.116453 0.072503
vt 0.116543 0.072410
vt 0.116207 0.072217
vt 0.140712 0.022198
vt 0.140962 0.022315
vt 0.141038 0.022210
vt 0.140745 0.022073
vt 0.154754 -0.001899
vt 0.154985 -0.001781
vt 0.155051 -0.001891
vt 0.154806 -0.002018
vt 0.160825 0.016530
vt 0.161042 0.016700
vt 0.161115 0.016593
vt 0.160912 0.016433
vt 0.110650 0.112024
vt 0.110733 0.112336
vt 0.110850 0.112281
vt 0.110779 0.112014
vt -0.051370 0.135650
vt -0.051620 0.135947
vt -0.051504 0.136003
vt -0.051295 0.135756
vt -0.129462 0.070898
vt -0.129723 0.071268
vt -0.129602 0.071314
vt -0.129378 0.070997
vt -0.158373 0.024039
vt -0.158739 0.024379
vt -0.158635 0.024456
vt -0.158303 0.024148
vt -0.159465 0.018059
vt -0.159856 0.018397
vt -0.159765 0.018489
vt -0.159387 0.018162
vt -0.140479 0.049674
vt -0.140822 0.050038
vt -0.140734 0.050133
vt -0.140379 0.049756
vt -0.082642 0.107280
vt -0.082838 0.107688
vt -0.082734 0.107764
vt -0.082517 0.107313
vt 0.037310 0.128915
vt 0.037358 0.129300
vt 0.037487 0.129317
vt 0.037431 0.128867
vt 0.129404 0.071018
vt 0.129590 0.071283
vt 0.129711 0.071237
vt 0.129487 0.070920
vt 0.158379 0.024196
vt 0.158582 0.024384
vt 0.158686 0.024307
vt 0.158449 0.024087
vt 0.159483 0.018235
vt 0.159679 0.018404
vt 0.159770 0.018312
vt 0.159561 0.018131
vt 0.140455 0.049849
vt 0.140645 0.050050
vt 0.140733 0.049956
vt 0.140556 0.049767
vt 0.082540 0.107400
vt 0.082680 0.107692
vt 0.082785 0.107615
vt 0.082665 0.107367
vt -0.037443 0.128898
vt -0.037491 0.129284
vt -0.037363 0.129267
vt -0.037323 0.128946
vt 0.111408 0.070537
vt 0.111855 0.070603
vt 0.111842 0.070475
vt 0.111458 0.070418
vt 0.119557 0.015391
vt 0.120053 0.015457
vt 0.120046 0.015328
vt 0.119597 0.015268
vt 0.127376 -0.033040
vt 0.127887 -0.032958
vt 0.127899 -0.033087
vt 0.127405 -0.033166
vt 0.141169 -0.053443
vt 0.141649 -0.053303
vt 0.141694 -0.053425
vt 0.141197 -0.053570
vt 0.066667 0.146118
vt 0.066535 0.146552
vt 0.066650 0.146611
vt 0.066795 0.146132
vt -0.094880 0.119102
vt -0.095257 0.119194
vt -0.095259 0.119324
vt -0.094819 0.119215
vt -0.111489 0.070431
vt -0.111809 0.070478
vt -0.111822 0.070607
vt -0.111438 0.070550
vt -0.119682 0.015296
vt -0.119956 0.015332
vt -0.119963 0.015462
vt -0.119642 0.015419
vt -0.127523 -0.033139
vt -0.127778 -0.033098
vt -0.127767 -0.032969
vt -0.127494 -0.033012
vt -0.141315 -0.053544
vt -0.141580 -0.053466
vt -0.141536 -0.053345
vt -0.141287 -0.053417
vt -0.066785 0.146222
vt -0.066692 0.146531
vt -0.066577 0.146472
vt -0.066657 0.146207
vt 0.094849 0.119231
vt 0.095225 0.119324
vt 0.095224 0.119195
vt 0.094910 0.119117
vt 0.093088 0.078566
vt 0.093522 0.078436
vt 0.093455 0.078325
vt 0.093083 0.078436
vt 0.073318 0.016140
vt 0.073802 0.016012
vt 0.073746 0.015895
vt 0.073308 0.016011
vt 0.051660 -0.058315
vt 0.052154 -0.058469
vt 0.052107 -0.058590
vt 0.051630 -0.058440
vt 0.008220 -0.122849
vt 0.008658 -0.123091
vt 0.008603 -0.123209
vt 0.008150 -0.122957
vt -0.145184 -0.057264
vt -0.145214 -0.057716
vt -0.145343 -0.057731
vt -0.145310 -0.057232
vt -0.123476 0.096053
vt -0.123823 0.095878
vt -0.123908 0.095975
vt -0.123504 0.096180
vt -0.093117 0.078435
vt -0.093427 0.078343
vt -0.093494 0.078454
vt -0.093122 0.078564
vt -0.073398 0.016005
vt -0.073665 0.015934
vt -0.073720 0.016051
vt -0.073408 0.016134
vt -0.051747 -0.058469
vt -0.051994 -0.058546
vt -0.052041 -0.058426
vt -0.051778 -0.058343
vt -0.008252 -0.123023
vt -0.008493 -0.123157
vt -0.008548 -0.123040
vt -0.008322 -0.122915
vt 0.145332 -0.057319
vt 0.145353 -0.057642
vt 0.145225 -0.057627
vt 0.145207 -0.057351
vt 0.123537 0.096173
vt 0.123883 0.095997
vt 0.123798 0.095900
vt 0.123509 0.096046
vt 0.074896 0.091259
vt 0.075233 0.090957
vt 0.075126 0.090886
vt 0.074836 0.091144
vt 0.022498 0.040381
vt 0.022906 0.040092
vt 0.022813 0.040002
vt 0.022443 0.040264
vt -0.025728 -0.025696
vt -0.025316 -0.026008
vt -0.025400 -0.026106
vt -0.025799 -0.025804
vt -0.083388 -0.068250
vt -0.083054 -0.068622
vt -0.083144 -0.068715
vt -0.083490 -0.068330
vt -0.149618 -0.030694
vt -0.149513 -0.031134
vt -0.149631 -0.031187
vt -0.149747 -0.030701
vt -0.138351 0.075490
vt -0.138526 0.075144
vt -0.138653 0.075172
vt -0.138448 0.075576
vt -0.074866 0.091129
vt -0.075107 0.090913
vt -0.075215 0.090985
vt -0.074925 0.091244
vt -0.022525 0.040226
vt -0.022750 0.040066
vt -0.022843 0.040156
vt -0.022579 0.040344
vt 0.025698 -0.025870
vt 0.025492 -0.026026
vt 0.025407 -0.025929
vt 0.025627 -0.025762
vt 0.083415 -0.068425
vt 0.083231 -0.068631
vt 0.083140 -0.068538
vt 0.083313 -0.068345
vt 0.149743 -0.030790
vt 0.149668 -0.031105
vt 0.149549 -0.031052
vt 0.149614 -0.030784
vt 0.138470 0.075551
vt 0.138645 0.075204
vt 0.138519 0.075177
vt 0.138373 0.075465
vt 0.061387 0.106736
vt 0.061558 0.106317
vt 0.061430 0.106299
vt 0.061283 0.106659
vt -0.021177 0.078825
vt -0.020873 0.078427
vt -0.020988 0.078369
vt -0.021263 0.078729
vt -0.081370 0.028102
vt -0.081022 0.027719
vt -0.081124 0.027638
vt -0.081460 0.028009
vt -0.126951 -0.006308
vt -0.126634 -0.006696
vt -0.126728 -0.006784
vt -0.127056 -0.006383
vt -0.157028 0.003797
vt -0.156820 0.003395
vt -0.156922 0.003315
vt -0.157152 0.003760
vt -0.141551 0.066236
vt -0.141526 0.065849
vt -0.141649 0.065808
vt -0.141678 0.066260
vt -0.061303 0.106632
vt -0.061426 0.106333
vt -0.061554 0.106350
vt -0.061406 0.106709
vt 0.021197 0.078669
vt 0.021029 0.078449
vt 0.020913 0.078508
vt 0.021110 0.078765
vt 0.081373 0.027925
vt 0.081199 0.027733
vt 0.081097 0.027813
vt 0.081283 0.028018
vt 0.126986 -0.006482
vt 0.126811 -0.006696
vt 0.126717 -0.006607
vt 0.126880 -0.006407
vt 0.157126 0.003673
vt 0.156977 0.003386
vt 0.156875 0.003465
vt 0.157002 0.003711
vt 0.141685 0.066227
vt 0.141659 0.065840
vt 0.141536 0.065880
vt 0.141557 0.066203
vt 0.057642 0.120675
vt 0.057598 0.120225
vt 0.057476 0.120269
vt 0.057514 0.120655
vt -0.054487 0.113557
vt -0.054293 0.113096
vt -0.054420 0.113068
vt -0.054595 0.113486
vt -0.121899 0.063063
vt -0.121573 0.062662
vt -0.121679 0.062587
vt -0.121994 0.062975
vt -0.151647 0.026671
vt -0.151295 0.026316
vt -0.151380 0.026219
vt -0.151745 0.026586
vt -0.159058 0.024429
vt -0.158751 0.024096
vt -0.158829 0.023992
vt -0.159168 0.024360
vt -0.137500 0.064309
vt -0.137301 0.063976
vt -0.137392 0.063884
vt -0.137624 0.064272
vt -0.057519 0.120623
vt -0.057488 0.120301
vt -0.057609 0.120256
vt -0.057647 0.120642
vt 0.054546 0.113411
vt 0.054439 0.113156
vt 0.054312 0.113184
vt 0.054437 0.113482
vt 0.121912 0.062887
vt 0.121749 0.062686
vt 0.121643 0.062760
vt 0.121817 0.062975
vt 0.151666 0.026495
vt 0.151471 0.026299
vt 0.151386 0.026396
vt 0.151568 0.026580
vt 0.159120 0.024284
vt 0.158901 0.024046
vt 0.158823 0.024150
vt 0.159010 0.024353
vt 0.137615 0.064240
vt 0.137415 0.063907
vt 0.137324 0.063999
vt 0.137490 0.064277
vt 0.068909 0.126900
vt 0.068631 0.126543
vt 0.068552 0.126645
vt 0.068790 0.126951
vt -0.077244 0.132232
vt -0.077168 0.131737
vt -0.077297 0.131741
vt -0.077367 0.132189
vt -0.152738 0.047726
vt -0.152369 0.047364
vt -0.152465 0.047278
vt -0.152822 0.047628
vt -0.158410 0.014811
vt -0.157985 0.014548
vt -0.158045 0.014433
vt -0.158485 0.014706
vt -0.149086 0.024889
vt -0.148690 0.024670
vt -0.148731 0.024547
vt -0.149169 0.024790
vt -0.127461 0.065491
vt -0.127137 0.065276
vt -0.127180 0.065154
vt -0.127557 0.065404
vt -0.068777 0.126921
vt -0.068578 0.126666
vt -0.068657 0.126563
vt -0.068896 0.126869
vt 0.077337 0.132104
vt 0.077295 0.131831
vt 0.077165 0.131827
vt 0.077215 0.132147
vt 0.152730 0.047549
vt 0.152546 0.047368
vt 0.152449 0.047454
vt 0.152646 0.047647
vt 0.158387 0.014635
vt 0.158152 0.014490
vt 0.158092 0.014604
vt 0.158312 0.014741
vt 0.149099 0.024732
vt 0.148816 0.024576
vt 0.148775 0.024698
vt 0.149017 0.024832
vt 0.127534 0.065380
vt 0.127211 0.065165
vt 0.127169 0.065287
vt 0.127438 0.065466
vt 0.095621 0.117854
vt 0.095181 0.117746
vt 0.095182 0.117876
vt 0.095559 0.117968
vt -0.065581 0.146288
vt -0.065726 0.145809
vt -0.065841 0.145868
vt -0.065710 0.146302
vt -0.141558 -0.052960
vt -0.141061 -0.053105
vt -0.141106 -0.053227
vt -0.141586 -0.053087
vt -0.127935 -0.033310
vt -0.127441 -0.033389
vt -0.127453 -0.033518
vt -0.127964 -0.033436
vt -0.120160 0.014472
vt -0.119711 0.014412
vt -0.119705 0.014283
vt -0.120200 0.014350
vt -0.112028 0.069226
vt -0.111644 0.069169
vt -0.111630 0.069040
vt -0.112078 0.069107
vt -0.095530 0.117953
vt -0.095216 0.117875
vt -0.095214 0.117746
vt -0.095591 0.117839
vt 0.065719 0.146213
vt 0.065799 0.145948
vt 0.065684 0.145889
vt 0.065591 0.146198
vt 0.141468 -0.053113
vt 0.141219 -0.053185
vt 0.141175 -0.053064
vt 0.141440 -0.052986
vt 0.127846 -0.033463
vt 0.127573 -0.033506
vt 0.127561 -0.033378
vt 0.127817 -0.033337
vt 0.120115 0.014321
vt 0.119794 0.014279
vt 0.119801 0.014408
vt 0.120075 0.014444
vt 0.112047 0.069094
vt 0.111663 0.069037
vt 0.111677 0.069165
vt 0.111997 0.069213
vt 0.123225 0.094625
vt 0.122821 0.094830
vt 0.122906 0.094927
vt 0.123253 0.094752
vt 0.144228 -0.057806
vt 0.144195 -0.057306
vt 0.144323 -0.057322
vt 0.144353 -0.057774
vt -0.008838 -0.122785
vt -0.008385 -0.122534
vt -0.008330 -0.122651
vt -0.008767 -0.122894
vt -0.052039 -0.058806
vt -0.051562 -0.058656
vt -0.051515 -0.058777
vt -0.052009 -0.058931
vt -0.073525 0.015061
vt -0.073087 0.015177
vt -0.073032 0.015060
vt -0.073516 0.014932
vt -0.093095 0.077116
vt -0.092723 0.077226
vt -0.092656 0.077116
vt -0.093090 0.076986
vt -0.123220 0.094759
vt -0.122932 0.094905
vt -0.122846 0.094808
vt -0.123192 0.094632
vt -0.144331 -0.057687
vt -0.144313 -0.057411
vt -0.144184 -0.057396
vt -0.144206 -0.057719
vt 0.008666 -0.122828
vt 0.008439 -0.122703
vt 0.008494 -0.122586
vt 0.008736 -0.122719
vt 0.051891 -0.058903
vt 0.051628 -0.058820
vt 0.051675 -0.058700
vt 0.051922 -0.058777
vt 0.073426 0.014939
vt 0.073113 0.015022
vt 0.073169 0.015139
vt 0.073436 0.015068
vt 0.093057 0.076988
vt 0.092685 0.077098
vt 0.092751 0.077209
vt 0.093061 0.077117
vt 0.137302 0.074489
vt 0.137098 0.074893
vt 0.137224 0.074921
vt 0.137399 0.074574
vt 0.148544 -0.030927
vt 0.148661 -0.030440
vt 0.148779 -0.030493
vt 0.148674 -0.030934
vt 0.082784 -0.068391
vt 0.083130 -0.068006
vt 0.083220 -0.068099
vt 0.082886 -0.068471
vt 0.025537 -0.026286
vt 0.025936 -0.025984
vt 0.026020 -0.026082
vt 0.025608 -0.026394
vt -0.022314 0.039298
vt -0.021944 0.039560
vt -0.021851 0.039470
vt -0.022259 0.039180
vt -0.074284 0.089944
vt -0.073995 0.090203
vt -0.073887 0.090131
vt -0.074225 0.089829
vt -0.137377 0.074599
vt -0.137231 0.074888
vt -0.137105 0.074861
vt -0.137280 0.074514
vt -0.148678 -0.030844
vt -0.148742 -0.030575
vt -0.148624 -0.030523
vt -0.148549 -0.030837
vt -0.082960 -0.068376
vt -0.083133 -0.068184
vt -0.083043 -0.068091
vt -0.082859 -0.068296
vt -0.025709 -0.026327
vt -0.025929 -0.026161
vt -0.025844 -0.026063
vt -0.025638 -0.026219
vt 0.022178 0.039218
vt 0.021914 0.039405
vt 0.022007 0.039495
vt 0.022232 0.039336
vt 0.074195 0.089845
vt 0.073906 0.090103
vt 0.074014 0.090175
vt 0.074255 0.089960
vt 0.140139 0.065908
vt 0.140169 0.066360
vt 0.140291 0.066319
vt 0.140266 0.065932
vt 0.155929 0.003828
vt 0.156159 0.004272
vt 0.156261 0.004193
vt 0.156053 0.003791
vt 0.126354 -0.006478
vt 0.126681 -0.006077
vt 0.126776 -0.006165
vt 0.126459 -0.006553
vt 0.081291 0.027486
vt 0.081627 0.027857
vt 0.081728 0.027777
vt 0.081381 0.027393
vt 0.021674 0.077845
vt 0.021949 0.078205
vt 0.022064 0.078146
vt 0.021760 0.077749
vt -0.060262 0.105820
vt -0.060115 0.106179
vt -0.059987 0.106162
vt -0.060159 0.105743
vt -0.140260 0.065965
vt -0.140281 0.066287
vt -0.140158 0.066328
vt -0.140133 0.065941
vt -0.156079 0.003877
vt -0.156206 0.004122
vt -0.156104 0.004201
vt -0.155955 0.003914
vt -0.126529 -0.006454
vt -0.126693 -0.006254
vt -0.126599 -0.006165
vt -0.126424 -0.006379
vt -0.081468 0.027477
vt -0.081653 0.027682
vt -0.081552 0.027762
vt -0.081378 0.027570
vt -0.021827 0.077809
vt -0.022024 0.078066
vt -0.021908 0.078124
vt -0.021740 0.077905
vt 0.060139 0.105770
vt 0.059991 0.106129
vt 0.060119 0.106146
vt 0.060242 0.105847
vt 0.136093 0.064660
vt 0.136325 0.065049
vt 0.136416 0.064957
vt 0.136217 0.064623
vt 0.158007 0.024749
vt 0.158346 0.025117
vt 0.158424 0.025014
vt 0.158117 0.024681
vt 0.151037 0.026560
vt 0.151402 0.026927
vt 0.151487 0.026830
vt 0.151135 0.026475
vt 0.121854 0.062445
vt 0.122170 0.062833
vt 0.122275 0.062758
vt 0.121949 0.062356
vt 0.055215 0.112734
vt 0.055391 0.113152
vt 0.055517 0.113125
vt 0.055324 0.112663
vt -0.056220 0.120394
vt -0.056258 0.120780
vt -0.056137 0.120825
vt -0.056092 0.120374
vt -0.136226 0.064655
vt -0.136392 0.064933
vt -0.136301 0.065025
vt -0.136102 0.064692
vt -0.158165 0.024757
vt -0.158352 0.024960
vt -0.158274 0.025063
vt -0.158055 0.024826
vt -0.151214 0.026567
vt -0.151396 0.026750
vt -0.151311 0.026847
vt -0.151116 0.026651
vt -0.122031 0.062445
vt -0.122205 0.062659
vt -0.122100 0.062734
vt -0.121937 0.062533
vt -0.055373 0.112739
vt -0.055498 0.113037
vt -0.055372 0.113064
vt -0.055265 0.112810
vt 0.056087 0.120407
vt 0.056125 0.120793
vt 0.056247 0.120749
vt 0.056215 0.120427
vt 0.126343 0.066415
vt 0.126720 0.066665
vt 0.126763 0.066543
vt 0.126439 0.066328
vt 0.148189 0.025524
vt 0.148627 0.025767
vt 0.148668 0.025644
vt 0.148272 0.025424
vt 0.157790 0.014845
vt 0.158231 0.015117
vt 0.158291 0.015003
vt 0.157866 0.014740
vt 0.152623 0.047116
vt 0.152980 0.047467
vt 0.153077 0.047381
vt 0.152707 0.047018
vt 0.078150 0.131609
vt 0.078219 0.132057
vt 0.078349 0.132061
vt 0.078272 0.131566
vt -0.067556 0.127421
vt -0.067795 0.127728
vt -0.067716 0.127830
vt -0.067437 0.127473
vt -0.126462 0.066353
vt -0.126731 0.066532
vt -0.126689 0.066654
vt -0.126365 0.066440
vt -0.148341 0.025482
vt -0.148582 0.025616
vt -0.148541 0.025738
vt -0.148259 0.025581
vt -0.157964 0.014810
vt -0.158184 0.014946
vt -0.158124 0.015061
vt -0.157889 0.014915
vt -0.152799 0.047097
vt -0.152996 0.047290
vt -0.152900 0.047376
vt -0.152715 0.047195
vt -0.078302 0.131651
vt -0.078351 0.131971
vt -0.078222 0.131967
vt -0.078180 0.131694
vt 0.067451 0.127504
vt 0.067689 0.127810
vt 0.067768 0.127707
vt 0.067569 0.127452
vt 0.075205 0.098673
vt 0.077650 0.096314
vt 0.076822 0.095806
vt 0.074727 0.097828
vt 0.019623 0.051568
vt 0.022652 0.049353
vt 0.021945 0.048688
vt 0.019203 0.050693
vt -0.028914 -0.014036
vt -0.025812 -0.016370
vt -0.026446 -0.017105
vt -0.029444 -0.014849
vt -0.083759 -0.059722
vt -0.081169 -0.062437
vt -0.081825 -0.063152
vt -0.084505 -0.060343
vt -0.146901 -0.033039
vt -0.145842 -0.036267
vt -0.146693 -0.036733
vt -0.147863 -0.033168
vt -0.141604 0.072749
vt -0.142699 0.070051
vt -0.143661 0.070180
vt -0.142384 0.073328
vt -0.074945 0.097705
vt -0.076691 0.096020
vt -0.077518 0.096527
vt -0.075424 0.098549
vt -0.019811 0.050401
vt -0.021483 0.049179
vt -0.022189 0.049844
vt -0.020230 0.051276
vt 0.028684 -0.015344
vt 0.027133 -0.016512
vt 0.026499 -0.015777
vt 0.028154 -0.014532
vt 0.083924 -0.061040
vt 0.082494 -0.062539
vt 0.081838 -0.061823
vt 0.083178 -0.060419
vt 0.147773 -0.033836
vt 0.147017 -0.036142
vt 0.146166 -0.035675
vt 0.146811 -0.033708
vt 0.142533 0.073126
vt 0.143627 0.070428
vt 0.142665 0.070300
vt 0.141753 0.072548
vt 0.064024 0.112227
vt 0.065200 0.109040
vt 0.064234 0.108942
vt 0.063226 0.111674
vt -0.022361 0.087819
vt -0.020078 0.084841
vt -0.020944 0.084402
vt -0.023010 0.087098
vt -0.082741 0.036377
vt -0.080066 0.033563
vt -0.080813 0.032943
vt -0.083398 0.035663
vt -0.126725 -0.001306
vt -0.124229 -0.004108
vt -0.124909 -0.004801
vt -0.127491 -0.001901
vt -0.156260 0.003072
vt -0.154510 0.000161
vt -0.155236 -0.000483
vt -0.157169 0.002733
vt -0.144405 0.063572
vt -0.144003 0.060688
vt -0.144901 0.060318
vt -0.145369 0.063683
vt -0.063369 0.111468
vt -0.064209 0.109191
vt -0.065174 0.109289
vt -0.064166 0.112021
vt 0.022509 0.086647
vt 0.021249 0.085003
vt 0.020384 0.085443
vt 0.021860 0.087368
vt 0.082730 0.035049
vt 0.081393 0.033641
vt 0.080646 0.034261
vt 0.082073 0.035763
vt 0.126934 -0.002618
vt 0.125557 -0.004165
vt 0.124877 -0.003472
vt 0.126168 -0.002023
vt 0.156934 0.002101
vt 0.155684 0.000022
vt 0.154957 0.000665
vt 0.156024 0.002441
vt 0.145398 0.063434
vt 0.144996 0.060550
vt 0.144099 0.060920
vt 0.144434 0.063323
vt 0.062174 0.122639
vt 0.061708 0.119274
vt 0.060811 0.119643
vt 0.061210 0.122527
vt -0.055598 0.117765
vt -0.054085 0.114331
vt -0.055029 0.114109
vt -0.056400 0.117217
vt -0.123087 0.064932
vt -0.120511 0.062027
vt -0.121279 0.061433
vt -0.123769 0.064241
vt -0.151125 0.027205
vt -0.148346 0.024683
vt -0.148949 0.023923
vt -0.151824 0.026532
vt -0.158349 0.023116
vt -0.155904 0.020757
vt -0.156439 0.019947
vt -0.159139 0.022552
vt -0.139529 0.061544
vt -0.137879 0.059145
vt -0.138516 0.058412
vt -0.140440 0.061212
vt -0.061239 0.122278
vt -0.060906 0.119875
vt -0.061804 0.119506
vt -0.062203 0.122390
vt 0.056020 0.116660
vt 0.055184 0.114765
vt 0.054239 0.114988
vt 0.055218 0.117208
vt 0.123122 0.063603
vt 0.121835 0.062151
vt 0.121067 0.062745
vt 0.122441 0.064295
vt 0.151194 0.025878
vt 0.149660 0.024486
vt 0.149058 0.025247
vt 0.150495 0.026552
vt 0.158748 0.022003
vt 0.157002 0.020319
vt 0.156467 0.021129
vt 0.157958 0.022567
vt 0.140354 0.060976
vt 0.138705 0.058577
vt 0.138068 0.059309
vt 0.139443 0.061309
vt 0.074668 0.123879
vt 0.072443 0.121313
vt 0.071891 0.122112
vt 0.073799 0.124312
vt -0.080998 0.129066
vt -0.080246 0.125390
vt -0.081216 0.125372
vt -0.081898 0.128700
vt -0.152453 0.040447
vt -0.149480 0.037950
vt -0.150153 0.037250
vt -0.153026 0.039663
vt -0.155683 0.011743
vt -0.152378 0.009966
vt -0.152779 0.009082
vt -0.156199 0.010920
vt -0.147086 0.023301
vt -0.144029 0.021819
vt -0.144286 0.020883
vt -0.147662 0.022520
vt -0.128162 0.062675
vt -0.125649 0.061204
vt -0.125914 0.060271
vt -0.128846 0.061986
vt -0.073687 0.124087
vt -0.072098 0.122254
vt -0.072649 0.121455
vt -0.074556 0.123655
vt 0.081644 0.128075
vt 0.081228 0.126046
vt 0.080258 0.126064
vt 0.080745 0.128441
vt 0.152294 0.039128
vt 0.150807 0.037879
vt 0.150135 0.038579
vt 0.151721 0.039911
vt 0.155430 0.010438
vt 0.153606 0.009458
vt 0.153204 0.010341
vt 0.154914 0.011260
vt 0.147119 0.022120
vt 0.144936 0.021061
vt 0.144680 0.021997
vt 0.146543 0.022901
vt 0.128669 0.061809
vt 0.126155 0.060339
vt 0.125890 0.061273
vt 0.127985 0.062498
vt 0.100598 0.109107
vt 0.097248 0.108544
vt 0.097331 0.109511
vt 0.100203 0.109993
vt -0.090011 0.126236
vt -0.090355 0.122500
vt -0.091289 0.122764
vt -0.090978 0.126147
vt -0.130481 -0.062386
vt -0.126659 -0.063066
vt -0.126893 -0.064008
vt -0.130587 -0.063351
vt -0.121535 -0.034009
vt -0.117802 -0.034389
vt -0.117835 -0.035359
vt -0.121698 -0.034965
vt -0.116462 0.014610
vt -0.113077 0.014318
vt -0.112982 0.013352
vt -0.116721 0.013675
vt -0.111071 0.066726
vt -0.108174 0.066443
vt -0.108024 0.065484
vt -0.111405 0.065815
vt -0.099974 0.109891
vt -0.097581 0.109489
vt -0.097497 0.108522
vt -0.100369 0.109005
vt 0.090915 0.125475
vt 0.091105 0.123413
vt 0.090171 0.123149
vt 0.089949 0.125565
vt 0.129685 -0.063450
vt 0.127774 -0.063790
vt 0.127540 -0.062848
vt 0.129579 -0.062485
vt 0.120803 -0.035118
vt 0.118742 -0.035327
vt 0.118709 -0.034357
vt 0.120640 -0.034161
vt 0.116071 0.013495
vt 0.113654 0.013286
vt 0.113748 0.014252
vt 0.115812 0.014430
vt 0.111169 0.065729
vt 0.108271 0.065445
vt 0.108421 0.066404
vt 0.110836 0.066640
vt 0.123763 0.083306
vt 0.120878 0.085100
vt 0.121581 0.085770
vt 0.124053 0.084232
vt 0.126813 -0.074598
vt 0.127196 -0.070866
vt 0.128127 -0.071140
vt 0.127781 -0.074519
vt -0.005186 -0.113830
vt -0.001823 -0.111891
vt -0.001395 -0.112763
vt -0.004646 -0.114636
vt -0.046731 -0.052469
vt -0.043183 -0.051247
vt -0.042806 -0.052142
vt -0.046477 -0.053406
vt -0.069156 0.018039
vt -0.065901 0.019013
vt -0.065458 0.018149
vt -0.069053 0.017074
vt -0.090463 0.075316
vt -0.087711 0.076269
vt -0.087174 0.075460
vt -0.090385 0.074349
vt -0.123814 0.084307
vt -0.121754 0.085588
vt -0.121051 0.084919
vt -0.123524 0.083381
vt -0.127726 -0.073847
vt -0.127937 -0.071787
vt -0.127006 -0.071512
vt -0.126758 -0.073926
vt 0.003892 -0.114132
vt 0.002210 -0.113162
vt 0.002638 -0.112291
vt 0.004432 -0.113325
vt 0.045601 -0.053168
vt 0.043643 -0.052494
vt 0.044020 -0.051599
vt 0.045855 -0.052231
vt 0.068382 0.017146
vt 0.066057 0.017841
vt 0.066501 0.018704
vt 0.068485 0.018111
vt 0.090135 0.074369
vt 0.087383 0.075322
vt 0.087920 0.076130
vt 0.090213 0.075337
vt 0.133145 0.065913
vt 0.131868 0.069061
vt 0.132830 0.069190
vt 0.133924 0.066492
vt 0.138730 -0.034120
vt 0.139901 -0.030555
vt 0.140752 -0.031021
vt 0.139692 -0.034249
vt 0.079198 -0.060646
vt 0.081878 -0.057837
vt 0.082534 -0.058553
vt 0.079944 -0.061268
vt 0.027465 -0.018458
vt 0.030463 -0.016202
vt 0.031097 -0.016936
vt 0.027995 -0.019271
vt -0.018125 0.043463
vt -0.015383 0.045468
vt -0.014676 0.044803
vt -0.017705 0.042588
vt -0.070246 0.088993
vt -0.068151 0.091016
vt -0.067324 0.090508
vt -0.069768 0.088149
vt -0.133775 0.066693
vt -0.132863 0.068941
vt -0.131901 0.068813
vt -0.132996 0.066115
vt -0.139782 -0.033580
vt -0.140428 -0.031612
vt -0.139576 -0.031146
vt -0.138820 -0.033451
vt -0.080525 -0.060571
vt -0.081865 -0.059166
vt -0.081209 -0.058450
vt -0.079779 -0.059949
vt -0.028755 -0.018775
vt -0.030410 -0.017529
vt -0.029776 -0.016795
vt -0.028225 -0.017962
vt 0.017097 0.042880
vt 0.015138 0.044312
vt 0.015845 0.044978
vt 0.017517 0.043755
vt 0.069550 0.088272
vt 0.067455 0.090294
vt 0.068282 0.090802
vt 0.070028 0.089117
vt 0.133661 0.061884
vt 0.134129 0.065248
vt 0.135027 0.064878
vt 0.134625 0.061994
vt 0.148053 0.003834
vt 0.149986 0.007050
vt 0.150713 0.006406
vt 0.148963 0.003494
vt 0.122198 -0.002386
vt 0.124780 0.000513
vt 0.125460 -0.000180
vt 0.122965 -0.002982
vt 0.082041 0.031776
vt 0.084626 0.034497
vt 0.085372 0.033877
vt 0.082698 0.031062
vt 0.026080 0.080464
vt 0.028147 0.083160
vt 0.029012 0.082721
vt 0.026729 0.079743
vt -0.055351 0.105664
vt -0.054343 0.108396
vt -0.053377 0.108298
vt -0.054553 0.105111
vt -0.134597 0.062243
vt -0.134931 0.064646
vt -0.134034 0.065016
vt -0.133632 0.062132
vt -0.149199 0.004126
vt -0.150265 0.005901
vt -0.149539 0.006545
vt -0.148289 0.004465
vt -0.123521 -0.002265
vt -0.124812 -0.000816
vt -0.124132 -0.000123
vt -0.122755 -0.001670
vt -0.083366 0.031677
vt -0.084793 0.033178
vt -0.084046 0.033798
vt -0.082709 0.032391
vt -0.027230 0.080194
vt -0.028707 0.082120
vt -0.027841 0.082559
vt -0.026581 0.080915
vt 0.054410 0.105317
vt 0.053402 0.108049
vt 0.054368 0.108146
vt 0.055208 0.105870
vt 0.129165 0.064842
vt 0.131089 0.067641
vt 0.131726 0.066909
vt 0.130076 0.064510
vt 0.150621 0.025978
vt 0.153321 0.028583
vt 0.153856 0.027773
vt 0.151411 0.025415
vt 0.146509 0.026611
vt 0.149384 0.029220
vt 0.149987 0.028459
vt 0.147208 0.025937
vt 0.122546 0.060310
vt 0.125036 0.063117
vt 0.125804 0.062523
vt 0.123227 0.059618
vt 0.060951 0.111498
vt 0.062322 0.114606
vt 0.063266 0.114383
vt 0.061753 0.110950
vt -0.051431 0.120942
vt -0.051831 0.123826
vt -0.050933 0.124196
vt -0.050467 0.120831
vt -0.130162 0.064745
vt -0.131537 0.066744
vt -0.130900 0.067477
vt -0.129250 0.065077
vt -0.151802 0.025964
vt -0.153293 0.027402
vt -0.152758 0.028212
vt -0.151012 0.026527
vt -0.147838 0.026591
vt -0.149275 0.027896
vt -0.148672 0.028656
vt -0.147139 0.027264
vt -0.123874 0.060255
vt -0.125248 0.061805
vt -0.124481 0.062399
vt -0.123192 0.060947
vt -0.062133 0.111507
vt -0.063112 0.113727
vt -0.062167 0.113950
vt -0.061332 0.112054
vt 0.050439 0.121079
vt 0.050838 0.123964
vt 0.051736 0.123594
vt 0.051403 0.121191
vt 0.120184 0.070066
vt 0.123116 0.071781
vt 0.123381 0.070848
vt 0.120868 0.069377
vt 0.140629 0.028424
vt 0.144005 0.030061
vt 0.144262 0.029125
vt 0.141205 0.027643
vt 0.151060 0.012280
vt 0.154480 0.014118
vt 0.154881 0.013234
vt 0.151576 0.011458
vt 0.151242 0.035953
vt 0.154115 0.038367
vt 0.154788 0.037667
vt 0.151815 0.035170
vt 0.087557 0.124074
vt 0.088238 0.127402
vt 0.089208 0.127384
vt 0.088456 0.123708
vt -0.064737 0.128314
vt -0.066644 0.130514
vt -0.066093 0.131313
vt -0.063868 0.128746
vt -0.121046 0.069554
vt -0.123140 0.070779
vt -0.122875 0.071713
vt -0.120362 0.070243
vt -0.141748 0.028043
vt -0.143612 0.028947
vt -0.143355 0.029883
vt -0.141172 0.028824
vt -0.152345 0.011940
vt -0.154055 0.012859
vt -0.153654 0.013743
vt -0.151829 0.012762
vt -0.152548 0.035706
vt -0.154134 0.037038
vt -0.153461 0.037738
vt -0.151975 0.036489
vt -0.088709 0.124333
vt -0.089196 0.126710
vt -0.088226 0.126728
vt -0.087810 0.124698
vt 0.063979 0.128971
vt 0.065887 0.131171
vt 0.066438 0.130372
vt 0.064848 0.128538
vt 0.106918 0.076778
vt 0.110299 0.077109
vt 0.110149 0.076150
vt 0.107251 0.075866
vt 0.112260 0.021701
vt 0.115999 0.022024
vt 0.115904 0.021058
vt 0.112520 0.020766
vt 0.117468 -0.031747
vt 0.121330 -0.031354
vt 0.121363 -0.032324
vt 0.117630 -0.032704
vt 0.127190 -0.065676
vt 0.130884 -0.065018
vt 0.131118 -0.065960
vt 0.127295 -0.066641
vt 0.097734 0.123356
vt 0.097423 0.126739
vt 0.098356 0.127003
vt 0.098700 0.123267
vt -0.095762 0.118849
vt -0.098634 0.119331
vt -0.098717 0.120298
vt -0.095367 0.119735
vt -0.107486 0.075952
vt -0.109901 0.076189
vt -0.110051 0.077148
vt -0.107153 0.076864
vt -0.113169 0.020946
vt -0.115233 0.021124
vt -0.115328 0.022090
vt -0.112910 0.021881
vt -0.118525 -0.032552
vt -0.120456 -0.032355
vt -0.120423 -0.031385
vt -0.118362 -0.031595
vt -0.128198 -0.066542
vt -0.130237 -0.066179
vt -0.130003 -0.065237
vt -0.128092 -0.065577
vt -0.098762 0.123939
vt -0.098540 0.126355
vt -0.097606 0.126091
vt -0.097795 0.124028
vt 0.095596 0.119837
vt 0.098467 0.120320
vt 0.098384 0.119353
vt 0.095991 0.118951
vt 0.090887 0.086184
vt 0.094097 0.085073
vt 0.093560 0.084264
vt 0.090809 0.085217
vt 0.067858 0.026178
vt 0.071453 0.025103
vt 0.071010 0.024240
vt 0.067755 0.025213
vt 0.043988 -0.048709
vt 0.047659 -0.049973
vt 0.047282 -0.050867
vt 0.043734 -0.049646
vt 0.000550 -0.114230
vt 0.003801 -0.116104
vt 0.003374 -0.116975
vt 0.000010 -0.115037
vt -0.134566 -0.071800
vt -0.134219 -0.075179
vt -0.135150 -0.075454
vt -0.135533 -0.071721
vt -0.126582 0.093810
vt -0.129055 0.092272
vt -0.129757 0.092942
vt -0.126872 0.094736
vt -0.091059 0.085197
vt -0.093351 0.084403
vt -0.093888 0.085211
vt -0.091137 0.086164
vt -0.068426 0.025142
vt -0.070410 0.024548
vt -0.070854 0.025412
vt -0.068529 0.026107
vt -0.044610 -0.049883
vt -0.046446 -0.050515
vt -0.046823 -0.049621
vt -0.044864 -0.048946
vt -0.000764 -0.115541
vt -0.002559 -0.116576
vt -0.002986 -0.115704
vt -0.001304 -0.114735
vt 0.135588 -0.072393
vt 0.135340 -0.074806
vt 0.134409 -0.074532
vt 0.134621 -0.072472
vt 0.127112 0.094661
vt 0.129584 0.093123
vt 0.128882 0.092453
vt 0.126821 0.093735
vt 0.155893 0.020738
vt 0.156937 0.021175
vt 0.156984 0.020855
vt 0.156088 0.020481
vt 0.083923 0.133288
vt 0.084282 0.134486
vt 0.084570 0.134338
vt 0.084245 0.133253
vt -0.117287 0.101479
vt -0.118419 0.102105
vt -0.118244 0.102377
vt -0.117150 0.101772
vt -0.141780 0.055908
vt -0.142981 0.056258
vt -0.142911 0.056574
vt -0.141669 0.056212
vt -0.149538 0.027438
vt -0.150639 0.027701
vt -0.150623 0.028024
vt -0.149406 0.027733
vt -0.154188 0.010700
vt -0.155128 0.010945
vt -0.155127 0.011269
vt -0.154031 0.010983
vt -0.156155 0.020531
vt -0.156901 0.020843
vt -0.156855 0.021163
vt -0.155960 0.020789
vt -0.084269 0.133477
vt -0.084467 0.134138
vt -0.084179 0.134286
vt -0.083947 0.133511
vt 0.117424 0.101900
vt 0.117990 0.102213
vt 0.118165 0.101941
vt 0.117561 0.101607
vt 0.141953 0.056316
vt 0.142616 0.056509
vt 0.142685 0.056193
vt 0.142064 0.056012
vt 0.149612 0.027825
vt 0.150398 0.028012
vt 0.150415 0.027689
vt 0.149743 0.027529
vt 0.154104 0.011024
vt 0.155043 0.011269
vt 0.155044 0.010945
vt 0.154261 0.010741
vt 0.154687 -0.008240
vt 0.155770 -0.008571
vt 0.155601 -0.008847
vt 0.154673 -0.008563
vt 0.075981 -0.130458
vt 0.076505 -0.131593
vt 0.076191 -0.131673
vt 0.075717 -0.130645
vt -0.143146 -0.047193
vt -0.144340 -0.047692
vt -0.144445 -0.047386
vt -0.143291 -0.046903
vt -0.154155 0.001592
vt -0.155378 0.001326
vt -0.155467 0.001637
vt -0.154203 0.001912
vt -0.156491 0.021505
vt -0.157606 0.021308
vt -0.157720 0.021611
vt -0.156488 0.021828
vt -0.157123 0.020500
vt -0.158076 0.020317
vt -0.158215 0.020609
vt -0.157103 0.020823
vt -0.154757 -0.008567
vt -0.155530 -0.008803
vt -0.155699 -0.008527
vt -0.154771 -0.008244
vt -0.075846 -0.130828
vt -0.076136 -0.131455
vt -0.076449 -0.131376
vt -0.076110 -0.130641
vt 0.143562 -0.047038
vt 0.144158 -0.047288
vt 0.144054 -0.047594
vt 0.143417 -0.047328
vt 0.154502 0.001867
vt 0.155177 0.001721
vt 0.155087 0.001410
vt 0.154455 0.001547
vt 0.156713 0.021830
vt 0.157510 0.021690
vt 0.157396 0.021387
vt 0.156716 0.021507
vt 0.157186 0.020828
vt 0.158139 0.020645
vt 0.158001 0.020352
vt 0.157207 0.020505
vt 0.148193 -0.026432
vt 0.148858 -0.027348
vt 0.148557 -0.027467
vt 0.147987 -0.026681
vt 0.052019 -0.113893
vt 0.051899 -0.115138
vt 0.051588 -0.115048
vt 0.051696 -0.113921
vt -0.066730 -0.085568
vt -0.067579 -0.086545
vt -0.067808 -0.086317
vt -0.066988 -0.085372
vt -0.118362 -0.020465
vt -0.119382 -0.021188
vt -0.119586 -0.020938
vt -0.118531 -0.020189
vt -0.143301 0.024498
vt -0.144260 0.023897
vt -0.144479 0.024135
vt -0.143419 0.024799
vt -0.156730 0.029612
vt -0.157511 0.029036
vt -0.157762 0.029240
vt -0.156851 0.029912
vt -0.148051 -0.026734
vt -0.148526 -0.027389
vt -0.148827 -0.027270
vt -0.148257 -0.026485
vt -0.051716 -0.114145
vt -0.051650 -0.114832
vt -0.051961 -0.114922
vt -0.052038 -0.114117
vt 0.067170 -0.085614
vt 0.067595 -0.086102
vt 0.067365 -0.086330
vt 0.066913 -0.085809
vt 0.118789 -0.020347
vt 0.119352 -0.020746
vt 0.119148 -0.020997
vt 0.118620 -0.020623
vt 0.143628 0.024716
vt 0.144314 0.024287
vt 0.144095 0.024049
vt 0.143510 0.024415
vt 0.156929 0.029881
vt 0.157710 0.029304
vt 0.157459 0.029100
vt 0.156808 0.029581
vt 0.144711 -0.026655
vt 0.144795 -0.027784
vt 0.144477 -0.027727
vt 0.144405 -0.026759
vt 0.070521 -0.067254
vt 0.070070 -0.068421
vt 0.069794 -0.068251
vt 0.070203 -0.067195
vt -0.009427 -0.039262
vt -0.010192 -0.040306
vt -0.010440 -0.040098
vt -0.009700 -0.039089
vt -0.070841 0.013068
vt -0.071671 0.012132
vt -0.071927 0.012331
vt -0.071068 0.013298
vt -0.119774 0.049665
vt -0.120490 0.048788
vt -0.120774 0.048944
vt -0.119983 0.049912
vt -0.154559 0.038479
vt -0.155008 0.037618
vt -0.155323 0.037692
vt -0.154800 0.038695
vt -0.144431 -0.026838
vt -0.144491 -0.027644
vt -0.144810 -0.027702
vt -0.144738 -0.026734
vt -0.070162 -0.067416
vt -0.069912 -0.068059
vt -0.070188 -0.068229
vt -0.070480 -0.067475
vt 0.009862 -0.039344
vt 0.010245 -0.039866
vt 0.009997 -0.040074
vt 0.009589 -0.039518
vt 0.071283 0.013086
vt 0.071742 0.012570
vt 0.071486 0.012372
vt 0.071056 0.012855
vt 0.120154 0.049767
vt 0.120666 0.049141
vt 0.120382 0.048985
vt 0.119945 0.049520
vt 0.154855 0.038633
vt 0.155305 0.037773
vt 0.154989 0.037700
vt 0.154615 0.038417
vt 0.146705 -0.016308
vt 0.146251 -0.017345
vt 0.145996 -0.017146
vt 0.146386 -0.016257
vt 0.097647 -0.018065
vt 0.096898 -0.019067
vt 0.096679 -0.018829
vt 0.097357 -0.017922
vt 0.040135 0.023661
vt 0.039297 0.022675
vt 0.039065 0.022901
vt 0.039875 0.023854
vt -0.023224 0.071782
vt -0.023966 0.070775
vt -0.024239 0.070949
vt -0.023471 0.071990
vt -0.095632 0.089177
vt -0.096081 0.088137
vt -0.096396 0.088209
vt -0.095900 0.089357
vt -0.153397 0.043894
vt -0.153397 0.042924
vt -0.153710 0.042843
vt -0.153710 0.043975
vt -0.146373 -0.016339
vt -0.146048 -0.017080
vt -0.146303 -0.017280
vt -0.146692 -0.016391
vt -0.097258 -0.018124
vt -0.096844 -0.018677
vt -0.097064 -0.018915
vt -0.097548 -0.018267
vt -0.039695 0.023611
vt -0.039276 0.023118
vt -0.039508 0.022892
vt -0.039955 0.023418
vt 0.023667 0.071760
vt 0.024076 0.071204
vt 0.023804 0.071030
vt 0.023420 0.071551
vt 0.096026 0.089171
vt 0.096346 0.088428
vt 0.096031 0.088356
vt 0.095757 0.088990
vt 0.153731 0.043894
vt 0.153731 0.042924
vt 0.153418 0.043005
vt 0.153418 0.043814
vt 0.151650 -0.003496
vt 0.150785 -0.004227
vt 0.150645 -0.003935
vt 0.151386 -0.003309
vt 0.127455 0.016149
vt 0.126431 0.015431
vt 0.126297 0.015726
vt 0.127224 0.016376
vt 0.092675 0.066000
vt 0.091653 0.065206
vt 0.091472 0.065474
vt 0.092459 0.066241
vt 0.033023 0.120022
vt 0.032228 0.119056
vt 0.031965 0.119245
vt 0.032787 0.120244
vt -0.077319 0.125572
vt -0.077476 0.124450
vt -0.077799 0.124436
vt -0.077625 0.125674
vt -0.155349 0.039059
vt -0.154849 0.038227
vt -0.155075 0.037996
vt -0.155659 0.038966
vt -0.151338 -0.003377
vt -0.150720 -0.003899
vt -0.150860 -0.004190
vt -0.151602 -0.003564
vt -0.127067 0.016215
vt -0.126502 0.015819
vt -0.126636 0.015524
vt -0.127298 0.015989
vt -0.092233 0.066040
vt -0.091723 0.065643
vt -0.091903 0.065375
vt -0.092449 0.065798
vt -0.032580 0.120023
vt -0.032141 0.119490
vt -0.032404 0.119302
vt -0.032815 0.119802
vt 0.077697 0.125461
vt 0.077809 0.124660
vt 0.077486 0.124675
vt 0.077390 0.125359
vt 0.155635 0.038886
vt 0.155135 0.038054
vt 0.154908 0.038285
vt 0.155325 0.038978
vt 0.156081 0.007608
vt 0.154985 0.007323
vt 0.154985 0.007646
vt 0.155924 0.007891
vt 0.151271 0.025307
vt 0.150055 0.025016
vt 0.150038 0.025339
vt 0.151140 0.025602
vt 0.143250 0.055413
vt 0.142008 0.055050
vt 0.141938 0.055366
vt 0.143139 0.055717
vt 0.117971 0.102871
vt 0.116877 0.102266
vt 0.116701 0.102538
vt 0.117834 0.103164
vt -0.086637 0.133719
vt -0.086312 0.132634
vt -0.086599 0.132486
vt -0.086958 0.133685
vt -0.158202 0.017943
vt -0.157306 0.017569
vt -0.157353 0.017248
vt -0.158397 0.017685
vt -0.155851 0.007850
vt -0.155068 0.007646
vt -0.155069 0.007323
vt -0.156008 0.007568
vt -0.150935 0.025511
vt -0.150263 0.025351
vt -0.150279 0.025028
vt -0.151066 0.025215
vt -0.142855 0.055613
vt -0.142234 0.055431
vt -0.142303 0.055115
vt -0.142966 0.055309
vt -0.117560 0.103036
vt -0.116956 0.102702
vt -0.117131 0.102430
vt -0.117697 0.102743
vt 0.086934 0.133461
vt 0.086702 0.132686
vt 0.086415 0.132834
vt 0.086613 0.133495
vt 0.158331 0.017635
vt 0.157435 0.017260
vt 0.157389 0.017581
vt 0.158135 0.017893
vt 0.157501 0.016894
vt 0.156389 0.017108
vt 0.156528 0.017400
vt 0.157481 0.017217
vt 0.157233 0.018860
vt 0.156002 0.019078
vt 0.156115 0.019381
vt 0.157230 0.019183
vt 0.155210 0.000454
vt 0.153946 0.000729
vt 0.154035 0.001040
vt 0.155257 0.000774
vt 0.144663 -0.046865
vt 0.143509 -0.046382
vt 0.143613 -0.046076
vt 0.144807 -0.046576
vt -0.074233 -0.132577
vt -0.073758 -0.131549
vt -0.073444 -0.131628
vt -0.073969 -0.132764
vt -0.154680 -0.011865
vt -0.153751 -0.011582
vt -0.153582 -0.011858
vt -0.154665 -0.012188
vt -0.157397 0.017212
vt -0.156603 0.017365
vt -0.156465 0.017072
vt -0.157418 0.016889
vt -0.157006 0.019181
vt -0.156326 0.019302
vt -0.156212 0.018999
vt -0.157008 0.018858
vt -0.154958 0.000819
vt -0.154326 0.000956
vt -0.154236 0.000645
vt -0.154911 0.000499
vt -0.144537 -0.046441
vt -0.143900 -0.046174
vt -0.143795 -0.046480
vt -0.144392 -0.046730
vt 0.073839 -0.132581
vt 0.073500 -0.131846
vt 0.073813 -0.131767
vt 0.074103 -0.132393
vt 0.154582 -0.012185
vt 0.153654 -0.011901
vt 0.153823 -0.011625
vt 0.154596 -0.011862
vt 0.155516 0.026196
vt 0.154605 0.026868
vt 0.154856 0.027072
vt 0.155637 0.026496
vt 0.142997 0.021768
vt 0.141936 0.022432
vt 0.142155 0.022670
vt 0.143115 0.022069
vt 0.118886 -0.021925
vt 0.117831 -0.021176
vt 0.118035 -0.020925
vt 0.119056 -0.021649
vt 0.068234 -0.085946
vt 0.067414 -0.085002
vt 0.067643 -0.084774
vt 0.068492 -0.085751
vt -0.049440 -0.114841
vt -0.049549 -0.113714
vt -0.049238 -0.113625
vt -0.049118 -0.114870
vt -0.146003 -0.029321
vt -0.145433 -0.028535
vt -0.145131 -0.028654
vt -0.145797 -0.029570
vt -0.155560 0.026527
vt -0.154909 0.027008
vt -0.154658 0.026804
vt -0.155439 0.026227
vt -0.142906 0.022151
vt -0.142321 0.022517
vt -0.142102 0.022279
vt -0.142787 0.021850
vt -0.118798 -0.021491
vt -0.118270 -0.021116
vt -0.118065 -0.021367
vt -0.118629 -0.021767
vt -0.068309 -0.085510
vt -0.067857 -0.084989
vt -0.067627 -0.085217
vt -0.068052 -0.085705
vt 0.049098 -0.114646
vt 0.049176 -0.113841
vt 0.049487 -0.113930
vt 0.049421 -0.114618
vt 0.145732 -0.029517
vt 0.145162 -0.028731
vt 0.145463 -0.028613
vt 0.145938 -0.029267
vt 0.151970 0.035941
vt 0.151446 0.036945
vt 0.151761 0.037018
vt 0.152210 0.036158
vt 0.118611 0.047176
vt 0.117819 0.048145
vt 0.118103 0.048300
vt 0.118819 0.047423
vt 0.071022 0.011527
vt 0.070163 0.012495
vt 0.070418 0.012693
vt 0.071249 0.011758
vt 0.010895 -0.039764
vt 0.010156 -0.038755
vt 0.010403 -0.038547
vt 0.011168 -0.039591
vt -0.067782 -0.067472
vt -0.068191 -0.066416
vt -0.067916 -0.066246
vt -0.067464 -0.067412
vt -0.141329 -0.027961
vt -0.141257 -0.026993
vt -0.140939 -0.026936
vt -0.141023 -0.028065
vt -0.152154 0.036220
vt -0.151780 0.036937
vt -0.151465 0.036864
vt -0.151914 0.036003
vt -0.118648 0.047568
vt -0.118211 0.048103
vt -0.117927 0.047948
vt -0.118439 0.047321
vt -0.071033 0.011970
vt -0.070604 0.012454
vt -0.070348 0.012256
vt -0.070806 0.011739
vt -0.011006 -0.039335
vt -0.010598 -0.038778
vt -0.010350 -0.038987
vt -0.010733 -0.039508
vt 0.067506 -0.067191
vt 0.067798 -0.066437
vt 0.068073 -0.066607
vt 0.067824 -0.067251
vt 0.140996 -0.027986
vt 0.140924 -0.027018
vt 0.141242 -0.027075
vt 0.141302 -0.027882
vt 0.149927 0.042842
vt 0.149927 0.043975
vt 0.150240 0.043894
vt 0.150241 0.042923
vt 0.093832 0.087101
vt 0.093336 0.088250
vt 0.093651 0.088321
vt 0.094100 0.087282
vt 0.023265 0.070231
vt 0.022497 0.071273
vt 0.022770 0.071447
vt 0.023512 0.070440
vt -0.038635 0.023267
vt -0.039445 0.024220
vt -0.039214 0.024445
vt -0.038375 0.023460
vt -0.094951 -0.017537
vt -0.095629 -0.016630
vt -0.095410 -0.016392
vt -0.094661 -0.017394
vt -0.143106 -0.015879
vt -0.143495 -0.014990
vt -0.143241 -0.014790
vt -0.142786 -0.015827
vt -0.150220 0.043004
vt -0.150220 0.043813
vt -0.149906 0.043894
vt -0.149907 0.042923
vt -0.093975 0.087468
vt -0.093701 0.088102
vt -0.093386 0.088030
vt -0.093706 0.087288
vt -0.023317 0.070671
vt -0.022933 0.071192
vt -0.022660 0.071018
vt -0.023070 0.070462
vt 0.038555 0.023703
vt 0.039003 0.024228
vt 0.039234 0.024003
vt 0.038815 0.023510
vt 0.094761 -0.017192
vt 0.095245 -0.016545
vt 0.095464 -0.016783
vt 0.095051 -0.017335
vt 0.142800 -0.015745
vt 0.143189 -0.014856
vt 0.143444 -0.015055
vt 0.143119 -0.015796
vt 0.151833 0.039945
vt 0.152417 0.040915
vt 0.152644 0.040685
vt 0.152143 0.039853
vt 0.075033 0.124047
vt 0.074859 0.125286
vt 0.075182 0.125271
vt 0.075340 0.124150
vt -0.032899 0.118475
vt -0.033721 0.119475
vt -0.033458 0.119663
vt -0.032664 0.118697
vt -0.091125 0.065920
vt -0.092113 0.066687
vt -0.091932 0.066955
vt -0.090910 0.066161
vt -0.125059 0.017493
vt -0.125987 0.018142
vt -0.125852 0.018437
vt -0.124828 0.017719
vt -0.148608 -0.001524
vt -0.149349 -0.000898
vt -0.149209 -0.000606
vt -0.148344 -0.001337
vt -0.152167 0.039933
vt -0.152584 0.040626
vt -0.152357 0.040857
vt -0.151857 0.040025
vt -0.075268 0.124363
vt -0.075172 0.125047
vt -0.074849 0.125061
vt -0.074961 0.124260
vt 0.032871 0.118918
vt 0.033282 0.119417
vt 0.033545 0.119229
vt 0.033107 0.118696
vt 0.091136 0.066362
vt 0.091681 0.066786
vt 0.091862 0.066518
vt 0.091351 0.066121
vt 0.124986 0.017880
vt 0.125648 0.018344
vt 0.125782 0.018049
vt 0.125216 0.017653
vt 0.148392 -0.001269
vt 0.149134 -0.000642
vt 0.149274 -0.000934
vt 0.148656 -0.001456
vt -0.117385 0.093041
vt -0.117229 0.093125
vt -0.117148 0.092787
vt -0.101200 0.107164
vt -0.101025 0.107138
vt -0.101161 0.106819
vt -0.084658 0.115115
vt -0.084531 0.114991
vt -0.084828 0.114812
vt -0.075541 0.114042
vt -0.075500 0.113870
vt -0.075847 0.113878
vt -0.075902 0.106686
vt -0.075951 0.106516
vt -0.076249 0.106694
vt -0.083577 0.096845
vt -0.083699 0.096717
vt -0.083881 0.097012
vt -0.095278 0.087513
vt -0.095444 0.087452
vt -0.095477 0.087798
vt -0.107816 0.080354
vt -0.107993 0.080372
vt -0.107870 0.080697
vt -0.118623 0.075724
vt -0.118773 0.075818
vt -0.118519 0.076056
vt -0.126043 0.073540
vt -0.126134 0.073692
vt -0.125801 0.073790
vt -0.129119 0.074552
vt -0.129128 0.074728
vt -0.128788 0.074658
vt -0.126787 0.080724
vt -0.126705 0.080881
vt -0.126448 0.080646
vt -0.148735 0.039719
vt -0.148531 0.039983
vt -0.148311 0.039714
vt -0.148420 0.039574
vt -0.079045 0.132277
vt -0.078728 0.132175
vt -0.078906 0.131877
vt -0.079074 0.131931
vt -0.004768 0.147241
vt -0.004661 0.146926
vt -0.005007 0.146891
vt -0.005063 0.147059
vt 0.001261 0.129890
vt 0.001209 0.129561
vt 0.000887 0.129691
vt 0.000915 0.129866
vt -0.016576 0.104518
vt -0.016745 0.104231
vt -0.016997 0.104470
vt -0.016907 0.104623
vt -0.045655 0.077529
vt -0.045915 0.077320
vt -0.046066 0.077633
vt -0.045927 0.077744
vt -0.079726 0.057306
vt -0.080043 0.057207
vt -0.080069 0.057554
vt -0.079900 0.057606
vt -0.111614 0.048101
vt -0.111946 0.048130
vt -0.111838 0.048460
vt -0.111662 0.048445
vt -0.134748 0.045411
vt -0.135044 0.045562
vt -0.134820 0.045828
vt -0.134663 0.045748
vt -0.147156 0.040276
vt -0.147378 0.040524
vt -0.147074 0.040691
vt -0.146956 0.040559
vt -0.151496 0.028695
vt -0.151616 0.029005
vt -0.151272 0.029054
vt -0.151209 0.028889
vt -0.152121 0.018232
vt -0.152108 0.018564
vt -0.151773 0.018474
vt -0.151780 0.018297
vt -0.098214 -0.102591
vt -0.098378 -0.102174
vt -0.098038 -0.102103
vt -0.097916 -0.102412
vt 0.151487 0.018481
vt 0.151185 0.018150
vt 0.150971 0.018424
vt 0.151196 0.018670
vt 0.102817 0.111673
vt 0.102657 0.111254
vt 0.102357 0.111430
vt 0.102476 0.111741
vt 0.069494 0.108658
vt 0.069285 0.108261
vt 0.069009 0.108472
vt 0.069164 0.108767
vt 0.032397 0.078901
vt 0.032114 0.078553
vt 0.031885 0.078814
vt 0.032095 0.079072
vt -0.013216 0.040463
vt -0.013579 0.040200
vt -0.013733 0.040512
vt -0.013463 0.040707
vt -0.066064 0.014281
vt -0.066493 0.014152
vt -0.066536 0.014497
vt -0.066218 0.014593
vt -0.114655 0.013157
vt -0.115102 0.013195
vt -0.115015 0.013532
vt -0.114683 0.013503
vt -0.144019 0.025152
vt -0.144423 0.025347
vt -0.144222 0.025630
vt -0.143922 0.025485
vt -0.151941 0.025140
vt -0.152268 0.025446
vt -0.151992 0.025657
vt -0.151749 0.025429
vt -0.145633 0.000822
vt -0.145881 0.001195
vt -0.145563 0.001336
vt -0.145379 0.001059
vt -0.130053 -0.044174
vt -0.130235 -0.043765
vt -0.129899 -0.043678
vt -0.129764 -0.043982
vt -0.006860 -0.117070
vt -0.007283 -0.116785
vt -0.007065 -0.116515
vt -0.006693 -0.116766
vt 0.130979 -0.059671
vt 0.130480 -0.059776
vt 0.130439 -0.059431
vt 0.130878 -0.059339
vt 0.145184 0.052395
vt 0.144816 0.052042
vt 0.144598 0.052313
vt 0.144922 0.052623
vt 0.111758 0.074417
vt 0.111433 0.074024
vt 0.111186 0.074268
vt 0.111472 0.074613
vt 0.070483 0.045898
vt 0.070135 0.045526
vt 0.069903 0.045785
vt 0.070210 0.046112
vt 0.017390 -0.001748
vt 0.016980 -0.002050
vt 0.016800 -0.001753
vt 0.017161 -0.001488
vt -0.051201 -0.033570
vt -0.051685 -0.033729
vt -0.051764 -0.033391
vt -0.051339 -0.033251
vt -0.117828 -0.020120
vt -0.118336 -0.020071
vt -0.118271 -0.019730
vt -0.117825 -0.019773
vt -0.149735 0.016543
vt -0.150187 0.016777
vt -0.150001 0.017070
vt -0.149603 0.016864
vt -0.147436 0.027606
vt -0.147815 0.027947
vt -0.147560 0.028184
vt -0.147227 0.027884
vt -0.126282 -0.001349
vt -0.126614 -0.000962
vt -0.126331 -0.000761
vt -0.126040 -0.001101
vt -0.087688 -0.059293
vt -0.088022 -0.058908
vt -0.087740 -0.058705
vt -0.087447 -0.059044
vt 0.031192 -0.080125
vt 0.030722 -0.079929
vt 0.030856 -0.079608
vt 0.031326 -0.079805
vt 0.122649 -0.047035
vt 0.122143 -0.047098
vt 0.122100 -0.046754
vt 0.122606 -0.046690
vt 0.152295 0.023291
vt 0.151864 0.023017
vt 0.151678 0.023311
vt 0.152109 0.023584
vt 0.135318 0.045315
vt 0.134952 0.044959
vt 0.134710 0.045208
vt 0.135075 0.045564
vt 0.101162 0.016526
vt 0.100811 0.016157
vt 0.100559 0.016396
vt 0.100910 0.016766
vt 0.049957 -0.038834
vt 0.049568 -0.039164
vt 0.049343 -0.038899
vt 0.049732 -0.038570
vt -0.030722 -0.079929
vt -0.031192 -0.080125
vt -0.031326 -0.079805
vt -0.030856 -0.079608
vt -0.122143 -0.047098
vt -0.122649 -0.047035
vt -0.122606 -0.046690
vt -0.122100 -0.046754
vt -0.151864 0.023017
vt -0.152295 0.023291
vt -0.152109 0.023584
vt -0.151678 0.023311
vt -0.134952 0.044959
vt -0.135318 0.045315
vt -0.135075 0.045564
vt -0.134710 0.045208
vt -0.100811 0.016157
vt -0.101162 0.016526
vt -0.100910 0.016766
vt -0.100559 0.016396
vt -0.049568 -0.039164
vt -0.049957 -0.038834
vt -0.049732 -0.038570
vt -0.049343 -0.038899
vt 0.051643 -0.033760
vt 0.051217 -0.033620
vt 0.051296 -0.033281
vt 0.051780 -0.033441
vt 0.118309 -0.020117
vt 0.117863 -0.020160
vt 0.117799 -0.019818
vt 0.118306 -0.019769
vt 0.150180 0.016725
vt 0.149781 0.016519
vt 0.149595 0.016812
vt 0.150048 0.017046
vt 0.147820 0.027895
vt 0.147487 0.027595
vt 0.147233 0.027832
vt 0.147612 0.028173
vt 0.126627 -0.001013
vt 0.126335 -0.001354
vt 0.126052 -0.001152
vt 0.126384 -0.000765
vt 0.088034 -0.058959
vt 0.087741 -0.059298
vt 0.087459 -0.059095
vt 0.087792 -0.058709
vt 0.007281 -0.116838
vt 0.006909 -0.117088
vt 0.006691 -0.116818
vt 0.007114 -0.116534
vt -0.130519 -0.059811
vt -0.130958 -0.059719
vt -0.130917 -0.059374
vt -0.130418 -0.059479
vt -0.144867 0.052033
vt -0.145191 0.052343
vt -0.144974 0.052614
vt -0.144606 0.052261
vt -0.111486 0.074020
vt -0.111772 0.074366
vt -0.111524 0.074610
vt -0.111200 0.074217
vt -0.070187 0.045519
vt -0.070493 0.045846
vt -0.070262 0.046105
vt -0.069914 0.045733
vt -0.017030 -0.002066
vt -0.017391 -0.001801
vt -0.017211 -0.001504
vt -0.016800 -0.001806
vt 0.066419 0.014106
vt 0.066100 0.014202
vt 0.066143 0.014546
vt 0.066573 0.014417
vt 0.115050 0.013125
vt 0.114719 0.013096
vt 0.114631 0.013432
vt 0.115078 0.013471
vt 0.144400 0.025263
vt 0.144100 0.025118
vt 0.143899 0.025401
vt 0.144302 0.025596
vt 0.152271 0.025359
vt 0.152028 0.025131
vt 0.151752 0.025342
vt 0.152079 0.025648
vt 0.145904 0.001111
vt 0.145720 0.000833
vt 0.145402 0.000974
vt 0.145650 0.001348
vt 0.130272 -0.043844
vt 0.130137 -0.044148
vt 0.129801 -0.044062
vt 0.129983 -0.043652
vt 0.098418 -0.102252
vt 0.098297 -0.102561
vt 0.097957 -0.102490
vt 0.098121 -0.102073
vt -0.151273 0.018149
vt -0.151497 0.018394
vt -0.151283 0.018668
vt -0.150981 0.018337
vt -0.102739 0.111284
vt -0.102858 0.111595
vt -0.102559 0.111772
vt -0.102398 0.111353
vt -0.069370 0.108282
vt -0.069525 0.108576
vt -0.069249 0.108787
vt -0.069040 0.108390
vt -0.032201 0.078556
vt -0.032411 0.078814
vt -0.032182 0.079075
vt -0.031899 0.078728
vt 0.013494 0.040181
vt 0.013224 0.040375
vt 0.013378 0.040687
vt 0.013741 0.040425
vt 0.079952 0.057175
vt 0.079783 0.057227
vt 0.079808 0.057573
vt 0.080126 0.057475
vt 0.111873 0.048065
vt 0.111697 0.048049
vt 0.111589 0.048379
vt 0.111921 0.048409
vt 0.135001 0.045475
vt 0.134844 0.045394
vt 0.134620 0.045660
vt 0.134916 0.045811
vt 0.147370 0.040427
vt 0.147252 0.040295
vt 0.146948 0.040462
vt 0.147170 0.040710
vt 0.151643 0.028911
vt 0.151579 0.028746
vt 0.151235 0.028795
vt 0.151355 0.029106
vt 0.152170 0.018489
vt 0.152176 0.018312
vt 0.151841 0.018221
vt 0.151829 0.018554
vt 0.148625 0.039957
vt 0.148734 0.039817
vt 0.148514 0.039548
vt 0.148310 0.039812
vt 0.078784 0.132255
vt 0.078953 0.132309
vt 0.079130 0.132011
vt 0.078814 0.131909
vt 0.004631 0.147019
vt 0.004687 0.147187
vt 0.005033 0.147152
vt 0.004926 0.146837
vt -0.001279 0.129629
vt -0.001307 0.129804
vt -0.000985 0.129934
vt -0.000933 0.129605
vt 0.016655 0.104268
vt 0.016565 0.104421
vt 0.016817 0.104660
vt 0.016986 0.104373
vt 0.045817 0.077323
vt 0.045679 0.077434
vt 0.045830 0.077747
vt 0.046090 0.077539
vt 0.095353 0.087461
vt 0.095386 0.087807
vt 0.095552 0.087746
vt 0.107907 0.080340
vt 0.107784 0.080665
vt 0.107960 0.080683
vt 0.118710 0.075752
vt 0.118457 0.075989
vt 0.118607 0.076083
vt 0.126108 0.073604
vt 0.125775 0.073702
vt 0.125867 0.073854
vt 0.129147 0.074639
vt 0.128807 0.074568
vt 0.128816 0.074745
vt 0.126767 0.080813
vt 0.126510 0.080579
vt 0.126428 0.080736
vt 0.117318 0.093104
vt 0.117237 0.092766
vt 0.117081 0.092850
vt 0.101109 0.107174
vt 0.101245 0.106855
vt 0.101070 0.106829
vt 0.084579 0.115070
vt 0.084876 0.114890
vt 0.084749 0.114767
vt 0.075498 0.113961
vt 0.075845 0.113970
vt 0.075804 0.113798
vt 0.075904 0.106595
vt 0.076202 0.106773
vt 0.076251 0.106603
vt 0.083621 0.096765
vt 0.083804 0.097060
vt 0.083925 0.096932
vt -0.128706 0.043437
vt -0.129246 0.044433
vt -0.128932 0.044511
vt -0.128469 0.043658
vt -0.060355 0.086589
vt -0.060687 0.087795
vt -0.060364 0.087823
vt -0.060064 0.086731
vt 0.035118 0.097605
vt 0.035193 0.098897
vt 0.035514 0.098857
vt 0.035442 0.097608
vt 0.114929 0.063527
vt 0.115363 0.064700
vt 0.115674 0.064608
vt 0.115224 0.063394
vt 0.154630 0.024082
vt 0.155207 0.025056
vt 0.155511 0.024945
vt 0.154874 0.023869
vt 0.158379 0.014787
vt 0.158913 0.015597
vt 0.159219 0.015492
vt 0.158595 0.014547
vt 0.128526 0.043719
vt 0.128911 0.044430
vt 0.129225 0.044352
vt 0.128763 0.043499
vt 0.060163 0.086933
vt 0.060345 0.087599
vt 0.060668 0.087571
vt 0.060454 0.086791
vt -0.035439 0.097910
vt -0.035476 0.098556
vt -0.035155 0.098597
vt -0.035115 0.097907
vt -0.115348 0.063670
vt -0.115588 0.064318
vt -0.115278 0.064410
vt -0.115053 0.063803
vt -0.155022 0.024038
vt -0.155434 0.024734
vt -0.155130 0.024845
vt -0.154778 0.024251
vt -0.158657 0.014603
vt -0.159192 0.015413
vt -0.158886 0.015518
vt -0.158441 0.014843
vt -0.125853 0.033024
vt -0.125834 0.034156
vt -0.125522 0.034070
vt -0.125539 0.033099
vt -0.055990 0.037224
vt -0.055852 0.038467
vt -0.055542 0.038373
vt -0.055667 0.037248
vt 0.025569 0.026831
vt 0.025789 0.028106
vt 0.026104 0.028030
vt 0.025890 0.026797
vt 0.098643 0.012610
vt 0.098877 0.013838
vt 0.099198 0.013799
vt 0.098956 0.012528
vt 0.148290 0.007719
vt 0.148467 0.008837
vt 0.148791 0.008845
vt 0.148594 0.007610
vt 0.159997 0.017745
vt 0.160078 0.018712
vt 0.160397 0.018767
vt 0.160303 0.017638
vt 0.125558 0.033180
vt 0.125544 0.033989
vt 0.125856 0.034075
vt 0.125873 0.033105
vt 0.055684 0.037472
vt 0.055607 0.038158
vt 0.055917 0.038252
vt 0.056006 0.037448
vt -0.025922 0.027098
vt -0.026032 0.027736
vt -0.025718 0.027812
vt -0.025600 0.027132
vt -0.099033 0.012821
vt -0.099162 0.013499
vt -0.098840 0.013538
vt -0.098720 0.012902
vt -0.148670 0.007822
vt -0.148797 0.008621
vt -0.148473 0.008612
vt -0.148365 0.007930
vt -0.160330 0.017717
vt -0.160411 0.018684
vt -0.160092 0.018630
vt -0.160025 0.017824
vt -0.129512 0.020609
vt -0.128952 0.021593
vt -0.128720 0.021368
vt -0.129200 0.020524
vt -0.072048 -0.014555
vt -0.071469 -0.013447
vt -0.071214 -0.013646
vt -0.071739 -0.014650
vt 0.005571 -0.050769
vt 0.005986 -0.049544
vt 0.006285 -0.049668
vt 0.005883 -0.050853
vt 0.090022 -0.052890
vt 0.090112 -0.051643
vt 0.090436 -0.051644
vt 0.090343 -0.052935
vt 0.149160 -0.014899
vt 0.148919 -0.013793
vt 0.149217 -0.013667
vt 0.149483 -0.014890
vt 0.159533 0.022085
vt 0.159130 0.022968
vt 0.159382 0.023171
vt 0.159852 0.022141
vt 0.129178 0.020605
vt 0.128778 0.021308
vt 0.129010 0.021533
vt 0.129490 0.020690
vt 0.071673 -0.014435
vt 0.071353 -0.013823
vt 0.071608 -0.013623
vt 0.071982 -0.014340
vt -0.005961 -0.050560
vt -0.006169 -0.049947
vt -0.005870 -0.049823
vt -0.005648 -0.050477
vt -0.090385 -0.052636
vt -0.090434 -0.051947
vt -0.090111 -0.051945
vt -0.090064 -0.052591
vt -0.149476 -0.014665
vt -0.149304 -0.013874
vt -0.149006 -0.014000
vt -0.149153 -0.014674
vt -0.159837 0.022223
vt -0.159434 0.023106
vt -0.159183 0.022903
vt -0.159519 0.022167
vt -0.137741 0.012487
vt -0.136774 0.013077
vt -0.136680 0.012768
vt -0.137509 0.012262
vt -0.106263 -0.042949
vt -0.105253 -0.042211
vt -0.105113 -0.042502
vt -0.106027 -0.043171
vt -0.040643 -0.108309
vt -0.039871 -0.107270
vt -0.039625 -0.107480
vt -0.040371 -0.108484
vt 0.089485 -0.106067
vt 0.089412 -0.104818
vt 0.089733 -0.104778
vt 0.089808 -0.106070
vt 0.158493 -0.010318
vt 0.157755 -0.009459
vt 0.157958 -0.009207
vt 0.158772 -0.010156
vt 0.156090 0.030791
vt 0.155291 0.031342
vt 0.155402 0.031646
vt 0.156335 0.031003
vt 0.137451 0.012322
vt 0.136760 0.012743
vt 0.136854 0.013053
vt 0.137683 0.012547
vt 0.105873 -0.043007
vt 0.105316 -0.042600
vt 0.105456 -0.042308
vt 0.106109 -0.042785
vt 0.040208 -0.108230
vt 0.039821 -0.107710
vt 0.040067 -0.107500
vt 0.040479 -0.108054
vt -0.089811 -0.105767
vt -0.089771 -0.105078
vt -0.089450 -0.105119
vt -0.089487 -0.105765
vt -0.158660 -0.009961
vt -0.158133 -0.009348
vt -0.157930 -0.009600
vt -0.158380 -0.010124
vt -0.156280 0.031066
vt -0.155481 0.031617
vt -0.155370 0.031314
vt -0.156035 0.030854
vt -0.146787 0.011279
vt -0.145655 0.011317
vt -0.145725 0.011001
vt -0.146695 0.010968
vt -0.145441 -0.025703
vt -0.144191 -0.025652
vt -0.144237 -0.025972
vt -0.145368 -0.026019
vt -0.142035 -0.060715
vt -0.140745 -0.060613
vt -0.140741 -0.060936
vt -0.141988 -0.061035
vt 0.160410 -0.006281
vt 0.159291 -0.005723
vt 0.159415 -0.005424
vt 0.160573 -0.006001
vt 0.150079 0.056738
vt 0.148949 0.056808
vt 0.148909 0.057129
vt 0.150158 0.057052
vt 0.147934 0.042290
vt 0.146964 0.042327
vt 0.146895 0.042643
vt 0.148027 0.042600
vt 0.146615 0.010992
vt 0.145807 0.011019
vt 0.145737 0.011335
vt 0.146707 0.011302
vt 0.145149 -0.025968
vt 0.144459 -0.025940
vt 0.144413 -0.025620
vt 0.145221 -0.025653
vt 0.141688 -0.060991
vt 0.141043 -0.060940
vt 0.141047 -0.060616
vt 0.141736 -0.060671
vt -0.160312 -0.005848
vt -0.159694 -0.005540
vt -0.159570 -0.005839
vt -0.160149 -0.006128
vt -0.149940 0.057107
vt -0.149132 0.057156
vt -0.149172 0.056835
vt -0.149861 0.056793
vt -0.147947 0.042624
vt -0.146977 0.042661
vt -0.147046 0.042345
vt -0.147854 0.042314
vt -0.153198 0.014472
vt -0.152194 0.013948
vt -0.152411 0.013708
vt -0.153271 0.014157
vt -0.159677 0.013844
vt -0.158618 0.013179
vt -0.158837 0.012941
vt -0.159796 0.013544
vt -0.144855 0.063668
vt -0.144013 0.062686
vt -0.144272 0.062492
vt -0.145086 0.063442
vt -0.034426 0.145990
vt -0.034532 0.144744
vt -0.034855 0.144749
vt -0.034746 0.146039
vt 0.093070 0.108623
vt 0.092262 0.107830
vt 0.091997 0.108015
vt 0.092889 0.108891
vt 0.136227 0.049294
vt 0.135390 0.048803
vt 0.135162 0.049032
vt 0.136138 0.049605
vt 0.153190 0.014138
vt 0.152472 0.013764
vt 0.152256 0.014004
vt 0.153116 0.014453
vt 0.159587 0.013461
vt 0.159003 0.013094
vt 0.158783 0.013331
vt 0.159468 0.013762
vt 0.144874 0.063226
vt 0.144453 0.062734
vt 0.144194 0.062928
vt 0.144643 0.063452
vt 0.034791 0.145739
vt 0.034850 0.145052
vt 0.034526 0.145046
vt 0.034472 0.145691
vt -0.092703 0.108766
vt -0.092126 0.108199
vt -0.092391 0.108014
vt -0.092884 0.108498
vt -0.136058 0.049582
vt -0.135221 0.049091
vt -0.135449 0.048862
vt -0.136147 0.049271
vt -0.156063 0.017577
vt -0.155439 0.016632
vt -0.155745 0.016527
vt -0.156280 0.017337
vt -0.153108 0.026369
vt -0.152470 0.025293
vt -0.152774 0.025182
vt -0.153351 0.026156
vt -0.114539 0.065028
vt -0.114089 0.063815
vt -0.114400 0.063723
vt -0.114834 0.064896
vt -0.036077 0.098824
vt -0.036005 0.097575
vt -0.036326 0.097535
vt -0.036401 0.098827
vt 0.058284 0.088394
vt 0.057984 0.087302
vt 0.057662 0.087329
vt 0.057993 0.088535
vt 0.126157 0.046016
vt 0.125694 0.045163
vt 0.125381 0.045241
vt 0.125920 0.046236
vt 0.156218 0.017281
vt 0.155772 0.016606
vt 0.155466 0.016711
vt 0.156001 0.017521
vt 0.153203 0.025987
vt 0.152851 0.025393
vt 0.152548 0.025504
vt 0.152960 0.026200
vt 0.114710 0.064620
vt 0.114486 0.064013
vt 0.114175 0.064105
vt 0.114415 0.064752
vt 0.036404 0.098525
vt 0.036364 0.097835
vt 0.036043 0.097876
vt 0.036080 0.098522
vt -0.057895 0.088333
vt -0.057681 0.087553
vt -0.058003 0.087526
vt -0.058186 0.088192
vt -0.125863 0.046175
vt -0.125401 0.045322
vt -0.125715 0.045244
vt -0.126100 0.045955
vt -0.156627 0.019081
vt -0.156533 0.017952
vt -0.156852 0.018007
vt -0.156933 0.018974
vt -0.146032 0.009284
vt -0.145836 0.008048
vt -0.146159 0.008057
vt -0.146337 0.009175
vt -0.098009 0.014025
vt -0.097767 0.012754
vt -0.098089 0.012715
vt -0.098322 0.013944
vt -0.026660 0.027934
vt -0.026447 0.026701
vt -0.026761 0.026625
vt -0.026982 0.027900
vt 0.053398 0.038135
vt 0.053523 0.037009
vt 0.053213 0.036915
vt 0.053075 0.038159
vt 0.122366 0.034016
vt 0.122383 0.033045
vt 0.122071 0.032959
vt 0.122052 0.034091
vt 0.156905 0.018895
vt 0.156838 0.018089
vt 0.156519 0.018034
vt 0.156600 0.019002
vt 0.146261 0.008963
vt 0.146153 0.008282
vt 0.145830 0.008273
vt 0.145956 0.009072
vt 0.098246 0.013651
vt 0.098125 0.013015
vt 0.097804 0.013054
vt 0.097933 0.013733
vt 0.026950 0.027599
vt 0.026833 0.026919
vt 0.026518 0.026995
vt 0.026628 0.027633
vt -0.053059 0.037934
vt -0.053148 0.037131
vt -0.053458 0.037225
vt -0.053382 0.037911
vt -0.122032 0.034010
vt -0.122049 0.033040
vt -0.122361 0.033126
vt -0.122347 0.033935
vt -0.155940 0.021601
vt -0.156410 0.020571
vt -0.156662 0.020774
vt -0.156259 0.021657
vt -0.146488 -0.014260
vt -0.146753 -0.015482
vt -0.147051 -0.015357
vt -0.146811 -0.014250
vt -0.089229 -0.051557
vt -0.089136 -0.052848
vt -0.089459 -0.052850
vt -0.089549 -0.051602
vt -0.006820 -0.049849
vt -0.006418 -0.051034
vt -0.006717 -0.051158
vt -0.007132 -0.049932
vt 0.069302 -0.014646
vt 0.069827 -0.015649
vt 0.069572 -0.015849
vt 0.068993 -0.014741
vt 0.125977 0.019805
vt 0.126458 0.018962
vt 0.126226 0.018736
vt 0.125665 0.019720
vt 0.156273 0.021575
vt 0.156609 0.020839
vt 0.156358 0.020636
vt 0.155955 0.021519
vt 0.146818 -0.014475
vt 0.146964 -0.015150
vt 0.146666 -0.015275
vt 0.146494 -0.014485
vt 0.089507 -0.051902
vt 0.089461 -0.052547
vt 0.089137 -0.052546
vt 0.089187 -0.051857
vt 0.007054 -0.050225
vt 0.006833 -0.050879
vt 0.006534 -0.050754
vt 0.006742 -0.050142
vt -0.069059 -0.014955
vt -0.069434 -0.015672
vt -0.069688 -0.015472
vt -0.069368 -0.014861
vt -0.125687 0.019640
vt -0.126168 0.018796
vt -0.126400 0.019022
vt -0.125999 0.019724
vt -0.153254 0.028533
vt -0.154186 0.027890
vt -0.154298 0.028193
vt -0.153499 0.028745
vt -0.155838 -0.011026
vt -0.156653 -0.011975
vt -0.156856 -0.011723
vt -0.156118 -0.010864
vt -0.088525 -0.104849
vt -0.088600 -0.106141
vt -0.088921 -0.106100
vt -0.088848 -0.104851
vt 0.039172 -0.107817
vt 0.039919 -0.108821
vt 0.039673 -0.109031
vt 0.038900 -0.107993
vt 0.103840 -0.044244
vt 0.104754 -0.044912
vt 0.104614 -0.045204
vt 0.103605 -0.044466
vt 0.135036 0.010073
vt 0.135865 0.009568
vt 0.135770 0.009258
vt 0.134804 0.009848
vt 0.153553 0.028681
vt 0.154219 0.028222
vt 0.154108 0.027918
vt 0.153309 0.028470
vt 0.156231 -0.011059
vt 0.156681 -0.011583
vt 0.156478 -0.011835
vt 0.155951 -0.011221
vt 0.088846 -0.105154
vt 0.088883 -0.105800
vt 0.088563 -0.105840
vt 0.088522 -0.105151
vt -0.039064 -0.108247
vt -0.039476 -0.108801
vt -0.039722 -0.108591
vt -0.039336 -0.108072
vt -0.103759 -0.044629
vt -0.104412 -0.045107
vt -0.104552 -0.044815
vt -0.103994 -0.044408
vt -0.134862 0.009788
vt -0.135691 0.009283
vt -0.135785 0.009592
vt -0.135094 0.010013
vt -0.146753 0.038863
vt -0.147885 0.038820
vt -0.147815 0.039136
vt -0.146846 0.039173
vt -0.148738 0.054341
vt -0.149986 0.054264
vt -0.149947 0.054585
vt -0.148817 0.054654
vt -0.158876 -0.006507
vt -0.160034 -0.007085
vt -0.160159 -0.006786
vt -0.159039 -0.006228
vt 0.140696 -0.061499
vt 0.141943 -0.061598
vt 0.141939 -0.061921
vt 0.140649 -0.061819
vt 0.144148 -0.028127
vt 0.145279 -0.028174
vt 0.145325 -0.028494
vt 0.144075 -0.028443
vt 0.145618 0.007847
vt 0.146589 0.007814
vt 0.146659 0.007498
vt 0.145527 0.007536
vt 0.146926 0.039149
vt 0.147734 0.039118
vt 0.147803 0.038802
vt 0.146833 0.038839
vt 0.149035 0.054600
vt 0.149724 0.054557
vt 0.149763 0.054236
vt 0.148956 0.054286
vt 0.159300 -0.006381
vt 0.159879 -0.006669
vt 0.159755 -0.006968
vt 0.159137 -0.006660
vt -0.140948 -0.061863
vt -0.141637 -0.061918
vt -0.141640 -0.061594
vt -0.140996 -0.061543
vt -0.144294 -0.028493
vt -0.145102 -0.028526
vt -0.145056 -0.028206
vt -0.144367 -0.028178
vt -0.145607 0.007513
vt -0.146577 0.007480
vt -0.146507 0.007796
vt -0.145699 0.007823
vt -0.137077 0.045770
vt -0.138053 0.046343
vt -0.137825 0.046572
vt -0.136988 0.046081
vt -0.093955 0.106022
vt -0.094847 0.106899
vt -0.094582 0.107084
vt -0.093774 0.106291
vt 0.033649 0.144647
vt 0.033540 0.145937
vt 0.033864 0.145942
vt 0.033969 0.144696
vt 0.144701 0.062125
vt 0.145515 0.063075
vt 0.145774 0.062881
vt 0.144932 0.061898
vt 0.159985 0.011114
vt 0.160944 0.011717
vt 0.161163 0.011479
vt 0.160104 0.010814
vt 0.153871 0.010909
vt 0.154731 0.011358
vt 0.154948 0.011118
vt 0.153944 0.010594
vt 0.137068 0.046104
vt 0.137766 0.046513
vt 0.137994 0.046284
vt 0.137157 0.045793
vt 0.093960 0.106416
vt 0.094453 0.106900
vt 0.094718 0.106715
vt 0.094141 0.106148
vt -0.033923 0.144995
vt -0.033869 0.145640
vt -0.033545 0.145634
vt -0.033603 0.144946
vt -0.145144 0.062114
vt -0.145593 0.062639
vt -0.145334 0.062832
vt -0.144913 0.062341
vt -0.160313 0.010896
vt -0.160998 0.011327
vt -0.160779 0.011564
vt -0.160194 0.011197
vt -0.154025 0.010613
vt -0.154886 0.011062
vt -0.154669 0.011302
vt -0.153952 0.010928
vt 0.139632 0.041260
vt 0.138891 0.040538
vt 0.136100 0.043404
vt 0.136842 0.044126
vt 0.105630 0.012641
vt 0.104917 0.011891
vt 0.102018 0.014647
vt 0.102731 0.015397
vt 0.053983 -0.043175
vt 0.053194 -0.043845
vt 0.050606 -0.040795
vt 0.051396 -0.040125
vt -0.028201 -0.085286
vt -0.029157 -0.085685
vt -0.030697 -0.081994
vt -0.029742 -0.081595
vt -0.122619 -0.053000
vt -0.123646 -0.052871
vt -0.123148 -0.048902
vt -0.122121 -0.049031
vt -0.154812 0.017882
vt -0.155686 0.018437
vt -0.153543 0.021814
vt -0.152668 0.021260
vt -0.138891 0.040538
vt -0.139632 0.041260
vt -0.136842 0.044126
vt -0.136100 0.043404
vt -0.104917 0.011891
vt -0.105630 0.012641
vt -0.102731 0.015397
vt -0.102018 0.014647
vt -0.053194 -0.043845
vt -0.053983 -0.043175
vt -0.051396 -0.040125
vt -0.050606 -0.040795
vt 0.029157 -0.085685
vt 0.028201 -0.085286
vt 0.029742 -0.081595
vt 0.030697 -0.081994
vt 0.123646 -0.052871
vt 0.122619 -0.053000
vt 0.122121 -0.049031
vt 0.123148 -0.048902
vt 0.155686 0.018437
vt 0.154812 0.017882
vt 0.152668 0.021260
vt 0.153543 0.021814
vt -0.103565 0.095772
vt -0.103157 0.094821
vt -0.103280 0.093793
vt -0.103900 0.092964
vt -0.104851 0.092556
vt -0.105879 0.092678
vt -0.106708 0.093299
vt -0.107116 0.094250
vt -0.106994 0.095278
vt -0.106374 0.096107
vt -0.105422 0.096515
vt -0.104394 0.096392
vt 0.104394 0.096392
vt 0.105422 0.096515
vt 0.106374 0.096107
vt 0.106994 0.095278
vt 0.107116 0.094250
vt 0.106708 0.093299
vt 0.105879 0.092678
vt 0.104851 0.092556
vt 0.103900 0.092964
vt 0.103280 0.093793
vt 0.103157 0.094821
vt 0.103565 0.095772
vt 0.082827 0.073886
vt 0.085888 0.072413
vt 0.085262 0.071671
vt 0.082638 0.072934
vt 0.043941 -0.004646
vt 0.047411 -0.006075
vt 0.046883 -0.006889
vt 0.043742 -0.005596
vt 0.005108 -0.088664
vt 0.008622 -0.090315
vt 0.008151 -0.091164
vt 0.004755 -0.089568
vt -0.056583 -0.142499
vt -0.053614 -0.144794
vt -0.054155 -0.145600
vt -0.057226 -0.143225
vt -0.173701 -0.062646
vt -0.173316 -0.066021
vt -0.174244 -0.066306
vt -0.174669 -0.062578
vt -0.140700 0.094637
vt -0.142882 0.092710
vt -0.143686 0.093253
vt -0.141140 0.095502
vt -0.082884 0.072885
vt -0.085070 0.071833
vt -0.085697 0.072574
vt -0.083073 0.073837
vt -0.044402 -0.005734
vt -0.046317 -0.006523
vt -0.046845 -0.005708
vt -0.044601 -0.004784
vt -0.005601 -0.089898
vt -0.007358 -0.090724
vt -0.007828 -0.089875
vt -0.005954 -0.088994
vt 0.056547 -0.143827
vt 0.054909 -0.145094
vt 0.054368 -0.144288
vt 0.055904 -0.143101
vt 0.174717 -0.063250
vt 0.174442 -0.065661
vt 0.173514 -0.065377
vt 0.173749 -0.063319
vt 0.141364 0.095388
vt 0.143546 0.093461
vt 0.142742 0.092917
vt 0.140923 0.094523
vt 0.063989 0.090409
vt 0.066131 0.087773
vt 0.065249 0.087369
vt 0.063413 0.089628
vt -0.012272 0.031425
vt -0.009458 0.028943
vt -0.010222 0.028345
vt -0.012770 0.030592
vt -0.073264 -0.038246
vt -0.070339 -0.040798
vt -0.071025 -0.041485
vt -0.073852 -0.039018
vt -0.131749 -0.074650
vt -0.129289 -0.077483
vt -0.129978 -0.078167
vt -0.132523 -0.075235
vt -0.181900 -0.034282
vt -0.180741 -0.037476
vt -0.181578 -0.037968
vt -0.182857 -0.034441
vt -0.155625 0.070434
vt -0.156348 0.067614
vt -0.157319 0.067612
vt -0.156475 0.070903
vt -0.063614 0.089480
vt -0.065144 0.087596
vt -0.066027 0.088001
vt -0.064191 0.090261
vt 0.012191 0.030246
vt 0.010638 0.028876
vt 0.009873 0.029474
vt 0.011693 0.031079
vt 0.073130 -0.039568
vt 0.071667 -0.040844
vt 0.070981 -0.040157
vt 0.072542 -0.038795
vt 0.131975 -0.075959
vt 0.130617 -0.077523
vt 0.129929 -0.076839
vt 0.131201 -0.075373
vt 0.182747 -0.035106
vt 0.181920 -0.037387
vt 0.181083 -0.036895
vt 0.181790 -0.034948
vt 0.156596 0.070683
vt 0.157319 0.067863
vt 0.156349 0.067865
vt 0.155746 0.070215
vt 0.052619 0.108998
vt 0.053370 0.105685
vt 0.052400 0.105714
vt 0.051756 0.108554
vt -0.057236 0.075966
vt -0.055207 0.072809
vt -0.056106 0.072443
vt -0.057942 0.075301
vt -0.126571 0.015276
vt -0.124012 0.012357
vt -0.124783 0.011767
vt -0.127256 0.014589
vt -0.167922 -0.021959
vt -0.165435 -0.024769
vt -0.166117 -0.025459
vt -0.168690 -0.022552
vt -0.185765 -0.010014
vt -0.183881 -0.012841
vt -0.184576 -0.013518
vt -0.186657 -0.010395
vt -0.156319 0.056959
vt -0.155586 0.054141
vt -0.156435 0.053670
vt -0.157289 0.056958
vt -0.051871 0.108331
vt -0.052407 0.105965
vt -0.053377 0.105936
vt -0.052734 0.108776
vt 0.057480 0.074810
vt 0.056361 0.073068
vt 0.055462 0.073434
vt 0.056773 0.075475
vt 0.126614 0.013948
vt 0.125335 0.012488
vt 0.124563 0.013078
vt 0.125929 0.014635
vt 0.168136 -0.023270
vt 0.166763 -0.024821
vt 0.166081 -0.024131
vt 0.167367 -0.022677
vt 0.186392 -0.011015
vt 0.185047 -0.013034
vt 0.184351 -0.012358
vt 0.185500 -0.010634
vt 0.157289 0.056707
vt 0.156557 0.053889
vt 0.155708 0.054360
vt 0.156318 0.056708
vt 0.054477 0.124282
vt 0.053516 0.121024
vt 0.052683 0.121523
vt 0.053507 0.124315
vt -0.090518 0.111317
vt -0.089291 0.107771
vt -0.090251 0.107627
vt -0.091362 0.110837
vt -0.164311 0.035293
vt -0.161752 0.032374
vt -0.162523 0.031784
vt -0.164997 0.034606
vt -0.183743 -0.008136
vt -0.180883 -0.010565
vt -0.181460 -0.011345
vt -0.184419 -0.008832
vt -0.179048 -0.003086
vt -0.176456 -0.005282
vt -0.176937 -0.006125
vt -0.179800 -0.003699
vt -0.147317 0.050405
vt -0.145415 0.048199
vt -0.145968 0.047402
vt -0.148187 0.049975
vt -0.053498 0.124065
vt -0.052812 0.121738
vt -0.053644 0.121239
vt -0.054468 0.124032
vt 0.091029 0.110251
vt 0.090351 0.108294
vt 0.089392 0.108438
vt 0.090185 0.110731
vt 0.164354 0.033965
vt 0.163074 0.032505
vt 0.162303 0.033095
vt 0.163669 0.034652
vt 0.183768 -0.009465
vt 0.182190 -0.010805
vt 0.181613 -0.010025
vt 0.183092 -0.008768
vt 0.179374 -0.004222
vt 0.177523 -0.005790
vt 0.177041 -0.004948
vt 0.178622 -0.003609
vt 0.148076 0.049750
vt 0.146174 0.047545
vt 0.145621 0.048342
vt 0.147206 0.050180
vt 0.074890 0.128345
vt 0.072249 0.126208
vt 0.071846 0.127091
vt 0.074110 0.128923
vt -0.112322 0.128948
vt -0.111962 0.125213
vt -0.112929 0.125299
vt -0.113255 0.128680
vt -0.182272 -0.013196
vt -0.179142 -0.015492
vt -0.179767 -0.016234
vt -0.182793 -0.014016
vt -0.170470 -0.041752
vt -0.167037 -0.043266
vt -0.167369 -0.044178
vt -0.170921 -0.042611
vt -0.154022 -0.013429
vt -0.150851 -0.014648
vt -0.151027 -0.015602
vt -0.154530 -0.014256
vt -0.130271 0.048451
vt -0.127613 0.047263
vt -0.127775 0.046306
vt -0.130876 0.047692
vt -0.073960 0.128721
vt -0.072074 0.127195
vt -0.072477 0.126312
vt -0.074740 0.128143
vt 0.113069 0.128032
vt 0.112870 0.125970
vt 0.111903 0.125885
vt 0.112136 0.128300
vt 0.182026 -0.014502
vt 0.180461 -0.015650
vt 0.179836 -0.014907
vt 0.181506 -0.013683
vt 0.170117 -0.043033
vt 0.168222 -0.043868
vt 0.167890 -0.042956
vt 0.169666 -0.042173
vt 0.153955 -0.014609
vt 0.151690 -0.015480
vt 0.151514 -0.014525
vt 0.153447 -0.013782
vt 0.130680 0.047536
vt 0.128022 0.046348
vt 0.127860 0.047305
vt 0.130075 0.048295
vt 0.109218 0.112598
vt 0.105821 0.112679
vt 0.106086 0.113613
vt 0.108997 0.113543
vt 0.154747 0.091181
vt 0.151294 0.092650
vt 0.151831 0.093458
vt 0.154957 0.092128
vt -0.103034 -0.137531
vt -0.099153 -0.137425
vt -0.099192 -0.138395
vt -0.102942 -0.138498
vt -0.105289 -0.092352
vt -0.101537 -0.092295
vt -0.101457 -0.093262
vt -0.105339 -0.093321
vt -0.106203 -0.024093
vt -0.102807 -0.024050
vt -0.102617 -0.025002
vt -0.106369 -0.025050
vt -0.107011 0.052084
vt -0.104100 0.052125
vt -0.103844 0.051189
vt -0.107240 0.051141
vt -0.108753 0.113486
vt -0.106327 0.113544
vt -0.106063 0.112610
vt -0.108974 0.112541
vt -0.154299 0.092274
vt -0.152393 0.093085
vt -0.151856 0.092277
vt -0.154088 0.091326
vt 0.102039 -0.138412
vt 0.100098 -0.138359
vt 0.100060 -0.137389
vt 0.102130 -0.137446
vt 0.104433 -0.093368
vt 0.102362 -0.093337
vt 0.102441 -0.092370
vt 0.104382 -0.092399
vt 0.105704 -0.025165
vt 0.103278 -0.025134
vt 0.103468 -0.024182
vt 0.105539 -0.024208
vt 0.106997 0.051082
vt 0.104085 0.051123
vt 0.104342 0.052059
vt 0.106768 0.052025
vt 0.136174 0.084747
vt 0.133628 0.086996
vt 0.134432 0.087540
vt 0.136615 0.085612
vt 0.165918 -0.065357
vt 0.166343 -0.061629
vt 0.167271 -0.061914
vt 0.166886 -0.065289
vt 0.051935 -0.142728
vt 0.055006 -0.140353
vt 0.055547 -0.141159
vt 0.052578 -0.143454
vt -0.007431 -0.092697
vt -0.004035 -0.091101
vt -0.003564 -0.091949
vt -0.007078 -0.093601
vt -0.044418 -0.012874
vt -0.041277 -0.011580
vt -0.040750 -0.012394
vt -0.044219 -0.013823
vt -0.081154 0.063140
vt -0.078531 0.064403
vt -0.077904 0.063661
vt -0.080965 0.062188
vt -0.136391 0.085726
vt -0.134573 0.087332
vt -0.133769 0.086788
vt -0.135951 0.084861
vt -0.166838 -0.064616
vt -0.167073 -0.062558
vt -0.166145 -0.062274
vt -0.165870 -0.064685
vt -0.053258 -0.142852
vt -0.054793 -0.141665
vt -0.054252 -0.140859
vt -0.052614 -0.142126
vt 0.006232 -0.093270
vt 0.004358 -0.092390
vt 0.004829 -0.091541
vt 0.006586 -0.092366
vt 0.043559 -0.013685
vt 0.041316 -0.012761
vt 0.041843 -0.011946
vt 0.043758 -0.012735
vt 0.080719 0.062237
vt 0.078096 0.063500
vt 0.078722 0.064241
vt 0.080908 0.063189
vt 0.146326 0.064794
vt 0.145482 0.068084
vt 0.146453 0.068082
vt 0.147176 0.065262
vt 0.173700 -0.035110
vt 0.174979 -0.031583
vt 0.175816 -0.032075
vt 0.174657 -0.035268
vt 0.127236 -0.075787
vt 0.129781 -0.072855
vt 0.130470 -0.073539
vt 0.128010 -0.076373
vt 0.072138 -0.042761
vt 0.074965 -0.040294
vt 0.075651 -0.040981
vt 0.072726 -0.043534
vt 0.014504 0.023492
vt 0.017051 0.025739
vt 0.017816 0.025141
vt 0.015002 0.022659
vt -0.057900 0.081397
vt -0.056064 0.083657
vt -0.055182 0.083253
vt -0.057324 0.080617
vt -0.147055 0.065481
vt -0.146453 0.067832
vt -0.145482 0.067833
vt -0.146205 0.065013
vt -0.174767 -0.034603
vt -0.175474 -0.032656
vt -0.174637 -0.032164
vt -0.173810 -0.034445
vt -0.128558 -0.075649
vt -0.129830 -0.074183
vt -0.129142 -0.073499
vt -0.127784 -0.075064
vt -0.073448 -0.042984
vt -0.075009 -0.041622
vt -0.074323 -0.040935
vt -0.072861 -0.042212
vt -0.015581 0.023005
vt -0.017400 0.024610
vt -0.016636 0.025208
vt -0.015083 0.023838
vt 0.057122 0.080765
vt 0.055286 0.083025
vt 0.056168 0.083429
vt 0.057698 0.081546
vt 0.145451 0.056523
vt 0.146305 0.059811
vt 0.147154 0.059340
vt 0.146422 0.056521
vt 0.177602 -0.008871
vt 0.179683 -0.005748
vt 0.180379 -0.006425
vt 0.178495 -0.009252
vt 0.163399 -0.023053
vt 0.165972 -0.020146
vt 0.166654 -0.020836
vt 0.164167 -0.023646
vt 0.126057 0.010651
vt 0.128530 0.013473
vt 0.129301 0.012883
vt 0.126742 0.009964
vt 0.061551 0.068945
vt 0.063388 0.071803
vt 0.064286 0.071437
vt 0.062258 0.068280
vt -0.043165 0.103621
vt -0.042522 0.106461
vt -0.041551 0.106490
vt -0.042302 0.103177
vt -0.146422 0.056772
vt -0.147032 0.059120
vt -0.146184 0.059592
vt -0.145452 0.056773
vt -0.178760 -0.008632
vt -0.179908 -0.006908
vt -0.179213 -0.006232
vt -0.177867 -0.008251
vt -0.164722 -0.022928
vt -0.166008 -0.021474
vt -0.165326 -0.020784
vt -0.163953 -0.022335
vt -0.127385 0.010605
vt -0.128750 0.012162
vt -0.127979 0.012752
vt -0.126700 0.011292
vt -0.062720 0.068771
vt -0.064032 0.070812
vt -0.063133 0.071179
vt -0.062014 0.069436
vt 0.042188 0.103400
vt 0.041544 0.106240
vt 0.042514 0.106211
vt 0.043051 0.103844
vt 0.137374 0.054813
vt 0.139592 0.057385
vt 0.140145 0.056588
vt 0.138244 0.054383
vt 0.171520 0.000269
vt 0.174383 0.002695
vt 0.174864 0.001852
vt 0.172272 -0.000344
vt 0.179110 -0.008578
vt 0.182070 -0.006065
vt 0.182647 -0.006845
vt 0.179787 -0.009274
vt 0.163796 0.030668
vt 0.166270 0.033489
vt 0.167041 0.032900
vt 0.164482 0.029980
vt 0.096368 0.105511
vt 0.097478 0.108721
vt 0.098438 0.108577
vt 0.097211 0.105031
vt -0.043601 0.124202
vt -0.044425 0.126995
vt -0.043592 0.127493
vt -0.042631 0.124235
vt -0.138355 0.054607
vt -0.139940 0.056445
vt -0.139386 0.057243
vt -0.137485 0.055037
vt -0.172698 0.000179
vt -0.174279 0.001518
vt -0.173797 0.002360
vt -0.171946 0.000792
vt -0.180438 -0.008641
vt -0.181917 -0.007385
vt -0.181340 -0.006605
vt -0.179761 -0.007945
vt -0.165124 0.030621
vt -0.166490 0.032179
vt -0.165719 0.032768
vt -0.164439 0.031309
vt -0.097545 0.105617
vt -0.098338 0.107910
vt -0.097378 0.108054
vt -0.096701 0.106097
vt 0.042640 0.124485
vt 0.043464 0.127278
vt 0.044296 0.126779
vt 0.043610 0.124452
vt 0.123146 0.056668
vt 0.126248 0.058053
vt 0.126410 0.057096
vt 0.123751 0.055909
vt 0.148021 -0.007780
vt 0.151523 -0.006434
vt 0.151699 -0.007388
vt 0.148529 -0.008607
vt 0.165903 -0.040856
vt 0.169456 -0.039290
vt 0.169787 -0.040202
vt 0.166354 -0.041716
vt 0.180768 -0.017600
vt 0.183794 -0.015381
vt 0.184419 -0.016124
vt 0.181288 -0.018420
vt 0.119372 0.124678
vt 0.119697 0.128059
vt 0.120664 0.128145
vt 0.120304 0.124410
vt -0.065890 0.134452
vt -0.068154 0.136284
vt -0.067752 0.137167
vt -0.065111 0.135030
vt -0.123947 0.056065
vt -0.126162 0.057054
vt -0.126001 0.058011
vt -0.123342 0.056824
vt -0.149103 -0.008254
vt -0.151036 -0.007511
vt -0.150860 -0.006556
vt -0.148595 -0.007427
vt -0.167158 -0.041295
vt -0.168934 -0.040512
vt -0.168602 -0.039600
vt -0.166707 -0.040435
vt -0.182055 -0.017933
vt -0.183725 -0.016709
vt -0.183100 -0.015966
vt -0.181534 -0.017114
vt -0.120491 0.125058
vt -0.120723 0.127473
vt -0.119756 0.127388
vt -0.119558 0.125326
vt 0.065260 0.135232
vt 0.067524 0.137063
vt 0.067926 0.136180
vt 0.066040 0.134654
vt 0.104005 0.062536
vt 0.107402 0.062488
vt 0.107146 0.061552
vt 0.104235 0.061593
vt 0.102724 -0.016622
vt 0.106475 -0.016670
vt 0.106286 -0.017622
vt 0.102889 -0.017579
vt 0.101512 -0.089632
vt 0.105394 -0.089691
vt 0.105314 -0.090659
vt 0.101563 -0.090602
vt 0.099145 -0.140088
vt 0.102896 -0.140191
vt 0.102935 -0.141160
vt 0.099054 -0.141055
vt -0.154366 0.099413
vt -0.157492 0.098082
vt -0.158029 0.098891
vt -0.154576 0.100360
vt -0.106312 0.123079
vt -0.109223 0.123009
vt -0.109488 0.123943
vt -0.106092 0.124024
vt -0.104478 0.061652
vt -0.106904 0.061618
vt -0.107160 0.062554
vt -0.104249 0.062596
vt -0.103553 -0.017464
vt -0.105624 -0.017490
vt -0.105814 -0.016538
vt -0.103388 -0.016507
vt -0.102469 -0.090555
vt -0.104410 -0.090584
vt -0.104490 -0.089617
vt -0.102419 -0.089585
vt -0.099957 -0.141140
vt -0.102028 -0.141197
vt -0.101989 -0.140227
vt -0.100049 -0.140174
vt 0.155234 0.100215
vt 0.157467 0.099265
vt 0.156930 0.098456
vt 0.155024 0.099267
vt 0.106336 0.124081
vt 0.109247 0.124011
vt 0.108982 0.123078
vt 0.106556 0.123135
vt 0.145655 0.036002
vt 0.143986 0.034377
vt 0.137707 0.040826
vt 0.139376 0.042451
vt 0.111851 0.007620
vt 0.110246 0.005931
vt 0.103723 0.012133
vt 0.105328 0.013821
vt 0.059631 -0.048834
vt 0.057855 -0.050340
vt 0.052033 -0.043477
vt 0.053810 -0.041970
vt -0.024535 -0.092391
vt -0.026685 -0.093288
vt -0.030151 -0.084982
vt -0.028002 -0.084085
vt -0.122968 -0.060987
vt -0.125280 -0.060697
vt -0.124160 -0.051767
vt -0.121849 -0.052057
vt -0.158534 0.010807
vt -0.160501 0.012055
vt -0.155679 0.019654
vt -0.153712 0.018406
vt -0.143986 0.034377
vt -0.145655 0.036002
vt -0.139376 0.042451
vt -0.137707 0.040826
vt -0.110246 0.005931
vt -0.111851 0.007620
vt -0.105328 0.013821
vt -0.103723 0.012133
vt -0.057855 -0.050340
vt -0.059631 -0.048834
vt -0.053810 -0.041970
vt -0.052033 -0.043477
vt 0.026685 -0.093288
vt 0.024535 -0.092391
vt 0.028002 -0.084085
vt 0.030151 -0.084982
vt 0.125280 -0.060697
vt 0.122968 -0.060987
vt 0.121849 -0.052057
vt 0.124160 -0.051767
vt 0.160501 0.012055
vt 0.158534 0.010807
vt 0.153712 0.018406
vt 0.155679 0.019654
vt -0.101600 0.097318
vt -0.100683 0.095177
vt -0.100959 0.092864
vt -0.102354 0.090999
vt -0.104495 0.090081
vt -0.106808 0.090357
vt -0.108673 0.091752
vt -0.109591 0.093893
vt -0.109315 0.096206
vt -0.107920 0.098072
vt -0.105779 0.098989
vt -0.103466 0.098714
vt 0.103466 0.098714
vt 0.105779 0.098989
vt 0.107920 0.098072
vt 0.109315 0.096206
vt 0.109591 0.093893
vt 0.108673 0.091752
vt 0.106808 0.090357
vt 0.104495 0.090081
vt 0.102354 0.090999
vt 0.100959 0.092864
vt 0.100683 0.095177
vt 0.101600 0.097318
vt -0.118328 0.094332
vt -0.117782 0.094624
vt -0.117500 0.093442
vt -0.101189 0.108762
vt -0.100576 0.108672
vt -0.101053 0.107554
vt -0.083716 0.116405
vt -0.083271 0.115974
vt -0.084311 0.115345
vt -0.074052 0.114623
vt -0.073909 0.114020
vt -0.075124 0.114050
vt -0.074320 0.106461
vt -0.074491 0.105865
vt -0.075535 0.106489
vt -0.082276 0.095917
vt -0.082702 0.095468
vt -0.083342 0.096501
vt -0.094525 0.086104
vt -0.095107 0.085890
vt -0.095221 0.087101
vt -0.107759 0.078757
vt -0.108375 0.078821
vt -0.107946 0.079958
vt -0.119275 0.074265
vt -0.119800 0.074594
vt -0.118914 0.075426
vt -0.127281 0.072531
vt -0.127602 0.073061
vt -0.126437 0.073405
vt -0.130687 0.074246
vt -0.130720 0.074865
vt -0.129530 0.074618
vt -0.128292 0.081263
vt -0.128004 0.081812
vt -0.127107 0.080991
vt -0.151961 0.041688
vt -0.151248 0.042609
vt -0.150478 0.041669
vt -0.150857 0.041178
vt -0.078291 0.135980
vt -0.077182 0.135623
vt -0.077804 0.134579
vt -0.078394 0.134769
vt -0.001344 0.148841
vt -0.000971 0.147738
vt -0.002180 0.147616
vt -0.002379 0.148202
vt 0.005036 0.129711
vt 0.004853 0.128561
vt 0.003726 0.129016
vt 0.003823 0.129628
vt -0.013130 0.102967
vt -0.013721 0.101964
vt -0.014603 0.102801
vt -0.014288 0.103335
vt -0.042981 0.074859
vt -0.043889 0.074130
vt -0.044418 0.075225
vt -0.043935 0.075613
vt -0.078218 0.053841
vt -0.079331 0.053497
vt -0.079421 0.054709
vt -0.078829 0.054892
vt -0.111531 0.044323
vt -0.112691 0.044426
vt -0.112315 0.045582
vt -0.111698 0.045527
vt -0.136087 0.041878
vt -0.137124 0.042408
vt -0.136342 0.043338
vt -0.135790 0.043056
vt -0.149678 0.037461
vt -0.150454 0.038329
vt -0.149390 0.038916
vt -0.148977 0.038454
vt -0.154851 0.026956
vt -0.155270 0.028043
vt -0.154067 0.028214
vt -0.153844 0.027636
vt -0.155889 0.017956
vt -0.155846 0.019120
vt -0.154672 0.018803
vt -0.154695 0.018184
vt -0.103132 -0.105123
vt -0.103705 -0.103663
vt -0.102515 -0.103413
vt -0.102090 -0.104497
vt 0.155928 0.015184
vt 0.154870 0.014025
vt 0.154122 0.014983
vt 0.154907 0.015843
vt 0.108157 0.110230
vt 0.107596 0.108764
vt 0.106549 0.109381
vt 0.106965 0.110469
vt 0.074622 0.106584
vt 0.073889 0.105196
vt 0.072924 0.105935
vt 0.073467 0.106965
vt 0.037019 0.075863
vt 0.036029 0.074645
vt 0.035227 0.075559
vt 0.035962 0.076462
vt -0.009543 0.036327
vt -0.010816 0.035409
vt -0.011353 0.036500
vt -0.010408 0.037181
vt -0.063945 0.009172
vt -0.065448 0.008721
vt -0.065599 0.009927
vt -0.064483 0.010262
vt -0.114575 0.007626
vt -0.116138 0.007762
vt -0.115832 0.008939
vt -0.114672 0.008837
vt -0.145912 0.019955
vt -0.147325 0.020638
vt -0.146620 0.021629
vt -0.145572 0.021122
vt -0.155294 0.020740
vt -0.156439 0.021813
vt -0.155472 0.022550
vt -0.154622 0.021754
vt -0.149908 -0.002688
vt -0.150776 -0.001380
vt -0.149665 -0.000886
vt -0.149021 -0.001857
vt -0.134853 -0.046923
vt -0.135491 -0.045489
vt -0.134314 -0.045187
vt -0.133841 -0.046251
vt -0.010038 -0.122937
vt -0.011519 -0.121941
vt -0.010754 -0.120996
vt -0.009452 -0.121872
vt 0.132973 -0.066038
vt 0.131228 -0.066406
vt 0.131083 -0.065199
vt 0.132618 -0.064876
vt 0.150239 0.048041
vt 0.148951 0.046806
vt 0.148191 0.047755
vt 0.149324 0.048840
vt 0.117283 0.070676
vt 0.116146 0.069301
vt 0.115282 0.070155
vt 0.116282 0.071364
vt 0.075767 0.041823
vt 0.074547 0.040521
vt 0.073737 0.041427
vt 0.074810 0.042572
vt 0.021838 -0.006722
vt 0.020400 -0.007779
vt 0.019770 -0.006740
vt 0.021034 -0.005810
vt -0.048517 -0.039678
vt -0.050212 -0.040237
vt -0.050488 -0.039053
vt -0.048998 -0.038562
vt -0.117835 -0.026793
vt -0.119611 -0.026620
vt -0.119387 -0.025426
vt -0.117826 -0.025577
vt -0.152224 0.010352
vt -0.153808 0.011173
vt -0.153156 0.012198
vt -0.151763 0.011477
vt -0.151405 0.022243
vt -0.152731 0.023437
vt -0.151842 0.024265
vt -0.150675 0.023215
vt -0.130910 -0.006156
vt -0.132071 -0.004802
vt -0.131082 -0.004095
vt -0.130061 -0.005286
vt -0.092297 -0.064118
vt -0.093464 -0.062768
vt -0.092478 -0.062058
vt -0.091452 -0.063245
vt 0.029057 -0.086897
vt 0.027410 -0.086210
vt 0.027878 -0.085088
vt 0.029525 -0.085776
vt 0.124162 -0.053973
vt 0.122391 -0.054195
vt 0.122240 -0.052989
vt 0.124010 -0.052767
vt 0.156622 0.017660
vt 0.155115 0.016704
vt 0.154464 0.017731
vt 0.155971 0.018687
vt 0.140708 0.040692
vt 0.139430 0.039448
vt 0.138582 0.040319
vt 0.139860 0.041563
vt 0.106727 0.012115
vt 0.105498 0.010822
vt 0.104617 0.011659
vt 0.105846 0.012953
vt 0.055018 -0.043816
vt 0.053657 -0.044970
vt 0.052871 -0.044043
vt 0.054231 -0.042889
vt -0.027410 -0.086210
vt -0.029057 -0.086897
vt -0.029525 -0.085776
vt -0.027878 -0.085088
vt -0.122391 -0.054195
vt -0.124162 -0.053973
vt -0.124010 -0.052767
vt -0.122240 -0.052989
vt -0.155115 0.016704
vt -0.156622 0.017660
vt -0.155971 0.018687
vt -0.154464 0.017731
vt -0.139430 0.039448
vt -0.140708 0.040692
vt -0.139860 0.041563
vt -0.138582 0.040319
vt -0.105498 0.010822
vt -0.106727 0.012115
vt -0.105846 0.012953
vt -0.104617 0.011659
vt -0.053657 -0.044970
vt -0.055018 -0.043816
vt -0.054231 -0.042889
vt -0.052871 -0.044043
vt 0.050063 -0.040344
vt 0.048573 -0.039853
vt 0.048849 -0.038670
vt 0.050544 -0.039228
vt 0.119519 -0.026779
vt 0.117957 -0.026931
vt 0.117733 -0.025736
vt 0.119509 -0.025564
vt 0.153781 0.010991
vt 0.152388 0.010269
vt 0.151736 0.011295
vt 0.153320 0.012116
vt 0.152751 0.023254
vt 0.151585 0.022204
vt 0.150695 0.023032
vt 0.152021 0.024226
vt 0.132114 -0.004980
vt 0.131093 -0.006171
vt 0.130104 -0.005465
vt 0.131265 -0.004111
vt 0.093506 -0.062947
vt 0.092481 -0.064134
vt 0.091494 -0.063424
vt 0.092661 -0.062074
vt 0.011513 -0.122124
vt 0.010211 -0.123000
vt 0.009446 -0.122056
vt 0.010926 -0.121060
vt -0.131364 -0.066530
vt -0.132899 -0.066206
vt -0.132754 -0.064999
vt -0.131009 -0.065367
vt -0.149132 0.046773
vt -0.150265 0.047859
vt -0.149505 0.048807
vt -0.148217 0.047573
vt -0.116330 0.069289
vt -0.117330 0.070498
vt -0.116465 0.071352
vt -0.115328 0.069977
vt -0.074730 0.040498
vt -0.075802 0.041643
vt -0.074992 0.042549
vt -0.073772 0.041247
vt -0.020575 -0.007835
vt -0.021839 -0.006906
vt -0.021209 -0.005867
vt -0.019771 -0.006924
vt 0.065187 0.008558
vt 0.064072 0.008893
vt 0.064223 0.010099
vt 0.065726 0.009648
vt 0.115956 0.007515
vt 0.114796 0.007414
vt 0.114491 0.008590
vt 0.116054 0.008726
vt 0.147243 0.020343
vt 0.146195 0.019835
vt 0.145491 0.020826
vt 0.146903 0.021510
vt 0.156449 0.021506
vt 0.155599 0.020710
vt 0.154632 0.021447
vt 0.155777 0.022519
vt 0.150856 -0.001676
vt 0.150212 -0.002647
vt 0.149102 -0.002153
vt 0.149969 -0.000845
vt 0.135620 -0.045768
vt 0.135146 -0.046832
vt 0.133969 -0.046529
vt 0.134607 -0.045096
vt 0.103846 -0.103935
vt 0.103420 -0.105019
vt 0.102231 -0.104770
vt 0.102804 -0.103309
vt -0.155177 0.014019
vt -0.155962 0.014879
vt -0.155214 0.015837
vt -0.154155 0.014678
vt -0.107884 0.108871
vt -0.108300 0.109958
vt -0.107253 0.110576
vt -0.106692 0.109110
vt -0.074188 0.105268
vt -0.074731 0.106297
vt -0.073766 0.107036
vt -0.073033 0.105648
vt -0.036335 0.074657
vt -0.037070 0.075560
vt -0.036268 0.076473
vt -0.035278 0.075256
vt 0.010517 0.035340
vt 0.009572 0.036022
vt 0.010109 0.037112
vt 0.011382 0.036194
vt 0.079010 0.053381
vt 0.078418 0.053564
vt 0.078508 0.054777
vt 0.079620 0.054432
vt 0.112438 0.044197
vt 0.111821 0.044143
vt 0.111445 0.045299
vt 0.112605 0.045401
vt 0.136975 0.042101
vt 0.136423 0.041819
vt 0.135641 0.042750
vt 0.136678 0.043280
vt 0.150425 0.037989
vt 0.150012 0.037528
vt 0.148948 0.038115
vt 0.149724 0.038982
vt 0.155364 0.027715
vt 0.155141 0.027136
vt 0.153937 0.027308
vt 0.154356 0.028395
vt 0.156061 0.018855
vt 0.156084 0.018236
vt 0.154910 0.017919
vt 0.154867 0.019083
vt 0.151577 0.042519
vt 0.151956 0.042029
vt 0.151186 0.041088
vt 0.150473 0.042010
vt 0.077378 0.135902
vt 0.077968 0.136092
vt 0.078590 0.135047
vt 0.077482 0.134691
vt 0.000864 0.148062
vt 0.001063 0.148649
vt 0.002272 0.148526
vt 0.001898 0.147423
vt -0.005098 0.128798
vt -0.005195 0.129410
vt -0.004068 0.129865
vt -0.003885 0.128715
vt 0.013406 0.102095
vt 0.013091 0.102628
vt 0.013973 0.103465
vt 0.014565 0.102462
vt 0.043549 0.074141
vt 0.043065 0.074528
vt 0.043594 0.075623
vt 0.044502 0.074894
vt 0.094788 0.085920
vt 0.094902 0.087131
vt 0.095484 0.086917
vt 0.108075 0.078708
vt 0.107646 0.079845
vt 0.108263 0.079909
vt 0.119581 0.074360
vt 0.118694 0.075193
vt 0.119220 0.075521
vt 0.127512 0.072753
vt 0.126346 0.073097
vt 0.126667 0.073627
vt 0.130785 0.074551
vt 0.129595 0.074304
vt 0.129628 0.074923
vt 0.128220 0.081575
vt 0.127323 0.080755
vt 0.127035 0.081304
vt 0.118093 0.094550
vt 0.117811 0.093368
vt 0.117265 0.093661
vt 0.100871 0.108798
vt 0.101348 0.107680
vt 0.100735 0.107590
vt 0.083437 0.116248
vt 0.084477 0.115620
vt 0.084032 0.115188
vt 0.073901 0.114340
vt 0.075116 0.114370
vt 0.074973 0.113767
vt 0.074327 0.106141
vt 0.075371 0.106764
vt 0.075542 0.106168
vt 0.082429 0.095636
vt 0.083070 0.096670
vt 0.083496 0.096220
vt -0.030127 -0.125227
vt -0.030712 -0.124716
vt -0.028226 -0.122464
vt 0.137112 -0.058567
vt 0.136365 -0.058778
vt 0.135831 -0.055467
vt 0.139598 0.067258
vt 0.139099 0.066663
vt 0.136794 0.069100
vt 0.102560 0.084250
vt 0.102099 0.083625
vt 0.099650 0.085916
vt 0.060929 0.055183
vt 0.060408 0.054608
vt 0.058202 0.057135
vt 0.008906 0.010063
vt 0.008276 0.009609
vt 0.006642 0.012539
vt -0.055526 -0.020108
vt -0.056266 -0.020341
vt -0.056898 -0.017047
vt -0.116816 -0.012184
vt -0.117589 -0.012113
vt -0.116896 -0.008831
vt -0.149195 0.015602
vt -0.149889 0.015950
vt -0.148053 0.018756
vt -0.151355 0.023043
vt -0.151932 0.023563
vt -0.149415 0.025779
vt -0.135378 -0.004883
vt -0.135865 -0.004278
vt -0.133025 -0.002493
vt -0.103565 -0.060934
vt -0.104025 -0.060309
vt -0.101112 -0.058646
vt 0.106529 0.095092
vt 0.106621 0.094321
vt 0.106316 0.093608
vt 0.105694 0.093143
vt 0.104923 0.093051
vt 0.104209 0.093357
vt 0.103744 0.093978
vt 0.103652 0.094749
vt 0.103958 0.095463
vt 0.104580 0.095928
vt 0.105351 0.096020
vt 0.106064 0.095714
vt 0.016001 -0.084945
vt 0.019166 -0.086180
vt 0.017678 -0.089326
vt 0.014965 -0.088268
vt 0.003698 -0.104434
vt 0.007130 -0.105951
vt 0.003256 -0.114276
vt 0.000149 -0.112902
vt 0.003945 -0.100029
vt 0.007469 -0.101658
vt 0.002162 -0.112988
vt -0.001244 -0.111414
vt 0.005686 -0.093719
vt 0.009070 -0.095340
vt 0.003725 -0.106651
vt 0.000224 -0.104975
vt 0.004761 -0.092123
vt 0.007794 -0.093655
vt 0.003813 -0.101930
vt 0.000464 -0.100238
vt -0.016097 -0.109465
vt -0.013653 -0.111048
vt -0.015338 -0.114094
vt -0.018189 -0.112246
vt -0.031487 -0.046592
vt -0.033748 -0.047474
vt -0.035236 -0.044328
vt -0.032523 -0.043269
vt -0.014464 -0.082159
vt -0.016358 -0.082997
vt -0.020232 -0.074671
vt -0.018013 -0.073690
vt -0.004797 -0.100500
vt -0.006559 -0.101315
vt -0.011866 -0.089985
vt -0.009986 -0.089116
vt 0.004333 -0.116586
vt 0.002465 -0.117481
vt -0.002880 -0.106169
vt -0.001129 -0.105331
vt 0.014231 -0.130802
vt 0.012066 -0.131896
vt 0.008085 -0.123621
vt 0.009934 -0.122687
vt 0.042367 -0.149999
vt 0.039924 -0.151582
vt 0.038239 -0.148537
vt 0.040275 -0.147217
vt -0.065419 -0.039995
vt -0.062740 -0.042084
vt -0.065066 -0.044672
vt -0.067362 -0.042882
vt -0.080852 -0.054412
vt -0.077972 -0.056818
vt -0.083994 -0.063750
vt -0.086601 -0.061573
vt -0.078639 -0.049846
vt -0.075692 -0.052373
vt -0.083887 -0.061827
vt -0.086735 -0.059384
vt -0.074609 -0.043890
vt -0.071787 -0.046363
vt -0.079986 -0.055814
vt -0.082905 -0.053255
vt -0.074061 -0.041541
vt -0.071544 -0.043822
vt -0.077577 -0.050745
vt -0.080357 -0.048226
vt -0.092635 -0.050715
vt -0.090635 -0.052831
vt -0.092992 -0.055392
vt -0.095325 -0.052923
vt 0.039603 -0.007679
vt 0.037689 -0.009171
vt 0.035363 -0.006582
vt 0.037659 -0.004792
vt 0.064356 -0.035975
vt 0.062767 -0.037303
vt 0.056745 -0.030371
vt 0.058607 -0.028815
vt 0.077948 -0.050531
vt 0.076475 -0.051795
vt 0.068280 -0.042341
vt 0.069852 -0.040993
vt 0.090425 -0.063206
vt 0.088868 -0.064572
vt 0.080669 -0.055121
vt 0.082129 -0.053842
vt 0.102632 -0.073798
vt 0.100833 -0.075427
vt 0.094801 -0.068504
vt 0.096336 -0.067113
vt 0.127746 -0.083886
vt 0.125747 -0.086002
vt 0.123390 -0.083442
vt 0.125056 -0.081678
vt -0.121982 0.012422
vt -0.119644 0.009958
vt -0.122329 0.007744
vt -0.124333 0.009856
vt -0.133669 0.000090
vt -0.131056 -0.002602
vt -0.137767 -0.008869
vt -0.140133 -0.006432
vt -0.129258 0.004484
vt -0.126555 0.001698
vt -0.135578 -0.006968
vt -0.138192 -0.004275
vt -0.123419 0.010175
vt -0.120809 0.007480
vt -0.129751 -0.001270
vt -0.132452 0.001518
vt -0.120875 0.012675
vt -0.118518 0.010229
vt -0.125007 0.003731
vt -0.127610 0.006433
vt -0.131993 0.004405
vt -0.130018 0.002265
vt -0.132405 -0.000268
vt -0.134709 0.002229
vt 0.091653 0.040545
vt 0.089982 0.038785
vt 0.087297 0.040999
vt 0.089302 0.043111
vt 0.115342 0.016709
vt 0.113900 0.015223
vt 0.107189 0.021490
vt 0.108879 0.023231
vt 0.128633 0.003739
vt 0.127281 0.002346
vt 0.118257 0.011012
vt 0.119700 0.012498
vt 0.140759 -0.007787
vt 0.139318 -0.009275
vt 0.130376 -0.000524
vt 0.131726 0.000870
vt 0.151569 -0.017568
vt 0.149885 -0.019316
vt 0.143396 -0.012818
vt 0.144834 -0.011326
vt 0.167491 -0.028352
vt 0.165516 -0.030492
vt 0.163129 -0.027959
vt 0.164775 -0.026176
vt -0.161360 0.034589
vt -0.159065 0.032085
vt -0.161788 0.029918
vt -0.163756 0.032064
vt -0.166618 0.020521
vt -0.163904 0.017931
vt -0.170371 0.011412
vt -0.172828 0.013757
vt -0.160554 0.025120
vt -0.157709 0.022479
vt -0.166267 0.013353
vt -0.169017 0.015905
vt -0.153731 0.031294
vt -0.150958 0.028767
vt -0.159336 0.019475
vt -0.162206 0.022090
vt -0.149609 0.034343
vt -0.147073 0.032082
vt -0.153050 0.025111
vt -0.155851 0.027608
vt -0.153141 0.026826
vt -0.150918 0.024947
vt -0.152973 0.022138
vt -0.155568 0.024331
vt 0.130543 0.062177
vt 0.128904 0.060389
vt 0.126180 0.062556
vt 0.128148 0.064702
vt 0.148940 0.037829
vt 0.147442 0.036399
vt 0.140975 0.042918
vt 0.142730 0.044593
vt 0.159891 0.024408
vt 0.158468 0.023088
vt 0.149910 0.032214
vt 0.151428 0.033623
vt 0.169916 0.012285
vt 0.168385 0.010890
vt 0.160006 0.020181
vt 0.161441 0.021489
vt 0.177918 0.001857
vt 0.176107 0.000243
vt 0.170130 0.007214
vt 0.171676 0.008592
vt 0.184318 -0.010068
vt 0.182094 -0.011947
vt 0.180038 -0.009139
vt 0.181892 -0.007573
vt -0.181156 -0.006325
vt -0.178450 -0.008378
vt -0.180742 -0.010997
vt -0.183061 -0.009237
vt -0.174859 -0.018017
vt -0.171642 -0.019948
vt -0.176520 -0.027728
vt -0.179432 -0.025980
vt -0.167923 -0.010328
vt -0.164552 -0.012253
vt -0.170810 -0.023086
vt -0.174069 -0.021226
vt -0.161317 -0.001203
vt -0.158032 -0.003016
vt -0.164020 -0.014001
vt -0.167419 -0.012125
vt -0.156277 0.005034
vt -0.153275 0.003444
vt -0.157413 -0.004753
vt -0.160729 -0.002998
vt -0.152162 0.006032
vt -0.149528 0.004791
vt -0.150788 0.001547
vt -0.153861 0.002994
vt 0.155764 0.026326
vt 0.153832 0.024859
vt 0.151539 0.027478
vt 0.153859 0.029238
vt 0.161414 0.002750
vt 0.159638 0.001684
vt 0.154761 0.009464
vt 0.156841 0.010713
vt 0.167115 -0.010870
vt 0.165429 -0.011833
vt 0.159171 -0.001000
vt 0.160970 0.000027
vt 0.172638 -0.023454
vt 0.170825 -0.024455
vt 0.164836 -0.013471
vt 0.166536 -0.012533
vt 0.176006 -0.033274
vt 0.173862 -0.034410
vt 0.169724 -0.026212
vt 0.171554 -0.025243
vt 0.172741 -0.037667
vt 0.170107 -0.038908
vt 0.168848 -0.035664
vt 0.171043 -0.034630
vt -0.118824 -0.123199
vt -0.115437 -0.123454
vt -0.115940 -0.126898
vt -0.118843 -0.126679
vt -0.115490 -0.103819
vt -0.111744 -0.104032
vt -0.112442 -0.113188
vt -0.115833 -0.112995
vt -0.114319 -0.087509
vt -0.110442 -0.087716
vt -0.111176 -0.100206
vt -0.114923 -0.100006
vt -0.113261 -0.072001
vt -0.109513 -0.072194
vt -0.110091 -0.084692
vt -0.113968 -0.084492
vt -0.112228 -0.058484
vt -0.108835 -0.058650
vt -0.109106 -0.067828
vt -0.112854 -0.067645
vt -0.110684 -0.037491
vt -0.107775 -0.037614
vt -0.107680 -0.041093
vt -0.111074 -0.040949
vt 0.115234 -0.081993
vt 0.112814 -0.082176
vt 0.112311 -0.078732
vt 0.115215 -0.078513
vt 0.113247 -0.079181
vt 0.111180 -0.079298
vt 0.110481 -0.070142
vt 0.112904 -0.070005
vt 0.113354 -0.087631
vt 0.111415 -0.087735
vt 0.110682 -0.075245
vt 0.112750 -0.075134
vt 0.113703 -0.096963
vt 0.111634 -0.097070
vt 0.111057 -0.084572
vt 0.112995 -0.084472
vt 0.113849 -0.101543
vt 0.111425 -0.101662
vt 0.111154 -0.092483
vt 0.113223 -0.092382
vt 0.112734 -0.085749
vt 0.109825 -0.085873
vt 0.109920 -0.082394
vt 0.112345 -0.082291
vt 0.036290 -0.146422
vt 0.039141 -0.144575
vt 0.040826 -0.147620
vt 0.038382 -0.149204
vt 0.006981 -0.123299
vt 0.010330 -0.121608
vt 0.014311 -0.129882
vt 0.011279 -0.131414
vt -0.003847 -0.106398
vt -0.000345 -0.104721
vt 0.005000 -0.116033
vt 0.001616 -0.117654
vt -0.012541 -0.090529
vt -0.009134 -0.088955
vt -0.003827 -0.100285
vt -0.007352 -0.101913
vt -0.020359 -0.075585
vt -0.017252 -0.074212
vt -0.013378 -0.082537
vt -0.016810 -0.084054
vt -0.034205 -0.046968
vt -0.031493 -0.045910
vt -0.030005 -0.049056
vt -0.033169 -0.050291
vt -0.014204 -0.111451
vt -0.016240 -0.110132
vt -0.014555 -0.107086
vt -0.012112 -0.108670
vt 0.003416 -0.100851
vt 0.001568 -0.099917
vt 0.005548 -0.091642
vt 0.007714 -0.092736
vt 0.002941 -0.106042
vt 0.001190 -0.105204
vt 0.006535 -0.093892
vt 0.008403 -0.094786
vt 0.001311 -0.112826
vt -0.000569 -0.111958
vt 0.004738 -0.100628
vt 0.006500 -0.101442
vt 0.002494 -0.114797
vt 0.000275 -0.113816
vt 0.004150 -0.105491
vt 0.006044 -0.106329
vt 0.016648 -0.091967
vt 0.013935 -0.090908
vt 0.015423 -0.087762
vt 0.017684 -0.088644
vt 0.120996 -0.081848
vt 0.123329 -0.079378
vt 0.125686 -0.081939
vt 0.123686 -0.084056
vt 0.093651 -0.068487
vt 0.096432 -0.065967
vt 0.102464 -0.072890
vt 0.099947 -0.075171
vt 0.079801 -0.055602
vt 0.082720 -0.053043
vt 0.090918 -0.062494
vt 0.088097 -0.064967
vt 0.067779 -0.043048
vt 0.070627 -0.040605
vt 0.078822 -0.050059
vt 0.075875 -0.052587
vt 0.056875 -0.031284
vt 0.059483 -0.029106
vt 0.065504 -0.036038
vt 0.062625 -0.038444
vt 0.037106 -0.008818
vt 0.039402 -0.007027
vt 0.041728 -0.009616
vt 0.039049 -0.011705
vt -0.091265 -0.053093
vt -0.092931 -0.051329
vt -0.090574 -0.048768
vt -0.088575 -0.050885
vt -0.077673 -0.049599
vt -0.079208 -0.048208
vt -0.073175 -0.041286
vt -0.071377 -0.042915
vt -0.080577 -0.055015
vt -0.082036 -0.053736
vt -0.073838 -0.044285
vt -0.072281 -0.045651
vt -0.084662 -0.061440
vt -0.086234 -0.060091
vt -0.078039 -0.050638
vt -0.076566 -0.051901
vt -0.084870 -0.064041
vt -0.086732 -0.062486
vt -0.080710 -0.055554
vt -0.079121 -0.056881
vt -0.066809 -0.046907
vt -0.069105 -0.045117
vt -0.066779 -0.042528
vt -0.064865 -0.044020
vt 0.160717 -0.026393
vt 0.163021 -0.023897
vt 0.165408 -0.026430
vt 0.163433 -0.028570
vt 0.142248 -0.012879
vt 0.144852 -0.010177
vt 0.151340 -0.016674
vt 0.148983 -0.019121
vt 0.129549 -0.001075
vt 0.132250 0.001714
vt 0.141192 -0.007036
vt 0.138582 -0.009732
vt 0.117823 0.010262
vt 0.120436 0.012955
vt 0.129460 0.004289
vt 0.126756 0.001503
vt 0.107414 0.020596
vt 0.109780 0.023033
vt 0.116491 0.016766
vt 0.113877 0.014073
vt 0.089353 0.039048
vt 0.091357 0.041160
vt 0.094042 0.038945
vt 0.091704 0.036482
vt -0.130651 0.002011
vt -0.132297 0.003794
vt -0.129910 0.006327
vt -0.127935 0.004187
vt -0.125025 0.004881
vt -0.126462 0.006372
vt -0.119974 0.012870
vt -0.118290 0.011123
vt -0.130275 -0.000427
vt -0.131625 0.000968
vt -0.122683 0.009718
vt -0.121242 0.008230
vt -0.136315 -0.006511
vt -0.137757 -0.005025
vt -0.128734 0.003641
vt -0.127382 0.002248
vt -0.138668 -0.009068
vt -0.140358 -0.007327
vt -0.133647 -0.001059
vt -0.132204 -0.002545
vt -0.124384 0.005793
vt -0.126389 0.007904
vt -0.123704 0.010119
vt -0.122033 0.008359
vt 0.177838 -0.007287
vt 0.180433 -0.005095
vt 0.182488 -0.007903
vt 0.180264 -0.009783
vt 0.168981 0.007241
vt 0.171782 0.009737
vt 0.177758 0.002766
vt 0.175223 0.000506
vt 0.159147 0.019683
vt 0.162017 0.022298
vt 0.170395 0.013007
vt 0.167622 0.010480
vt 0.149437 0.031488
vt 0.152187 0.034040
vt 0.160746 0.024914
vt 0.157900 0.022273
vt 0.141166 0.042015
vt 0.143623 0.044360
vt 0.150090 0.037841
vt 0.147375 0.035251
vt 0.128270 0.060641
vt 0.130237 0.062787
vt 0.132961 0.060620
vt 0.130665 0.058116
vt -0.151514 0.024616
vt -0.153368 0.026183
vt -0.151312 0.028991
vt -0.149088 0.027112
vt -0.153155 0.026256
vt -0.154701 0.027634
vt -0.148724 0.034606
vt -0.146913 0.032991
vt -0.159912 0.020285
vt -0.161347 0.021592
vt -0.152968 0.030884
vt -0.151437 0.029488
vt -0.167026 0.013770
vt -0.168545 0.015179
vt -0.159986 0.024305
vt -0.158563 0.022985
vt -0.171263 0.011179
vt -0.173019 0.012854
vt -0.166552 0.019374
vt -0.165054 0.017944
vt -0.163877 0.028003
vt -0.165845 0.030149
vt -0.163122 0.032316
vt -0.161482 0.030527
vt 0.167201 -0.033306
vt 0.170274 -0.031859
vt 0.171534 -0.035103
vt 0.168900 -0.036344
vt 0.168614 -0.025912
vt 0.171930 -0.024157
vt 0.176068 -0.032354
vt 0.173066 -0.033943
vt 0.163885 -0.013755
vt 0.167284 -0.011879
vt 0.173272 -0.022864
vt 0.169987 -0.024677
vt 0.158545 -0.001599
vt 0.161804 0.000261
vt 0.168063 -0.010572
vt 0.164691 -0.012497
vt 0.154748 0.008542
vt 0.157661 0.010290
vt 0.162538 0.002510
vt 0.159321 0.000579
vt 0.153253 0.025220
vt 0.155572 0.026981
vt 0.157864 0.024362
vt 0.155159 0.022308
vt -0.150019 0.004318
vt -0.152214 0.005352
vt -0.150955 0.008596
vt -0.148321 0.007356
vt -0.157789 -0.003666
vt -0.159620 -0.002697
vt -0.155481 0.005500
vt -0.153337 0.004365
vt -0.164768 -0.013348
vt -0.166468 -0.012410
vt -0.160479 -0.001425
vt -0.158666 -0.002426
vt -0.171645 -0.022852
vt -0.173443 -0.021826
vt -0.167185 -0.010992
vt -0.165499 -0.011955
vt -0.177339 -0.028151
vt -0.179420 -0.026903
vt -0.174543 -0.019122
vt -0.172767 -0.020188
vt -0.182456 -0.013255
vt -0.184775 -0.011494
vt -0.182483 -0.008876
vt -0.180550 -0.010343
vt 0.109315 -0.079583
vt 0.112709 -0.079439
vt 0.112614 -0.082918
vt 0.109705 -0.083041
vt 0.110276 -0.091740
vt 0.114024 -0.091557
vt 0.114295 -0.100736
vt 0.110902 -0.100902
vt 0.110077 -0.084411
vt 0.113954 -0.084212
vt 0.114531 -0.096709
vt 0.110784 -0.096902
vt 0.109853 -0.075501
vt 0.113600 -0.075300
vt 0.114334 -0.087790
vt 0.110457 -0.087997
vt 0.110041 -0.070953
vt 0.113433 -0.070761
vt 0.114131 -0.079917
vt 0.110385 -0.080130
vt 0.112524 -0.081558
vt 0.115428 -0.081340
vt 0.115931 -0.084783
vt 0.112543 -0.085038
vt -0.108044 -0.038241
vt -0.110468 -0.038138
vt -0.110563 -0.034659
vt -0.107654 -0.034782
vt -0.109907 -0.067004
vt -0.111976 -0.066902
vt -0.111705 -0.057724
vt -0.109281 -0.057842
vt -0.111049 -0.084431
vt -0.112988 -0.084332
vt -0.112410 -0.071834
vt -0.110342 -0.071940
vt -0.112027 -0.100372
vt -0.114095 -0.100261
vt -0.113361 -0.087771
vt -0.111423 -0.087875
vt -0.112971 -0.113944
vt -0.115393 -0.113806
vt -0.114695 -0.104650
vt -0.112627 -0.104767
vt -0.116153 -0.129724
vt -0.119056 -0.129506
vt -0.118553 -0.126062
vt -0.116134 -0.126244
vt 0.101884 0.073461
vt 0.101574 0.073047
vt 0.099973 0.074246
vt 0.100283 0.074660
vt 0.159508 0.043980
vt 0.159053 0.043733
vt 0.158098 0.045490
vt 0.158553 0.045738
vt 0.134498 -0.093267
vt 0.134016 -0.093077
vt 0.134749 -0.091216
vt 0.135231 -0.091406
vt 0.043578 -0.112695
vt 0.043250 -0.112294
vt 0.044800 -0.111029
vt 0.045127 -0.111430
vt -0.012572 -0.053136
vt -0.012831 -0.052688
vt -0.011100 -0.051686
vt -0.010840 -0.052134
vt -0.055292 0.021620
vt -0.055547 0.022071
vt -0.053806 0.023055
vt -0.053551 0.022604
vt -0.101574 0.073047
vt -0.101884 0.073461
vt -0.100283 0.074660
vt -0.099973 0.074246
vt -0.159053 0.043733
vt -0.159508 0.043980
vt -0.158553 0.045738
vt -0.158098 0.045490
vt -0.134016 -0.093077
vt -0.134498 -0.093267
vt -0.135231 -0.091406
vt -0.134749 -0.091216
vt -0.043250 -0.112294
vt -0.043578 -0.112695
vt -0.045127 -0.111430
vt -0.044800 -0.111029
vt 0.012831 -0.052688
vt 0.012572 -0.053136
vt 0.010840 -0.052134
vt 0.011100 -0.051686
vt 0.055547 0.022071
vt 0.055292 0.021620
vt 0.053551 0.022604
vt 0.053806 0.023055
vt 0.166208 0.010148
vt 0.165858 0.009766
vt 0.165364 0.009611
vt 0.164859 0.009724
vt 0.164477 0.010074
vt 0.164322 0.010567
vt 0.164434 0.011073
vt 0.164785 0.011454
vt 0.165278 0.011609
vt 0.165784 0.011497
vt 0.166165 0.011147
vt 0.166320 0.010653
vt -0.166320 0.010653
vt -0.166165 0.011147
vt -0.165784 0.011497
vt -0.165278 0.011609
vt -0.164785 0.011454
vt -0.164434 0.011073
vt -0.164322 0.010567
vt -0.164477 0.010074
vt -0.164859 0.009724
vt -0.165364 0.009611
vt -0.165858 0.009766
vt -0.166208 0.010148
vn 0.5632 -0.0662 -0.8237
vn 0.1743 0.2652 -0.9483
vn -0.2490 0.5168 -0.8191
vn -0.6030 0.6339 -0.4843
vn -0.8073 0.5897 -0.0201
vn -0.7984 0.3839 0.4638
vn -0.5632 0.0662 0.8237
vn -0.1743 -0.2652 0.9483
vn 0.2489 -0.5168 0.8191
vn 0.6030 -0.6339 0.4843
vn 0.8074 -0.5897 0.0201
vn 0.7984 -0.3839 -0.4638
vn 0.6530 0.0154 -0.7572
vn 0.4161 0.4846 -0.7694
vn 0.0764 0.8122 -0.5783
vn -0.2777 0.9293 -0.2435
vn -0.5656 0.8092 0.1588
vn -0.7086 0.4655 0.5303
vn -0.6530 -0.0153 0.7572
vn -0.4161 -0.4846 0.7694
vn -0.0764 -0.8122 0.5783
vn 0.2777 -0.9293 0.2435
vn 0.5656 -0.8092 -0.1588
vn 0.7086 -0.4655 -0.5303
vn 0.7503 0.0325 -0.6603
vn 0.6779 0.5308 -0.5087
vn 0.4287 0.8744 -0.2274
vn 0.0747 0.9914 0.1074
vn -0.3039 0.8554 0.4195
vn -0.6113 0.4827 0.6272
vn -0.7503 -0.0325 0.6603
vn -0.6779 -0.5308 0.5087
vn -0.4287 -0.8744 0.2274
vn -0.0746 -0.9914 -0.1074
vn 0.3039 -0.8554 -0.4195
vn 0.6113 -0.4827 -0.6271
vn 0.8290 -0.0194 -0.5590
vn 0.8895 0.3913 -0.2360
vn 0.7136 0.6865 0.1396
vn 0.3596 0.8036 0.4743
vn -0.0922 0.7158 0.6922
vn -0.5327 0.4308 0.7285
vn -0.8290 0.0194 0.5590
vn -0.8895 -0.3912 0.2361
vn -0.7136 -0.6865 -0.1396
vn -0.3595 -0.8036 -0.4744
vn 0.0922 -0.7158 -0.6922
vn 0.5327 -0.4308 -0.7285
vn 0.8679 -0.1264 -0.4804
vn 0.9943 0.1034 -0.0245
vn 0.8547 0.2990 0.4243
vn 0.5007 0.4161 0.7591
vn 0.0127 0.4279 0.9037
vn -0.4937 0.3238 0.8071
vn -0.8679 0.1264 0.4804
vn -0.9943 -0.1034 0.0245
vn -0.8547 -0.2990 -0.4243
vn -0.5007 -0.4161 -0.7591
vn -0.0127 -0.4279 -0.9037
vn 0.4937 -0.3238 -0.8071
vn 0.8567 -0.2598 -0.4455
vn 0.9643 -0.2557 0.0693
vn 0.8142 -0.1843 0.5505
vn 0.4602 -0.0672 0.8853
vn -0.0174 0.0689 0.9975
vn -0.5049 0.1904 0.8419
vn -0.8568 0.2598 0.4455
vn -0.9643 0.2557 -0.0692
vn -0.8142 0.1843 -0.5505
vn -0.4602 0.0672 -0.8853
vn 0.0174 -0.0689 -0.9975
vn 0.5049 -0.1904 -0.8419
vn 0.8073 -0.5897 0.0201
vn 0.2490 -0.5168 0.8191
vn -0.7984 0.3840 0.4638
vn -0.8074 0.5897 -0.0201
vn -0.6030 0.6338 -0.4843
vn 0.2777 -0.9293 0.2436
vn -0.4161 -0.4847 0.7694
vn 0.6530 0.0153 -0.7572
vn 0.6113 -0.4827 -0.6272
vn -0.0747 -0.9914 -0.1074
vn -0.4287 -0.8743 0.2274
vn -0.3038 0.8554 0.4195
vn 0.0746 0.9914 0.1074
vn 0.6778 0.5308 -0.5087
vn -0.3596 -0.8036 -0.4743
vn -0.8895 -0.3913 0.2360
vn 0.3595 0.8036 0.4744
vn 0.8895 0.3912 -0.2361
vn -0.5006 -0.4161 -0.7591
vn -0.8679 0.1264 0.4803
vn 0.8679 -0.1264 -0.4803
vn -0.9643 0.2557 -0.0693
vn -0.8567 0.2598 0.4455
vn 0.9643 -0.2557 0.0692
vn 0.8568 -0.2598 -0.4455
vn -0.3949 0.3651 0.8431
vn 0.0777 0.5919 0.8023
vn 0.5160 0.6558 0.5510
vn 0.8170 0.5528 0.1639
vn 0.9126 0.3061 -0.2711
vn 0.7630 -0.0314 -0.6457
vn 0.3949 -0.3650 -0.8431
vn -0.0778 -0.5919 -0.8023
vn -0.5159 -0.6558 -0.5511
vn -0.8170 -0.5528 -0.1639
vn -0.9126 -0.3061 0.2711
vn -0.7630 0.0313 0.6456
vn -0.4739 0.4434 0.7608
vn -0.1347 0.8028 0.5809
vn 0.2301 0.9397 0.2530
vn 0.5311 0.8366 -0.1340
vn 0.7002 0.5169 -0.4925
vn 0.6840 0.0470 -0.7279
vn 0.4739 -0.4434 -0.7608
vn 0.1347 -0.8028 -0.5809
vn -0.2300 -0.9397 -0.2531
vn -0.5311 -0.8366 0.1341
vn -0.7002 -0.5170 0.4924
vn -0.6840 -0.0470 0.7279
vn -0.5810 0.4561 0.6741
vn -0.4229 0.8369 0.3476
vn -0.1579 0.9856 -0.0609
vn 0.1432 0.8825 -0.4480
vn 0.4120 0.5510 -0.7257
vn 0.5769 0.0597 -0.8146
vn 0.5810 -0.4561 -0.6741
vn 0.4229 -0.8369 -0.3476
vn 0.1579 -0.9856 0.0608
vn -0.1432 -0.8825 0.4480
vn -0.4120 -0.5511 0.7257
vn -0.5769 -0.0597 0.8146
vn -0.6876 0.3997 0.6063
vn -0.7096 0.6850 0.1650
vn -0.5438 0.7812 -0.3066
vn -0.2427 0.6781 -0.6937
vn 0.1252 0.3992 -0.9083
vn 0.4704 0.0033 -0.8825
vn 0.6875 -0.3996 -0.6063
vn 0.7096 -0.6850 -0.1650
vn 0.5438 -0.7812 0.3066
vn 0.2427 -0.6781 0.6937
vn -0.1252 -0.3992 0.9083
vn -0.4704 -0.0033 0.8825
vn -0.7650 0.2892 0.5754
vn -0.9181 0.3879 0.0820
vn -0.8244 0.3813 -0.4184
vn -0.5233 0.2782 -0.8055
vn -0.0832 0.1021 -0.9913
vn 0.3929 -0.1072 -0.9133
vn 0.7650 -0.2892 -0.5754
vn 0.9181 -0.3879 -0.0821
vn 0.8244 -0.3813 0.4184
vn 0.5233 -0.2782 0.8055
vn 0.0832 -0.1021 0.9913
vn -0.3929 0.1071 0.9133
vn -0.7926 0.1544 0.5898
vn -0.9924 0.0251 0.1208
vn -0.9244 -0.1070 -0.3661
vn -0.6233 -0.2101 -0.7532
vn -0.1575 -0.2607 -0.9525
vn 0.3653 -0.2420 -0.8989
vn 0.7926 -0.1544 -0.5898
vn 0.9923 -0.0251 -0.1209
vn 0.9244 0.1070 0.3662
vn 0.6233 0.2101 0.7533
vn 0.1575 0.2607 0.9525
vn -0.3653 0.2420 0.8989
vn -0.7630 0.0314 0.6457
vn -0.8171 -0.5528 -0.1639
vn -0.5160 -0.6558 -0.5510
vn 0.3949 -0.3651 -0.8431
vn 0.7630 -0.0313 -0.6456
vn 0.5159 0.6559 0.5511
vn 0.0778 0.5919 0.8023
vn -0.7002 -0.5169 0.4925
vn -0.5311 -0.8366 0.1340
vn -0.2301 -0.9397 -0.2530
vn 0.7002 0.5170 -0.4924
vn 0.5311 0.8366 -0.1341
vn 0.2300 0.9397 0.2531
vn -0.4120 -0.5510 0.7257
vn 0.1579 -0.9856 0.0609
vn 0.4120 0.5511 -0.7257
vn -0.1579 0.9856 -0.0608
vn -0.1253 -0.3992 0.9083
vn 0.6876 -0.3997 -0.6062
vn -0.3929 0.1072 0.9133
vn 0.9181 -0.3879 -0.0820
vn 0.7650 -0.2893 -0.5754
vn -0.8244 0.3813 -0.4183
vn -0.9181 0.3879 0.0821
vn -0.7650 0.2893 0.5754
vn 0.6233 0.2101 0.7532
vn 0.9924 -0.0251 -0.1208
vn -0.9244 -0.1070 -0.3662
vn -0.9923 0.0251 0.1209
vn -0.6338 0.4418 0.6349
vn -0.4958 0.8173 0.2936
vn -0.2311 0.9661 -0.1150
vn 0.0883 0.8681 -0.4885
vn 0.3897 0.5454 -0.7420
vn 0.5944 0.0647 -0.8016
vn 0.6338 -0.4417 -0.6349
vn 0.4958 -0.8173 -0.2936
vn 0.2311 -0.9661 0.1150
vn -0.0883 -0.8681 0.4885
vn -0.3897 -0.5454 0.7420
vn -0.5944 -0.0647 0.8016
vn -0.7337 0.3739 0.5673
vn -0.7646 0.6348 0.1118
vn -0.5928 0.7205 -0.3598
vn -0.2734 0.6224 -0.7333
vn 0.1210 0.3629 -0.9239
vn 0.4945 -0.0031 -0.8692
vn 0.7337 -0.3739 -0.5673
vn 0.7646 -0.6348 -0.1118
vn 0.5928 -0.7205 0.3598
vn 0.2734 -0.6224 0.7333
vn -0.1210 -0.3629 0.9239
vn -0.4945 0.0031 0.8692
vn -0.8015 0.2564 0.5402
vn -0.9471 0.3186 0.0387
vn -0.8385 0.2949 -0.4582
vn -0.5191 0.1969 -0.8317
vn -0.0616 0.0468 -0.9970
vn 0.4267 -0.1206 -0.8963
vn 0.8015 -0.2564 -0.5402
vn 0.9471 -0.3186 -0.0387
vn 0.8385 -0.2949 0.4582
vn 0.5191 -0.1969 0.8317
vn 0.0616 -0.0468 0.9970
vn -0.4267 0.1206 0.8963
vn -0.8192 0.1207 0.5607
vn -0.9945 -0.0465 0.0940
vn -0.9023 -0.1965 -0.3837
vn -0.5829 -0.2945 -0.7573
vn -0.1089 -0.3183 -0.9417
vn 0.4091 -0.2563 -0.8758
vn 0.8192 -0.1207 -0.5607
vn 0.9945 0.0465 -0.0940
vn 0.9023 0.1965 0.3837
vn 0.5829 0.2945 0.7573
vn 0.1090 0.3183 0.9417
vn -0.4091 0.2563 0.8758
vn -0.7818 0.0032 0.6235
vn -0.8941 -0.3627 0.2629
vn -0.7671 -0.6222 -0.1564
vn -0.4477 -0.7202 -0.5299
vn -0.0085 -0.6346 -0.7728
vn 0.4464 -0.3738 -0.8130
vn 0.7818 -0.0032 -0.6235
vn 0.8941 0.3627 -0.2629
vn 0.7671 0.6222 0.1564
vn 0.4477 0.7202 0.5299
vn 0.0085 0.6346 0.7728
vn -0.4464 0.3738 0.8130
vn -0.6996 -0.0647 0.7116
vn -0.6727 -0.5454 0.5001
vn -0.4692 -0.8680 0.1628
vn -0.1498 -0.9660 -0.2107
vn 0.2128 -0.8172 -0.5356
vn 0.5287 -0.4417 -0.7248
vn 0.6996 0.0647 -0.7116
vn 0.6727 0.5454 -0.5001
vn 0.4692 0.8680 -0.1628
vn 0.1498 0.9660 0.2107
vn -0.2128 0.8172 0.5356
vn -0.5287 0.4417 0.7248
vn -0.6338 0.4417 0.6349
vn -0.7646 0.6348 0.1117
vn -0.1090 -0.3183 -0.9417
vn -0.4477 -0.7202 -0.5300
vn 0.9066 0.2881 0.3085
vn 0.9512 0.2247 -0.2116
vn 0.7435 0.1039 -0.6606
vn 0.3507 -0.0414 -0.9356
vn -0.1382 -0.1783 -0.9742
vn -0.6044 -0.2708 -0.7492
vn -0.9066 -0.2881 -0.3085
vn -0.9512 -0.2247 0.2116
vn -0.7436 -0.1039 0.6605
vn -0.3507 0.0414 0.9356
vn 0.1382 0.1783 0.9742
vn 0.6044 0.2708 0.7492
vn 0.8520 0.4147 0.3195
vn 0.8044 0.5655 -0.1820
vn 0.5460 0.5627 -0.6207
vn 0.1531 0.4174 -0.8957
vn -0.2850 0.1626 -0.9446
vn -0.6590 -0.1441 -0.7382
vn -0.8520 -0.4148 -0.3195
vn -0.8044 -0.5656 0.1820
vn -0.5460 -0.5627 0.6207
vn -0.1531 -0.4174 0.8957
vn 0.2850 -0.1626 0.9446
vn 0.6590 0.1441 0.7382
vn 0.7716 0.5052 0.3866
vn 0.5880 0.8089 -0.0015
vn 0.2547 0.8902 -0.3777
vn -0.1382 0.7449 -0.6527
vn -0.5014 0.4059 -0.7641
vn -0.7394 -0.0537 -0.6711
vn -0.7716 -0.5052 -0.3866
vn -0.5880 -0.8089 0.0015
vn -0.2547 -0.8902 0.3777
vn 0.1382 -0.7449 0.6527
vn 0.5014 -0.4059 0.7641
vn 0.7394 0.0537 0.6711
vn 0.6869 0.5351 0.4918
vn 0.3600 0.8894 0.2816
vn -0.0521 0.9986 0.0034
vn -0.4450 0.8533 -0.2717
vn -0.7294 0.4865 -0.4810
vn -0.8241 -0.0238 -0.5659
vn -0.6869 -0.5351 -0.4918
vn -0.3600 -0.8894 -0.2816
vn 0.0521 -0.9986 -0.0033
vn 0.4450 -0.8533 0.2717
vn 0.7294 -0.4865 0.4810
vn 0.8241 0.0237 0.5659
vn 0.6205 0.4965 0.6070
vn 0.1815 0.7857 0.5914
vn -0.2924 0.8590 0.4204
vn -0.6853 0.7136 0.1453
vn -0.9079 0.3827 -0.1712
vn -0.8905 -0.0623 -0.4508
vn -0.6205 -0.4966 -0.6070
vn -0.1815 -0.7857 -0.5914
vn 0.2924 -0.8590 -0.4204
vn 0.6853 -0.7136 -0.1453
vn 0.9079 -0.3827 0.1712
vn 0.8905 0.0623 0.4508
vn 0.5904 0.3998 0.7012
vn 0.1003 0.5254 0.8449
vn -0.4017 0.5086 0.7616
vn -0.7945 0.3633 0.4866
vn -0.9891 0.1224 0.0823
vn -0.9206 -0.1591 -0.3565
vn -0.5903 -0.3998 -0.7012
vn -0.1003 -0.5253 -0.8449
vn 0.4017 -0.5086 -0.7616
vn 0.7945 -0.3633 -0.4866
vn 0.9891 -0.1224 -0.0823
vn 0.9206 0.1591 0.3566
vn -0.7436 -0.1039 0.6606
vn 0.7436 0.1039 -0.6605
vn -0.8044 -0.5655 0.1820
vn -0.8520 -0.4147 -0.3195
vn 0.8044 0.5656 -0.1820
vn 0.8520 0.4148 0.3195
vn 0.8241 0.0238 0.5659
vn 0.0521 -0.9986 -0.0034
vn -0.8241 -0.0237 -0.5659
vn -0.0521 0.9986 0.0033
vn -0.6205 -0.4965 -0.6070
vn 0.9206 0.1591 0.3565
vn 0.7945 -0.3633 -0.4865
vn 0.4016 -0.5086 -0.7616
vn -0.1003 -0.5254 -0.8449
vn -0.9206 -0.1591 -0.3566
vn 0.1003 0.5253 0.8449
vn 0.5903 0.3998 0.7012
vn 0.6844 -0.0224 -0.7288
vn 0.7396 -0.0679 -0.6696
vn 0.7647 -0.1469 -0.6274
vn 0.7529 -0.2381 -0.6136
vn 0.7073 -0.3170 -0.6318
vn 0.6402 -0.3626 -0.6773
vn 0.5696 -0.3626 -0.7377
vn 0.5143 -0.3170 -0.7969
vn 0.4892 -0.2380 -0.8391
vn 0.5010 -0.1468 -0.8529
vn 0.5466 -0.0679 -0.8346
vn 0.6137 -0.0223 -0.7892
vn 0.7111 0.3180 -0.6271
vn 0.8689 0.1878 -0.4579
vn 0.9406 -0.0378 -0.3374
vn 0.9068 -0.2983 -0.2980
vn 0.7766 -0.5238 -0.3501
vn 0.5849 -0.6540 -0.4799
vn 0.3830 -0.6539 -0.6525
vn 0.2251 -0.5236 -0.8217
vn 0.1535 -0.2981 -0.9421
vn 0.1873 -0.0376 -0.9816
vn 0.3175 0.1879 -0.9295
vn 0.5092 0.3181 -0.7997
vn 0.6496 0.6127 -0.4501
vn 0.8887 0.4154 -0.1939
vn 0.9972 0.0738 -0.0115
vn 0.9460 -0.3205 0.0482
vn 0.7489 -0.6620 -0.0307
vn 0.4586 -0.8591 -0.2272
vn 0.1529 -0.8590 -0.4885
vn -0.0862 -0.6618 -0.7447
vn -0.1946 -0.3202 -0.9271
vn -0.1434 0.0741 -0.9869
vn 0.0537 0.4156 -0.9079
vn 0.3440 0.6128 -0.7115
vn 0.5130 0.8287 -0.2239
vn 0.8033 0.5892 0.0872
vn 0.9350 0.1744 0.3087
vn 0.8729 -0.3045 0.3813
vn 0.6335 -0.7192 0.2854
vn 0.2809 -0.9586 0.0468
vn -0.0902 -0.9585 -0.2705
vn -0.3805 -0.7189 -0.5816
vn -0.5123 -0.3041 -0.8032
vn -0.4501 0.1747 -0.8757
vn -0.2107 0.5894 -0.7798
vn 0.1418 0.8288 -0.5413
vn 0.3197 0.9472 0.0247
vn 0.6274 0.6933 0.3545
vn 0.7671 0.2536 0.5893
vn 0.7012 -0.2540 0.6662
vn 0.4474 -0.6936 0.5646
vn 0.0737 -0.9473 0.3117
vn -0.3197 -0.9472 -0.0247
vn -0.6274 -0.6933 -0.3545
vn -0.7671 -0.2536 -0.5893
vn -0.7012 0.2540 -0.6662
vn -0.4474 0.6936 -0.5646
vn -0.0737 0.9473 -0.3117
vn 0.0902 0.9585 0.2705
vn 0.3806 0.7189 0.5816
vn 0.5123 0.3041 0.8032
vn 0.4501 -0.1748 0.8757
vn 0.2107 -0.5894 0.7798
vn -0.1418 -0.8288 0.5413
vn -0.5130 -0.8287 0.2239
vn -0.8033 -0.5892 -0.0872
vn -0.9350 -0.1744 -0.3087
vn -0.8729 0.3045 -0.3813
vn -0.6335 0.7192 -0.2854
vn -0.2809 0.9586 -0.0468
vn -0.1529 0.8590 0.4885
vn 0.0862 0.6618 0.7447
vn 0.1946 0.3202 0.9271
vn 0.1434 -0.0741 0.9869
vn -0.0537 -0.4156 0.9079
vn -0.3440 -0.6128 0.7115
vn -0.6496 -0.6127 0.4501
vn -0.8887 -0.4154 0.1939
vn -0.9972 -0.0738 0.0115
vn -0.9460 0.3205 -0.0482
vn -0.7489 0.6620 0.0307
vn -0.4586 0.8591 0.2272
vn -0.3830 0.6539 0.6525
vn -0.2251 0.5236 0.8217
vn -0.1535 0.2980 0.9421
vn -0.1873 0.0376 0.9816
vn -0.3175 -0.1879 0.9295
vn -0.5092 -0.3181 0.7997
vn -0.7111 -0.3180 0.6271
vn -0.8689 -0.1878 0.4579
vn -0.9406 0.0378 0.3374
vn -0.9068 0.2983 0.2980
vn -0.7766 0.5238 0.3501
vn -0.5849 0.6540 0.4799
vn -0.5695 0.3625 0.7377
vn -0.5143 0.3170 0.7969
vn -0.4892 0.2380 0.8391
vn -0.5010 0.1469 0.8529
vn -0.5466 0.0679 0.8346
vn -0.6137 0.0224 0.7892
vn -0.6844 0.0224 0.7288
vn -0.7396 0.0680 0.6696
vn -0.7647 0.1469 0.6274
vn -0.7529 0.2381 0.6136
vn -0.7073 0.3170 0.6319
vn -0.6402 0.3626 0.6773
vn -0.7506 0.3642 -0.5513
vn -0.8618 0.5041 -0.0567
vn -0.7424 0.5068 0.4382
vn -0.4366 0.3811 0.8149
vn -0.0141 0.1557 0.9877
vn 0.4251 -0.1190 0.8973
vn 0.7506 -0.3642 0.5513
vn 0.8618 -0.5041 0.0567
vn 0.7424 -0.5068 -0.4382
vn 0.4366 -0.3812 -0.8149
vn 0.0141 -0.1557 -0.9877
vn -0.4251 0.1190 -0.8973
vn -0.6611 0.4617 -0.5915
vn -0.6208 0.7665 -0.1648
vn -0.4180 0.8600 0.2928
vn -0.1122 0.7343 0.6694
vn 0.2269 0.4181 0.8796
vn 0.5146 -0.0215 0.8571
vn 0.6611 -0.4617 0.5914
vn 0.6208 -0.7665 0.1648
vn 0.4180 -0.8600 -0.2928
vn 0.1123 -0.7343 -0.6694
vn -0.2269 -0.4181 -0.8796
vn -0.5147 0.0215 -0.8571
vn -0.5519 0.5003 -0.6672
vn -0.3270 0.8702 -0.3686
vn -0.0225 0.9996 0.0184
vn 0.2832 0.8739 0.3951
vn 0.5206 0.5218 0.6758
vn 0.6238 0.0170 0.7814
vn 0.5519 -0.5003 0.6672
vn 0.3270 -0.8702 0.3686
vn 0.0226 -0.9996 -0.0184
vn -0.2832 -0.8739 -0.3951
vn -0.5206 -0.5218 -0.6758
vn -0.6238 -0.0170 -0.7814
vn -0.4523 0.4695 -0.7583
vn -0.0592 0.7874 -0.6136
vn 0.3380 0.8882 -0.3114
vn 0.6437 0.7625 0.0653
vn 0.7885 0.4390 0.4308
vn 0.7234 -0.0137 0.6903
vn 0.4523 -0.4695 0.7583
vn 0.0592 -0.7874 0.6136
vn -0.3380 -0.8882 0.3114
vn -0.6437 -0.7625 -0.0653
vn -0.7885 -0.4390 -0.4308
vn -0.7234 0.0137 -0.6903
vn -0.3891 0.3777 -0.8402
vn 0.1109 0.5403 -0.8341
vn 0.5670 0.5556 -0.6082
vn 0.8727 0.4300 -0.2315
vn 0.9586 0.1919 0.2103
vn 0.7866 -0.1056 0.6084
vn 0.3891 -0.3777 0.8402
vn -0.1110 -0.5403 0.8341
vn -0.5670 -0.5556 0.6082
vn -0.8727 -0.4299 0.2315
vn -0.9586 -0.1919 -0.2103
vn -0.7866 0.1056 -0.6084
vn -0.3791 0.2494 -0.8911
vn 0.1378 0.1951 -0.9711
vn 0.6031 0.0910 -0.7925
vn 0.9088 -0.0347 -0.4158
vn 0.9855 -0.1533 0.0733
vn 0.7966 -0.2338 0.5575
vn 0.3791 -0.2494 0.8911
vn -0.1378 -0.1951 0.9710
vn -0.6031 -0.0910 0.7925
vn -0.9088 0.0347 0.4158
vn -0.9855 0.1533 -0.0733
vn -0.7966 0.2338 -0.5575
vn 0.4366 -0.3811 -0.8149
vn -0.4366 0.3812 0.8149
vn -0.5146 0.0215 -0.8571
vn 0.6611 -0.4617 0.5915
vn 0.5147 -0.0215 0.8571
vn -0.1123 0.7343 0.6694
vn -0.6208 0.7664 -0.1648
vn -0.6611 0.4617 -0.5914
vn 0.0225 -0.9996 -0.0184
vn -0.0226 0.9996 0.0184
vn -0.1109 -0.5403 0.8341
vn 0.1110 0.5403 -0.8341
vn -0.1378 -0.1951 0.9711
vn 0.6373 -0.1956 -0.7454
vn -0.6373 0.1956 0.7454
vn -0.5381 0.4576 0.7078
vn -0.2647 0.8405 0.4728
vn 0.0704 0.9903 0.1200
vn 0.3828 0.8871 -0.2580
vn 0.6014 0.5543 -0.5754
vn 0.6632 0.0607 -0.7460
vn 0.5381 -0.4576 -0.7078
vn 0.2647 -0.8405 -0.4728
vn -0.0704 -0.9903 -0.1200
vn -0.3828 -0.8871 0.2580
vn -0.6014 -0.5543 0.5754
vn -0.6632 -0.0607 0.7460
vn -0.6462 0.4406 0.6232
vn -0.5556 0.7945 0.2450
vn -0.3211 0.9285 -0.1866
vn -0.0087 0.8253 -0.5647
vn 0.3105 0.5084 -0.8032
vn 0.5551 0.0437 -0.8306
vn 0.6462 -0.4406 -0.6232
vn 0.5556 -0.7945 -0.2450
vn 0.3211 -0.9285 0.1867
vn 0.0087 -0.8253 0.5647
vn -0.3105 -0.5084 0.8032
vn -0.5551 -0.0437 0.8306
vn -0.7421 0.3586 0.5663
vn -0.8136 0.5741 0.0919
vn -0.6684 0.6317 -0.3926
vn -0.3560 0.5285 -0.7707
vn 0.0525 0.2879 -0.9562
vn 0.4592 -0.0383 -0.8875
vn 0.7421 -0.3586 -0.5663
vn 0.8136 -0.5741 -0.0919
vn 0.6684 -0.6317 0.3926
vn 0.3560 -0.5285 0.7707
vn -0.0525 -0.2879 0.9562
vn -0.4592 0.0383 0.8875
vn -0.8001 0.2338 0.5525
vn -0.9697 0.2381 0.0547
vn -0.8785 0.1795 -0.4428
vn -0.5661 0.0763 -0.8208
vn -0.1036 -0.0480 -0.9935
vn 0.4012 -0.1631 -0.9013
vn 0.8001 -0.2338 -0.5525
vn 0.9697 -0.2381 -0.0547
vn 0.8785 -0.1795 0.4428
vn 0.5661 -0.0763 0.8208
vn 0.1036 0.0480 0.9935
vn -0.4012 0.1631 0.9013
vn -0.8047 0.0994 0.5854
vn -0.9820 -0.1233 0.1432
vn -0.8950 -0.3070 -0.3236
vn -0.5826 -0.4102 -0.7016
vn -0.1159 -0.4095 -0.9049
vn 0.3967 -0.2974 -0.8684
vn 0.8047 -0.0994 -0.5854
vn 0.9820 0.1233 -0.1432
vn 0.8950 0.3070 0.3236
vn 0.5826 0.4102 0.7016
vn 0.1159 0.4095 0.9049
vn -0.3967 0.2974 0.8684
vn -0.7546 -0.0084 0.6562
vn -0.8472 -0.4134 0.3338
vn -0.7136 -0.6974 -0.0671
vn -0.4012 -0.8006 -0.4451
vn 0.0189 -0.6995 -0.7144
vn 0.4468 -0.4052 -0.7976
vn 0.7546 0.0084 -0.6562
vn 0.8472 0.4134 -0.3338
vn 0.7136 0.6974 0.0671
vn 0.4012 0.8006 0.4451
vn -0.0190 0.6995 0.7144
vn -0.4468 0.4052 0.7976
vn 0.3211 -0.9285 0.1866
vn 0.5556 -0.7946 -0.2450
vn -0.3211 0.9285 -0.1867
vn -0.8136 0.5741 0.0920
vn 0.8047 -0.0994 -0.5853
vn -0.0189 0.6995 0.7144
vn 0.6843 -0.0224 -0.7288
vn 0.7396 -0.0680 -0.6696
vn 0.7073 -0.3170 -0.6319
vn 0.5695 -0.3626 -0.7377
vn 0.7110 0.3180 -0.6271
vn -0.1434 0.0742 -0.9869
vn 0.3440 0.6127 -0.7115
vn 0.6334 -0.7192 0.2854
vn -0.4501 0.1748 -0.8757
vn 0.0861 0.6618 0.7447
vn 0.1434 -0.0742 0.9869
vn -0.1535 0.2981 0.9421
vn -0.7110 -0.3180 0.6271
vn -0.5695 0.3626 0.7377
vn -0.5010 0.1468 0.8529
vn -0.6137 0.0223 0.7892
vn 0.5650 0.7679 -0.3019
vn 0.8422 0.5392 -0.0049
vn 0.9679 0.1433 0.2065
vn 0.9086 -0.3138 0.2757
vn 0.6800 -0.7097 0.1842
vn 0.3436 -0.9381 -0.0435
vn -0.0107 -0.9380 -0.3464
vn -0.2878 -0.7094 -0.6434
vn -0.4136 -0.3135 -0.8548
vn -0.3542 0.1436 -0.9241
vn -0.1257 0.5395 -0.8326
vn 0.2108 0.7680 -0.6048
vn 0.0804 0.9825 0.1679
vn 0.2115 0.9770 0.0286
vn 0.2465 0.9691 -0.0102
vn 0.2718 0.9616 -0.0387
vn 0.3055 0.9490 -0.0774
vn 0.4200 0.8817 -0.2151
vn -0.0804 -0.9825 -0.1679
vn -0.2115 -0.9770 -0.0286
vn -0.2465 -0.9691 0.0102
vn -0.2718 -0.9616 0.0387
vn -0.3055 -0.9490 0.0774
vn -0.4200 -0.8817 0.2151
vn -0.2975 0.9418 -0.1565
vn -0.1789 0.9349 -0.3065
vn -0.1449 0.9269 -0.3462
vn -0.1196 0.9194 -0.3746
vn -0.0849 0.9070 -0.4125
vn 0.0421 0.8410 -0.5395
vn 0.2975 -0.9418 0.1565
vn 0.1789 -0.9349 0.3065
vn 0.1449 -0.9269 0.3462
vn 0.1196 -0.9194 0.3746
vn 0.0849 -0.9070 0.4125
vn -0.0421 -0.8410 0.5395
vn -0.6412 0.6622 -0.3877
vn -0.5340 0.6461 -0.5454
vn -0.5008 0.6374 -0.5856
vn -0.4756 0.6299 -0.6140
vn -0.4400 0.6181 -0.6514
vn -0.3016 0.5614 -0.7706
vn 0.6412 -0.6622 0.3877
vn 0.5340 -0.6461 0.5454
vn 0.5008 -0.6374 0.5856
vn 0.4756 -0.6299 0.6140
vn 0.4400 -0.6181 0.6514
vn 0.3016 -0.5614 0.7706
vn -0.8586 0.2187 -0.4637
vn -0.7586 0.1879 -0.6238
vn -0.7260 0.1781 -0.6643
vn -0.7007 0.1706 -0.6927
vn -0.6646 0.1599 -0.7299
vn -0.5190 0.1179 -0.8466
vn 0.8586 -0.2187 0.4637
vn 0.7586 -0.1879 0.6238
vn 0.7260 -0.1781 0.6643
vn 0.7007 -0.1706 0.6927
vn 0.6646 -0.1599 0.7299
vn 0.5190 -0.1179 0.8466
vn -0.8914 -0.2699 -0.3641
vn -0.7925 -0.3169 -0.5210
vn -0.7600 -0.3280 -0.5611
vn -0.7347 -0.3355 -0.5896
vn -0.6985 -0.3449 -0.6270
vn -0.5518 -0.3707 -0.7470
vn 0.8914 0.2699 0.3641
vn 0.7925 0.3169 0.5210
vn 0.7600 0.3280 0.5611
vn 0.7347 0.3355 0.5896
vn 0.6985 0.3449 0.6270
vn 0.5518 0.3707 0.7470
vn -0.7309 -0.6726 -0.1157
vn -0.6267 -0.7331 -0.2643
vn -0.5937 -0.7451 -0.3039
vn -0.5685 -0.7526 -0.3323
vn -0.5327 -0.7610 -0.3703
vn -0.3913 -0.7735 -0.4986
vn 0.7309 0.6726 0.1157
vn 0.6267 0.7331 0.2643
vn 0.5937 0.7451 0.3039
vn 0.5685 0.7526 0.3323
vn 0.5327 0.7610 0.3703
vn 0.3913 0.7735 0.4986
vn -0.5938 0.3238 0.7365
vn -0.6094 -0.1925 0.7692
vn -0.4616 -0.6573 0.5957
vn -0.1902 -0.9460 0.2626
vn 0.1322 -0.9812 -0.1408
vn 0.4192 -0.7535 -0.5065
vn 0.5938 -0.3238 -0.7365
vn 0.6094 0.1925 -0.7692
vn 0.4616 0.6573 -0.5957
vn 0.1902 0.9460 -0.2626
vn -0.1322 0.9812 0.1408
vn -0.4192 0.7535 0.5065
vn 0.7818 0.0159 0.6233
vn -0.7818 -0.0159 -0.6233
usemtl mat22
s 1
f 1/1/1 2/2/1 3/3/1 4/4/1
f 5/5/2 6/6/2 2/7/2 1/8/2
f 7/9/3 8/10/3 6/11/3 5/12/3
f 9/13/4 10/14/4 8/15/4 7/16/4
f 11/17/5 12/18/5 10/19/5 9/20/5
f 13/21/6 14/22/6 12/23/6 11/24/6
f 15/25/7 16/26/7 14/27/7 13/28/7
f 17/29/8 18/30/8 16/31/8 15/32/8
f 19/33/9 20/34/9 18/35/9 17/36/9
f 21/37/10 22/38/10 20/39/10 19/40/10
f 23/41/11 24/42/11 22/43/11 21/44/11
f 4/45/12 3/46/12 24/47/12 23/48/12
f 2/49/13 25/50/13 26/51/13 3/52/13
f 6/53/14 27/54/14 25/55/14 2/56/14
f 8/57/15 28/58/15 27/59/15 6/60/15
f 10/61/16 29/62/16 28/63/16 8/64/16
f 12/65/17 30/66/17 29/67/17 10/68/17
f 14/69/18 31/70/18 30/71/18 12/72/18
f 16/73/19 32/74/19 31/75/19 14/76/19
f 18/77/20 33/78/20 32/79/20 16/80/20
f 20/81/21 34/82/21 33/83/21 18/84/21
f 22/85/22 35/86/22 34/87/22 20/88/22
f 24/89/23 36/90/23 35/91/23 22/92/23
f 3/93/24 26/94/24 36/95/24 24/96/24
f 25/97/25 37/98/25 38/99/25 26/100/25
f 27/101/26 39/102/26 37/103/26 25/104/26
f 28/105/27 40/106/27 39/107/27 27/108/27
f 29/109/28 41/110/28 40/111/28 28/112/28
f 30/113/29 42/114/29 41/115/29 29/116/29
f 31/117/30 43/118/30 42/119/30 30/120/30
f 32/121/31 44/122/31 43/123/31 31/124/31
f 33/125/32 45/126/32 44/127/32 32/128/32
f 34/129/33 46/130/33 45/131/33 33/132/33
f 35/133/34 47/134/34 46/135/34 34/136/34
f 36/137/35 48/138/35 47/139/35 35/140/35
f 26/141/36 38/142/36 48/143/36 36/144/36
f 37/145/37 49/146/37 50/147/37 38/148/37
f 39/149/38 51/150/38 49/151/38 37/152/38
f 40/153/39 52/154/39 51/155/39 39/156/39
f 41/157/40 53/158/40 52/159/40 40/160/40
f 42/161/41 54/162/41 53/163/41 41/164/41
f 43/165/42 55/166/42 54/167/42 42/168/42
f 44/169/43 56/170/43 55/171/43 43/172/43
f 45/173/44 57/174/44 56/175/44 44/176/44
f 46/177/45 58/178/45 57/179/45 45/180/45
f 47/181/46 59/182/46 58/183/46 46/184/46
f 48/185/47 60/186/47 59/187/47 47/188/47
f 38/189/48 50/190/48 60/191/48 48/192/48
f 49/193/49 61/194/49 62/195/49 50/196/49
f 51/197/50 63/198/50 61/199/50 49/200/50
f 52/201/51 64/202/51 63/203/51 51/204/51
f 53/205/52 65/206/52 64/207/52 52/208/52
f 54/209/53 66/210/53 65/211/53 53/212/53
f 55/213/54 67/214/54 66/215/54 54/216/54
f 56/217/55 68/218/55 67/219/55 55/220/55
f 57/221/56 69/222/56 68/223/56 56/224/56
f 58/225/57 70/226/57 69/227/57 57/228/57
f 59/229/58 71/230/58 70/231/58 58/232/58
f 60/233/59 72/234/59 71/235/59 59/236/59
f 50/237/60 62/238/60 72/239/60 60/240/60
f 61/241/61 73/242/61 74/243/61 62/244/61
f 63/245/62 75/246/62 73/247/62 61/248/62
f 64/249/63 76/250/63 75/251/63 63/252/63
f 65/253/64 77/254/64 76/255/64 64/256/64
f 66/257/65 78/258/65 77/259/65 65/260/65
f 67/261/66 79/262/66 78/263/66 66/264/66
f 68/265/67 80/266/67 79/267/67 67/268/67
f 69/269/68 81/270/68 80/271/68 68/272/68
f 70/273/69 82/274/69 81/275/69 69/276/69
f 71/277/70 83/278/70 82/279/70 70/280/70
f 72/281/71 84/282/71 83/283/71 71/284/71
f 62/285/72 74/286/72 84/287/72 72/288/72
f 73/289/12 85/290/12 86/291/12 74/292/12
f 75/293/73 87/294/73 85/295/73 73/296/73
f 76/297/10 88/298/10 87/299/10 75/300/10
f 77/301/74 89/302/74 88/303/74 76/304/74
f 78/305/8 90/306/8 89/307/8 77/308/8
f 79/309/7 91/310/7 90/311/7 78/312/7
f 80/313/75 92/314/75 91/315/75 79/316/75
f 81/317/76 93/318/76 92/319/76 80/320/76
f 82/321/77 94/322/77 93/323/77 81/324/77
f 83/325/3 95/326/3 94/327/3 82/328/3
f 84/329/2 96/330/2 95/331/2 83/332/2
f 74/333/1 86/334/1 96/335/1 84/336/1
f 85/337/24 97/338/24 98/339/24 86/340/24
f 87/341/23 99/342/23 97/343/23 85/344/23
f 88/345/78 100/346/78 99/347/78 87/348/78
f 89/349/21 101/350/21 100/351/21 88/352/21
f 90/353/79 102/354/79 101/355/79 89/356/79
f 91/357/19 103/358/19 102/359/19 90/360/19
f 92/361/18 104/362/18 103/363/18 91/364/18
f 93/365/17 105/366/17 104/367/17 92/368/17
f 94/369/16 106/370/16 105/371/16 93/372/16
f 95/373/15 107/374/15 106/375/15 94/376/15
f 96/377/14 108/378/14 107/379/14 95/380/14
f 86/381/80 98/382/80 108/383/80 96/384/80
f 97/385/81 109/386/81 110/387/81 98/388/81
f 99/389/35 111/390/35 109/391/35 97/392/35
f 100/393/82 112/394/82 111/395/82 99/396/82
f 101/397/83 113/398/83 112/399/83 100/400/83
f 102/401/32 114/402/32 113/403/32 101/404/32
f 103/405/31 115/406/31 114/407/31 102/408/31
f 104/409/30 116/410/30 115/411/30 103/412/30
f 105/413/84 117/414/84 116/415/84 104/416/84
f 106/417/85 118/418/85 117/419/85 105/420/85
f 107/421/27 119/422/27 118/423/27 106/424/27
f 108/425/86 120/426/86 119/427/86 107/428/86
f 98/429/25 110/430/25 120/431/25 108/432/25
f 109/433/48 121/434/48 122/435/48 110/436/48
f 111/437/47 123/438/47 121/439/47 109/440/47
f 112/441/87 124/442/87 123/443/87 111/444/87
f 113/445/45 125/446/45 124/447/45 112/448/45
f 114/449/88 126/450/88 125/451/88 113/452/88
f 115/453/43 127/454/43 126/455/43 114/456/43
f 116/457/42 128/458/42 127/459/42 115/460/42
f 117/461/41 129/462/41 128/463/41 116/464/41
f 118/465/89 130/466/89 129/467/89 117/468/89
f 119/469/39 131/470/39 130/471/39 118/472/39
f 120/473/90 132/474/90 131/475/90 119/476/90
f 110/477/37 122/478/37 132/479/37 120/480/37
f 121/481/60 133/482/60 134/483/60 122/484/60
f 123/485/59 135/486/59 133/487/59 121/488/59
f 124/489/91 136/490/91 135/491/91 123/492/91
f 125/493/57 137/494/57 136/495/57 124/496/57
f 126/497/56 138/498/56 137/499/56 125/500/56
f 127/501/92 139/502/92 138/503/92 126/504/92
f 128/505/54 140/506/54 139/507/54 127/508/54
f 129/509/53 141/510/53 140/511/53 128/512/53
f 130/513/52 142/514/52 141/515/52 129/516/52
f 131/517/51 143/518/51 142/519/51 130/520/51
f 132/521/50 144/522/50 143/523/50 131/524/50
f 122/525/93 134/526/93 144/527/93 132/528/93
f 133/529/72 1/530/72 4/531/72 134/532/72
f 135/533/71 5/534/71 1/535/71 133/536/71
f 136/537/70 7/538/70 5/539/70 135/540/70
f 137/541/69 9/542/69 7/543/69 136/544/69
f 138/545/94 11/546/94 9/547/94 137/548/94
f 139/549/95 13/550/95 11/551/95 138/552/95
f 140/553/66 15/554/66 13/555/66 139/556/66
f 141/557/65 17/558/65 15/559/65 140/560/65
f 142/561/64 19/562/64 17/563/64 141/564/64
f 143/565/63 21/566/63 19/567/63 142/568/63
f 144/569/96 23/570/96 21/571/96 143/572/96
f 134/573/97 4/574/97 23/575/97 144/576/97
f 1002/577/98 1003/578/98 1004/579/98 1005/580/98
f 1006/581/99 1007/582/99 1003/583/99 1002/584/99
f 1008/585/100 1009/586/100 1007/587/100 1006/588/100
f 1010/589/101 1011/590/101 1009/591/101 1008/592/101
f 1012/593/102 1013/594/102 1011/595/102 1010/596/102
f 1014/597/103 1015/598/103 1013/599/103 1012/600/103
f 1016/601/104 1017/602/104 1015/603/104 1014/604/104
f 1018/605/105 1019/606/105 1017/607/105 1016/608/105
f 1020/609/106 1021/610/106 1019/611/106 1018/612/106
f 1022/613/107 1023/614/107 1021/615/107 1020/616/107
f 1024/617/108 1025/618/108 1023/619/108 1022/620/108
f 1005/621/109 1004/622/109 1025/623/109 1024/624/109
f 1003/625/110 1026/626/110 1027/627/110 1004/628/110
f 1007/629/111 1028/630/111 1026/631/111 1003/632/111
f 1009/633/112 1029/634/112 1028/635/112 1007/636/112
f 1011/637/113 1030/638/113 1029/639/113 1009/640/113
f 1013/641/114 1031/642/114 1030/643/114 1011/644/114
f 1015/645/115 1032/646/115 1031/647/115 1013/648/115
f 1017/649/116 1033/650/116 1032/651/116 1015/652/116
f 1019/653/117 1034/654/117 1033/655/117 1017/656/117
f 1021/657/118 1035/658/118 1034/659/118 1019/660/118
f 1023/661/119 1036/662/119 1035/663/119 1021/664/119
f 1025/665/120 1037/666/120 1036/667/120 1023/668/120
f 1004/669/121 1027/670/121 1037/671/121 1025/672/121
f 1026/673/122 1038/674/122 1039/675/122 1027/676/122
f 1028/677/123 1040/678/123 1038/679/123 1026/680/123
f 1029/681/124 1041/682/124 1040/683/124 1028/684/124
f 1030/685/125 1042/686/125 1041/687/125 1029/688/125
f 1031/689/126 1043/690/126 1042/691/126 1030/692/126
f 1032/693/127 1044/694/127 1043/695/127 1031/696/127
f 1033/697/128 1045/698/128 1044/699/128 1032/700/128
f 1034/701/129 1046/702/129 1045/703/129 1033/704/129
f 1035/705/130 1047/706/130 1046/707/130 1034/708/130
f 1036/709/131 1048/710/131 1047/711/131 1035/712/131
f 1037/713/132 1049/714/132 1048/715/132 1036/716/132
f 1027/717/133 1039/718/133 1049/719/133 1037/720/133
f 1038/721/134 1050/722/134 1051/723/134 1039/724/134
f 1040/725/135 1052/726/135 1050/727/135 1038/728/135
f 1041/729/136 1053/730/136 1052/731/136 1040/732/136
f 1042/733/137 1054/734/137 1053/735/137 1041/736/137
f 1043/737/138 1055/738/138 1054/739/138 1042/740/138
f 1044/741/139 1056/742/139 1055/743/139 1043/744/139
f 1045/745/140 1057/746/140 1056/747/140 1044/748/140
f 1046/749/141 1058/750/141 1057/751/141 1045/752/141
f 1047/753/142 1059/754/142 1058/755/142 1046/756/142
f 1048/757/143 1060/758/143 1059/759/143 1047/760/143
f 1049/761/144 1061/762/144 1060/763/144 1048/764/144
f 1039/765/145 1051/766/145 1061/767/145 1049/768/145
f 1050/769/146 1062/770/146 1063/771/146 1051/772/146
f 1052/773/147 1064/774/147 1062/775/147 1050/776/147
f 1053/777/148 1065/778/148 1064/779/148 1052/780/148
f 1054/781/149 1066/782/149 1065/783/149 1053/784/149
f 1055/785/150 1067/786/150 1066/787/150 1054/788/150
f 1056/789/151 1068/790/151 1067/791/151 1055/792/151
f 1057/793/152 1069/794/152 1068/795/152 1056/796/152
f 1058/797/153 1070/798/153 1069/799/153 1057/800/153
f 1059/801/154 1071/802/154 1070/803/154 1058/804/154
f 1060/805/155 1072/806/155 1071/807/155 1059/808/155
f 1061/809/156 1073/810/156 1072/811/156 1060/812/156
f 1051/813/157 1063/814/157 1073/815/157 1061/816/157
f 1062/817/158 1074/818/158 1075/819/158 1063/820/158
f 1064/821/159 1076/822/159 1074/823/159 1062/824/159
f 1065/825/160 1077/826/160 1076/827/160 1064/828/160
f 1066/829/161 1078/830/161 1077/831/161 1065/832/161
f 1067/833/162 1079/834/162 1078/835/162 1066/836/162
f 1068/837/163 1080/838/163 1079/839/163 1067/840/163
f 1069/841/164 1081/842/164 1080/843/164 1068/844/164
f 1070/845/165 1082/846/165 1081/847/165 1069/848/165
f 1071/849/166 1083/850/166 1082/851/166 1070/852/166
f 1072/853/167 1084/854/167 1083/855/167 1071/856/167
f 1073/857/168 1085/858/168 1084/859/168 1072/860/168
f 1063/861/169 1075/862/169 1085/863/169 1073/864/169
f 1074/865/170 1086/866/170 1087/867/170 1075/868/170
f 1076/869/108 1088/870/108 1086/871/108 1074/872/108
f 1077/873/171 1089/874/171 1088/875/171 1076/876/171
f 1078/877/172 1090/878/172 1089/879/172 1077/880/172
f 1079/881/105 1091/882/105 1090/883/105 1078/884/105
f 1080/885/173 1092/886/173 1091/887/173 1079/888/173
f 1081/889/174 1093/890/174 1092/891/174 1080/892/174
f 1082/893/102 1094/894/102 1093/895/102 1081/896/102
f 1083/897/101 1095/898/101 1094/899/101 1082/900/101
f 1084/901/175 1096/902/175 1095/903/175 1083/904/175
f 1085/905/176 1097/906/176 1096/907/176 1084/908/176
f 1075/909/98 1087/910/98 1097/911/98 1085/912/98
f 1086/913/121 1098/914/121 1099/915/121 1087/916/121
f 1088/917/177 1100/918/177 1098/919/177 1086/920/177
f 1089/921/178 1101/922/178 1100/923/178 1088/924/178
f 1090/925/179 1102/926/179 1101/927/179 1089/928/179
f 1091/929/117 1103/930/117 1102/931/117 1090/932/117
f 1092/933/116 1104/934/116 1103/935/116 1091/936/116
f 1093/937/115 1105/938/115 1104/939/115 1092/940/115
f 1094/941/180 1106/942/180 1105/943/180 1093/944/180
f 1095/945/181 1107/946/181 1106/947/181 1094/948/181
f 1096/949/182 1108/950/182 1107/951/182 1095/952/182
f 1097/953/111 1109/954/111 1108/955/111 1096/956/111
f 1087/957/110 1099/958/110 1109/959/110 1097/960/110
f 1098/961/133 1110/962/133 1111/963/133 1099/964/133
f 1100/965/183 1112/966/183 1110/967/183 1098/968/183
f 1101/969/131 1113/970/131 1112/971/131 1100/972/131
f 1102/973/184 1114/974/184 1113/975/184 1101/976/184
f 1103/977/129 1115/978/129 1114/979/129 1102/980/129
f 1104/981/128 1116/982/128 1115/983/128 1103/984/128
f 1105/985/127 1117/986/127 1116/987/127 1104/988/127
f 1106/989/185 1118/990/185 1117/991/185 1105/992/185
f 1107/993/125 1119/994/125 1118/995/125 1106/996/125
f 1108/997/186 1120/998/186 1119/999/186 1107/1000/186
f 1109/1001/123 1121/1002/123 1120/1003/123 1108/1004/123
f 1099/1005/122 1111/1006/122 1121/1007/122 1109/1008/122
f 1110/1009/145 1122/1010/145 1123/1011/145 1111/1012/145
f 1112/1013/187 1124/1014/187 1122/1015/187 1110/1016/187
f 1113/1017/143 1125/1018/143 1124/1019/143 1112/1020/143
f 1114/1021/142 1126/1022/142 1125/1023/142 1113/1024/142
f 1115/1025/141 1127/1026/141 1126/1027/141 1114/1028/141
f 1116/1029/188 1128/1030/188 1127/1031/188 1115/1032/188
f 1117/1033/139 1129/1034/139 1128/1035/139 1116/1036/139
f 1118/1037/138 1130/1038/138 1129/1039/138 1117/1040/138
f 1119/1041/137 1131/1042/137 1130/1043/137 1118/1044/137
f 1120/1045/136 1132/1046/136 1131/1047/136 1119/1048/136
f 1121/1049/135 1133/1050/135 1132/1051/135 1120/1052/135
f 1111/1053/134 1123/1054/134 1133/1055/134 1121/1056/134
f 1122/1057/189 1134/1058/189 1135/1059/189 1123/1060/189
f 1124/1061/156 1136/1062/156 1134/1063/156 1122/1064/156
f 1125/1065/155 1137/1066/155 1136/1067/155 1124/1068/155
f 1126/1069/154 1138/1070/154 1137/1071/154 1125/1072/154
f 1127/1073/190 1139/1074/190 1138/1075/190 1126/1076/190
f 1128/1077/191 1140/1078/191 1139/1079/191 1127/1080/191
f 1129/1081/151 1141/1082/151 1140/1083/151 1128/1084/151
f 1130/1085/150 1142/1086/150 1141/1087/150 1129/1088/150
f 1131/1089/149 1143/1090/149 1142/1091/149 1130/1092/149
f 1132/1093/192 1144/1094/192 1143/1095/192 1131/1096/192
f 1133/1097/193 1145/1098/193 1144/1099/193 1132/1100/193
f 1123/1101/194 1135/1102/194 1145/1103/194 1133/1104/194
f 1134/1105/169 1002/1106/169 1005/1107/169 1135/1108/169
f 1136/1109/168 1006/1110/168 1002/1111/168 1134/1112/168
f 1137/1113/195 1008/1114/195 1006/1115/195 1136/1116/195
f 1138/1117/166 1010/1118/166 1008/1119/166 1137/1120/166
f 1139/1121/196 1012/1122/196 1010/1123/196 1138/1124/196
f 1140/1125/164 1014/1126/164 1012/1127/164 1139/1128/164
f 1141/1129/163 1016/1130/163 1014/1131/163 1140/1132/163
f 1142/1133/162 1018/1134/162 1016/1135/162 1141/1136/162
f 1143/1137/161 1020/1138/161 1018/1139/161 1142/1140/161
f 1144/1141/197 1022/1142/197 1020/1143/197 1143/1144/197
f 1145/1145/198 1024/1146/198 1022/1147/198 1144/1148/198
f 1135/1149/158 1005/1150/158 1024/1151/158 1145/1152/158
usemtl mat23
f 145/1153/199 146/1154/199 147/1155/199 148/1156/199
f 149/1157/200 150/1158/200 146/1159/200 145/1160/200
f 151/1161/201 152/1162/201 150/1163/201 149/1164/201
f 153/1165/202 154/1166/202 152/1167/202 151/1168/202
f 155/1169/203 156/1170/203 154/1171/203 153/1172/203
f 157/1173/204 158/1174/204 156/1175/204 155/1176/204
f 159/1177/205 160/1178/205 158/1179/205 157/1180/205
f 161/1181/206 162/1182/206 160/1183/206 159/1184/206
f 163/1185/207 164/1186/207 162/1187/207 161/1188/207
f 165/1189/208 166/1190/208 164/1191/208 163/1192/208
f 167/1193/209 168/1194/209 166/1195/209 165/1196/209
f 148/1197/210 147/1198/210 168/1199/210 167/1200/210
f 146/1201/211 169/1202/211 170/1203/211 147/1204/211
f 150/1205/212 171/1206/212 169/1207/212 146/1208/212
f 152/1209/213 172/1210/213 171/1211/213 150/1212/213
f 154/1213/214 173/1214/214 172/1215/214 152/1216/214
f 156/1217/215 174/1218/215 173/1219/215 154/1220/215
f 158/1221/216 175/1222/216 174/1223/216 156/1224/216
f 160/1225/217 176/1226/217 175/1227/217 158/1228/217
f 162/1229/218 177/1230/218 176/1231/218 160/1232/218
f 164/1233/219 178/1234/219 177/1235/219 162/1236/219
f 166/1237/220 179/1238/220 178/1239/220 164/1240/220
f 168/1241/221 180/1242/221 179/1243/221 166/1244/221
f 147/1245/222 170/1246/222 180/1247/222 168/1248/222
f 169/1249/223 181/1250/223 182/1251/223 170/1252/223
f 171/1253/224 183/1254/224 181/1255/224 169/1256/224
f 172/1257/225 184/1258/225 183/1259/225 171/1260/225
f 173/1261/226 185/1262/226 184/1263/226 172/1264/226
f 174/1265/227 186/1266/227 185/1267/227 173/1268/227
f 175/1269/228 187/1270/228 186/1271/228 174/1272/228
f 176/1273/229 188/1274/229 187/1275/229 175/1276/229
f 177/1277/230 189/1278/230 188/1279/230 176/1280/230
f 178/1281/231 190/1282/231 189/1283/231 177/1284/231
f 179/1285/232 191/1286/232 190/1287/232 178/1288/232
f 180/1289/233 192/1290/233 191/1291/233 179/1292/233
f 170/1293/234 182/1294/234 192/1295/234 180/1296/234
f 181/1297/235 193/1298/235 194/1299/235 182/1300/235
f 183/1301/236 195/1302/236 193/1303/236 181/1304/236
f 184/1305/237 196/1306/237 195/1307/237 183/1308/237
f 185/1309/238 197/1310/238 196/1311/238 184/1312/238
f 186/1313/239 198/1314/239 197/1315/239 185/1316/239
f 187/1317/240 199/1318/240 198/1319/240 186/1320/240
f 188/1321/241 200/1322/241 199/1323/241 187/1324/241
f 189/1325/242 201/1326/242 200/1327/242 188/1328/242
f 190/1329/243 202/1330/243 201/1331/243 189/1332/243
f 191/1333/244 203/1334/244 202/1335/244 190/1336/244
f 192/1337/245 204/1338/245 203/1339/245 191/1340/245
f 182/1341/246 194/1342/246 204/1343/246 192/1344/246
f 193/1345/247 205/1346/247 206/1347/247 194/1348/247
f 195/1349/248 207/1350/248 205/1351/248 193/1352/248
f 196/1353/249 208/1354/249 207/1355/249 195/1356/249
f 197/1357/250 209/1358/250 208/1359/250 196/1360/250
f 198/1361/251 210/1362/251 209/1363/251 197/1364/251
f 199/1365/252 211/1366/252 210/1367/252 198/1368/252
f 200/1369/253 212/1370/253 211/1371/253 199/1372/253
f 201/1373/254 213/1374/254 212/1375/254 200/1376/254
f 202/1377/255 214/1378/255 213/1379/255 201/1380/255
f 203/1381/256 215/1382/256 214/1383/256 202/1384/256
f 204/1385/257 216/1386/257 215/1387/257 203/1388/257
f 194/1389/258 206/1390/258 216/1391/258 204/1392/258
f 205/1393/259 217/1394/259 218/1395/259 206/1396/259
f 207/1397/260 219/1398/260 217/1399/260 205/1400/260
f 208/1401/261 220/1402/261 219/1403/261 207/1404/261
f 209/1405/262 221/1406/262 220/1407/262 208/1408/262
f 210/1409/263 222/1410/263 221/1411/263 209/1412/263
f 211/1413/264 223/1414/264 222/1415/264 210/1416/264
f 212/1417/265 224/1418/265 223/1419/265 211/1420/265
f 213/1421/266 225/1422/266 224/1423/266 212/1424/266
f 214/1425/267 226/1426/267 225/1427/267 213/1428/267
f 215/1429/268 227/1430/268 226/1431/268 214/1432/268
f 216/1433/269 228/1434/269 227/1435/269 215/1436/269
f 206/1437/270 218/1438/270 228/1439/270 216/1440/270
f 217/1441/210 229/1442/210 230/1443/210 218/1444/210
f 219/1445/209 231/1446/209 229/1447/209 217/1448/209
f 220/1449/208 232/1450/208 231/1451/208 219/1452/208
f 221/1453/207 233/1454/207 232/1455/207 220/1456/207
f 222/1457/206 234/1458/206 233/1459/206 221/1460/206
f 223/1461/205 235/1462/205 234/1463/205 222/1464/205
f 224/1465/204 236/1466/204 235/1467/204 223/1468/204
f 225/1469/203 237/1470/203 236/1471/203 224/1472/203
f 226/1473/202 238/1474/202 237/1475/202 225/1476/202
f 227/1477/201 239/1478/201 238/1479/201 226/1480/201
f 228/1481/200 240/1482/200 239/1483/200 227/1484/200
f 218/1485/271 230/1486/271 240/1487/271 228/1488/271
f 229/1489/222 241/1490/222 242/1491/222 230/1492/222
f 231/1493/221 243/1494/221 241/1495/221 229/1496/221
f 232/1497/220 244/1498/220 243/1499/220 231/1500/220
f 233/1501/219 245/1502/219 244/1503/219 232/1504/219
f 234/1505/218 246/1506/218 245/1507/218 233/1508/218
f 235/1509/217 247/1510/217 246/1511/217 234/1512/217
f 236/1513/216 248/1514/216 247/1515/216 235/1516/216
f 237/1517/215 249/1518/215 248/1519/215 236/1520/215
f 238/1521/214 250/1522/214 249/1523/214 237/1524/214
f 239/1525/213 251/1526/213 250/1527/213 238/1528/213
f 240/1529/272 252/1530/272 251/1531/272 239/1532/272
f 230/1533/211 242/1534/211 252/1535/211 240/1536/211
f 241/1537/234 253/1538/234 254/1539/234 242/1540/234
f 243/1541/233 255/1542/233 253/1543/233 241/1544/233
f 244/1545/232 256/1546/232 255/1547/232 243/1548/232
f 245/1549/231 257/1550/231 256/1551/231 244/1552/231
f 246/1553/230 258/1554/230 257/1555/230 245/1556/230
f 247/1557/229 259/1558/229 258/1559/229 246/1560/229
f 248/1561/228 260/1562/228 259/1563/228 247/1564/228
f 249/1565/227 261/1566/227 260/1567/227 248/1568/227
f 250/1569/226 262/1570/226 261/1571/226 249/1572/226
f 251/1573/225 263/1574/225 262/1575/225 250/1576/225
f 252/1577/224 264/1578/224 263/1579/224 251/1580/224
f 242/1581/223 254/1582/223 264/1583/223 252/1584/223
f 253/1585/246 265/1586/246 266/1587/246 254/1588/246
f 255/1589/245 267/1590/245 265/1591/245 253/1592/245
f 256/1593/244 268/1594/244 267/1595/244 255/1596/244
f 257/1597/243 269/1598/243 268/1599/243 256/1600/243
f 258/1601/242 270/1602/242 269/1603/242 257/1604/242
f 259/1605/241 271/1606/241 270/1607/241 258/1608/241
f 260/1609/240 272/1610/240 271/1611/240 259/1612/240
f 261/1613/273 273/1614/273 272/1615/273 260/1616/273
f 262/1617/238 274/1618/238 273/1619/238 261/1620/238
f 263/1621/237 275/1622/237 274/1623/237 262/1624/237
f 264/1625/236 276/1626/236 275/1627/236 263/1628/236
f 254/1629/235 266/1630/235 276/1631/235 264/1632/235
f 265/1633/258 277/1634/258 278/1635/258 266/1636/258
f 267/1637/257 279/1638/257 277/1639/257 265/1640/257
f 268/1641/256 280/1642/256 279/1643/256 267/1644/256
f 269/1645/255 281/1646/255 280/1647/255 268/1648/255
f 270/1649/254 282/1650/254 281/1651/254 269/1652/254
f 271/1653/253 283/1654/253 282/1655/253 270/1656/253
f 272/1657/252 284/1658/252 283/1659/252 271/1660/252
f 273/1661/251 285/1662/251 284/1663/251 272/1664/251
f 274/1665/274 286/1666/274 285/1667/274 273/1668/274
f 275/1669/249 287/1670/249 286/1671/249 274/1672/249
f 276/1673/248 288/1674/248 287/1675/248 275/1676/248
f 266/1677/247 278/1678/247 288/1679/247 276/1680/247
f 277/1681/270 145/1682/270 148/1683/270 278/1684/270
f 279/1685/269 149/1686/269 145/1687/269 277/1688/269
f 280/1689/268 151/1690/268 149/1691/268 279/1692/268
f 281/1693/267 153/1694/267 151/1695/267 280/1696/267
f 282/1697/266 155/1698/266 153/1699/266 281/1700/266
f 283/1701/265 157/1702/265 155/1703/265 282/1704/265
f 284/1705/264 159/1706/264 157/1707/264 283/1708/264
f 285/1709/263 161/1710/263 159/1711/263 284/1712/263
f 286/1713/262 163/1714/262 161/1715/262 285/1716/262
f 287/1717/261 165/1718/261 163/1719/261 286/1720/261
f 288/1721/260 167/1722/260 165/1723/260 287/1724/260
f 278/1725/259 148/1726/259 167/1727/259 288/1728/259
f 289/1729/275 290/1730/275 291/1731/275 292/1732/275
f 293/1733/276 294/1734/276 290/1735/276 289/1736/276
f 295/1737/277 296/1738/277 294/1739/277 293/1740/277
f 297/1741/278 298/1742/278 296/1743/278 295/1744/278
f 299/1745/279 300/1746/279 298/1747/279 297/1748/279
f 301/1749/280 302/1750/280 300/1751/280 299/1752/280
f 303/1753/281 304/1754/281 302/1755/281 301/1756/281
f 305/1757/282 306/1758/282 304/1759/282 303/1760/282
f 307/1761/283 308/1762/283 306/1763/283 305/1764/283
f 309/1765/284 310/1766/284 308/1767/284 307/1768/284
f 311/1769/285 312/1770/285 310/1771/285 309/1772/285
f 292/1773/286 291/1774/286 312/1775/286 311/1776/286
f 290/1777/287 313/1778/287 314/1779/287 291/1780/287
f 294/1781/288 315/1782/288 313/1783/288 290/1784/288
f 296/1785/289 316/1786/289 315/1787/289 294/1788/289
f 298/1789/290 317/1790/290 316/1791/290 296/1792/290
f 300/1793/291 318/1794/291 317/1795/291 298/1796/291
f 302/1797/292 319/1798/292 318/1799/292 300/1800/292
f 304/1801/293 320/1802/293 319/1803/293 302/1804/293
f 306/1805/294 321/1806/294 320/1807/294 304/1808/294
f 308/1809/295 322/1810/295 321/1811/295 306/1812/295
f 310/1813/296 323/1814/296 322/1815/296 308/1816/296
f 312/1817/297 324/1818/297 323/1819/297 310/1820/297
f 291/1821/298 314/1822/298 324/1823/298 312/1824/298
f 313/1825/299 325/1826/299 326/1827/299 314/1828/299
f 315/1829/300 327/1830/300 325/1831/300 313/1832/300
f 316/1833/301 328/1834/301 327/1835/301 315/1836/301
f 317/1837/302 329/1838/302 328/1839/302 316/1840/302
f 318/1841/303 330/1842/303 329/1843/303 317/1844/303
f 319/1845/304 331/1846/304 330/1847/304 318/1848/304
f 320/1849/305 332/1850/305 331/1851/305 319/1852/305
f 321/1853/306 333/1854/306 332/1855/306 320/1856/306
f 322/1857/307 334/1858/307 333/1859/307 321/1860/307
f 323/1861/308 335/1862/308 334/1863/308 322/1864/308
f 324/1865/309 336/1866/309 335/1867/309 323/1868/309
f 314/1869/310 326/1870/310 336/1871/310 324/1872/310
f 325/1873/311 337/1874/311 338/1875/311 326/1876/311
f 327/1877/312 339/1878/312 337/1879/312 325/1880/312
f 328/1881/313 340/1882/313 339/1883/313 327/1884/313
f 329/1885/314 341/1886/314 340/1887/314 328/1888/314
f 330/1889/315 342/1890/315 341/1891/315 329/1892/315
f 331/1893/316 343/1894/316 342/1895/316 330/1896/316
f 332/1897/317 344/1898/317 343/1899/317 331/1900/317
f 333/1901/318 345/1902/318 344/1903/318 332/1904/318
f 334/1905/319 346/1906/319 345/1907/319 333/1908/319
f 335/1909/320 347/1910/320 346/1911/320 334/1912/320
f 336/1913/321 348/1914/321 347/1915/321 335/1916/321
f 326/1917/322 338/1918/322 348/1919/322 336/1920/322
f 337/1921/323 349/1922/323 350/1923/323 338/1924/323
f 339/1925/324 351/1926/324 349/1927/324 337/1928/324
f 340/1929/325 352/1930/325 351/1931/325 339/1932/325
f 341/1933/326 353/1934/326 352/1935/326 340/1936/326
f 342/1937/327 354/1938/327 353/1939/327 341/1940/327
f 343/1941/328 355/1942/328 354/1943/328 342/1944/328
f 344/1945/329 356/1946/329 355/1947/329 343/1948/329
f 345/1949/330 357/1950/330 356/1951/330 344/1952/330
f 346/1953/331 358/1954/331 357/1955/331 345/1956/331
f 347/1957/332 359/1958/332 358/1959/332 346/1960/332
f 348/1961/333 360/1962/333 359/1963/333 347/1964/333
f 338/1965/334 350/1966/334 360/1967/334 348/1968/334
f 349/1969/335 361/1970/335 362/1971/335 350/1972/335
f 351/1973/336 363/1974/336 361/1975/336 349/1976/336
f 352/1977/337 364/1978/337 363/1979/337 351/1980/337
f 353/1981/338 365/1982/338 364/1983/338 352/1984/338
f 354/1985/339 366/1986/339 365/1987/339 353/1988/339
f 355/1989/340 367/1990/340 366/1991/340 354/1992/340
f 356/1993/341 368/1994/341 367/1995/341 355/1996/341
f 357/1997/342 369/1998/342 368/1999/342 356/2000/342
f 358/2001/343 370/2002/343 369/2003/343 357/2004/343
f 359/2005/344 371/2006/344 370/2007/344 358/2008/344
f 360/2009/345 372/2010/345 371/2011/345 359/2012/345
f 350/2013/346 362/2014/346 372/2015/346 360/2016/346
f 361/2017/286 373/2018/286 374/2019/286 362/2020/286
f 363/2021/285 375/2022/285 373/2023/285 361/2024/285
f 364/2025/284 376/2026/284 375/2027/284 363/2028/284
f 365/2029/347 377/2030/347 376/2031/347 364/2032/347
f 366/2033/282 378/2034/282 377/2035/282 365/2036/282
f 367/2037/281 379/2038/281 378/2039/281 366/2040/281
f 368/2041/280 380/2042/280 379/2043/280 367/2044/280
f 369/2045/279 381/2046/279 380/2047/279 368/2048/279
f 370/2049/278 382/2050/278 381/2051/278 369/2052/278
f 371/2053/348 383/2054/348 382/2055/348 370/2056/348
f 372/2057/276 384/2058/276 383/2059/276 371/2060/276
f 362/2061/275 374/2062/275 384/2063/275 372/2064/275
f 373/2065/298 385/2066/298 386/2067/298 374/2068/298
f 375/2069/297 387/2070/297 385/2071/297 373/2072/297
f 376/2073/296 388/2074/296 387/2075/296 375/2076/296
f 377/2077/295 389/2078/295 388/2079/295 376/2080/295
f 378/2081/349 390/2082/349 389/2083/349 377/2084/349
f 379/2085/350 391/2086/350 390/2087/350 378/2088/350
f 380/2089/292 392/2090/292 391/2091/292 379/2092/292
f 381/2093/291 393/2094/291 392/2095/291 380/2096/291
f 382/2097/290 394/2098/290 393/2099/290 381/2100/290
f 383/2101/289 395/2102/289 394/2103/289 382/2104/289
f 384/2105/351 396/2106/351 395/2107/351 383/2108/351
f 374/2109/352 386/2110/352 396/2111/352 384/2112/352
f 385/2113/310 397/2114/310 398/2115/310 386/2116/310
f 387/2117/309 399/2118/309 397/2119/309 385/2120/309
f 388/2121/308 400/2122/308 399/2123/308 387/2124/308
f 389/2125/307 401/2126/307 400/2127/307 388/2128/307
f 390/2129/306 402/2130/306 401/2131/306 389/2132/306
f 391/2133/305 403/2134/305 402/2135/305 390/2136/305
f 392/2137/304 404/2138/304 403/2139/304 391/2140/304
f 393/2141/303 405/2142/303 404/2143/303 392/2144/303
f 394/2145/302 406/2146/302 405/2147/302 393/2148/302
f 395/2149/301 407/2150/301 406/2151/301 394/2152/301
f 396/2153/300 408/2154/300 407/2155/300 395/2156/300
f 386/2157/299 398/2158/299 408/2159/299 396/2160/299
f 397/2161/353 409/2162/353 410/2163/353 398/2164/353
f 399/2165/321 411/2166/321 409/2167/321 397/2168/321
f 400/2169/320 412/2170/320 411/2171/320 399/2172/320
f 401/2173/354 413/2174/354 412/2175/354 400/2176/354
f 402/2177/318 414/2178/318 413/2179/318 401/2180/318
f 403/2181/317 415/2182/317 414/2183/317 402/2184/317
f 404/2185/355 416/2186/355 415/2187/355 403/2188/355
f 405/2189/315 417/2190/315 416/2191/315 404/2192/315
f 406/2193/314 418/2194/314 417/2195/314 405/2196/314
f 407/2197/356 419/2198/356 418/2199/356 406/2200/356
f 408/2201/312 420/2202/312 419/2203/312 407/2204/312
f 398/2205/311 410/2206/311 420/2207/311 408/2208/311
f 409/2209/334 421/2210/334 422/2211/334 410/2212/334
f 411/2213/333 423/2214/333 421/2215/333 409/2216/333
f 412/2217/332 424/2218/332 423/2219/332 411/2220/332
f 413/2221/331 425/2222/331 424/2223/331 412/2224/331
f 414/2225/330 426/2226/330 425/2227/330 413/2228/330
f 415/2229/357 427/2230/357 426/2231/357 414/2232/357
f 416/2233/328 428/2234/328 427/2235/328 415/2236/328
f 417/2237/327 429/2238/327 428/2239/327 416/2240/327
f 418/2241/326 430/2242/326 429/2243/326 417/2244/326
f 419/2245/325 431/2246/325 430/2247/325 418/2248/325
f 420/2249/324 432/2250/324 431/2251/324 419/2252/324
f 410/2253/323 422/2254/323 432/2255/323 420/2256/323
f 421/2257/358 289/2258/358 292/2259/358 422/2260/358
f 423/2261/345 293/2262/345 289/2263/345 421/2264/345
f 424/2265/359 295/2266/359 293/2267/359 423/2268/359
f 425/2269/360 297/2270/360 295/2271/360 424/2272/360
f 426/2273/361 299/2274/361 297/2275/361 425/2276/361
f 427/2277/341 301/2278/341 299/2279/341 426/2280/341
f 428/2281/362 303/2282/362 301/2283/362 427/2284/362
f 429/2285/339 305/2286/339 303/2287/339 428/2288/339
f 430/2289/338 307/2290/338 305/2291/338 429/2292/338
f 431/2293/337 309/2294/337 307/2295/337 430/2296/337
f 432/2297/363 311/2298/363 309/2299/363 431/2300/363
f 422/2301/364 292/2302/364 311/2303/364 432/2304/364
f 433/2305/365 434/2306/365 435/2307/365
f 434/2308/366 436/2309/366 435/2310/366
f 436/2311/367 437/2312/367 435/2313/367
f 437/2314/368 438/2315/368 435/2316/368
f 438/2317/369 439/2318/369 435/2319/369
f 439/2320/370 440/2321/370 435/2322/370
f 440/2323/371 441/2324/371 435/2325/371
f 441/2326/372 442/2327/372 435/2328/372
f 442/2329/373 443/2330/373 435/2331/373
f 443/2332/374 444/2333/374 435/2334/374
f 444/2335/375 445/2336/375 435/2337/375
f 445/2338/376 433/2339/376 435/2340/376
f 446/2341/377 447/2342/377 434/2343/377 433/2344/377
f 447/2345/378 448/2346/378 436/2347/378 434/2348/378
f 448/2349/379 449/2350/379 437/2351/379 436/2352/379
f 449/2353/380 450/2354/380 438/2355/380 437/2356/380
f 450/2357/381 451/2358/381 439/2359/381 438/2360/381
f 451/2361/382 452/2362/382 440/2363/382 439/2364/382
f 452/2365/383 453/2366/383 441/2367/383 440/2368/383
f 453/2369/384 454/2370/384 442/2371/384 441/2372/384
f 454/2373/385 455/2374/385 443/2375/385 442/2376/385
f 455/2377/386 456/2378/386 444/2379/386 443/2380/386
f 456/2381/387 457/2382/387 445/2383/387 444/2384/387
f 457/2385/388 446/2386/388 433/2387/388 445/2388/388
f 458/2389/389 459/2390/389 447/2391/389 446/2392/389
f 459/2393/390 460/2394/390 448/2395/390 447/2396/390
f 460/2397/391 461/2398/391 449/2399/391 448/2400/391
f 461/2401/392 462/2402/392 450/2403/392 449/2404/392
f 462/2405/393 463/2406/393 451/2407/393 450/2408/393
f 463/2409/394 464/2410/394 452/2411/394 451/2412/394
f 464/2413/395 465/2414/395 453/2415/395 452/2416/395
f 465/2417/396 466/2418/396 454/2419/396 453/2420/396
f 466/2421/397 467/2422/397 455/2423/397 454/2424/397
f 467/2425/398 468/2426/398 456/2427/398 455/2428/398
f 468/2429/399 469/2430/399 457/2431/399 456/2432/399
f 469/2433/400 458/2434/400 446/2435/400 457/2436/400
f 470/2437/401 471/2438/401 459/2439/401 458/2440/401
f 471/2441/402 472/2442/402 460/2443/402 459/2444/402
f 472/2445/403 473/2446/403 461/2447/403 460/2448/403
f 473/2449/404 474/2450/404 462/2451/404 461/2452/404
f 474/2453/405 475/2454/405 463/2455/405 462/2456/405
f 475/2457/406 476/2458/406 464/2459/406 463/2460/406
f 476/2461/407 477/2462/407 465/2463/407 464/2464/407
f 477/2465/408 478/2466/408 466/2467/408 465/2468/408
f 478/2469/409 479/2470/409 467/2471/409 466/2472/409
f 479/2473/410 480/2474/410 468/2475/410 467/2476/410
f 480/2477/411 481/2478/411 469/2479/411 468/2480/411
f 481/2481/412 470/2482/412 458/2483/412 469/2484/412
f 482/2485/413 483/2486/413 471/2487/413 470/2488/413
f 483/2489/414 484/2490/414 472/2491/414 471/2492/414
f 484/2493/415 485/2494/415 473/2495/415 472/2496/415
f 485/2497/416 486/2498/416 474/2499/416 473/2500/416
f 486/2501/417 487/2502/417 475/2503/417 474/2504/417
f 487/2505/418 488/2506/418 476/2507/418 475/2508/418
f 488/2509/419 489/2510/419 477/2511/419 476/2512/419
f 489/2513/420 490/2514/420 478/2515/420 477/2516/420
f 490/2517/421 491/2518/421 479/2519/421 478/2520/421
f 491/2521/422 492/2522/422 480/2523/422 479/2524/422
f 492/2525/423 493/2526/423 481/2527/423 480/2528/423
f 493/2529/424 482/2530/424 470/2531/424 481/2532/424
f 494/2533/425 495/2534/425 483/2535/425 482/2536/425
f 495/2537/426 496/2538/426 484/2539/426 483/2540/426
f 496/2541/427 497/2542/427 485/2543/427 484/2544/427
f 497/2545/428 498/2546/428 486/2547/428 485/2548/428
f 498/2549/429 499/2550/429 487/2551/429 486/2552/429
f 499/2553/430 500/2554/430 488/2555/430 487/2556/430
f 500/2557/431 501/2558/431 489/2559/431 488/2560/431
f 501/2561/432 502/2562/432 490/2563/432 489/2564/432
f 502/2565/433 503/2566/433 491/2567/433 490/2568/433
f 503/2569/434 504/2570/434 492/2571/434 491/2572/434
f 504/2573/435 505/2574/435 493/2575/435 492/2576/435
f 505/2577/436 494/2578/436 482/2579/436 493/2580/436
f 506/2581/437 507/2582/437 495/2583/437 494/2584/437
f 507/2585/438 508/2586/438 496/2587/438 495/2588/438
f 508/2589/439 509/2590/439 497/2591/439 496/2592/439
f 509/2593/440 510/2594/440 498/2595/440 497/2596/440
f 510/2597/441 511/2598/441 499/2599/441 498/2600/441
f 511/2601/442 512/2602/442 500/2603/442 499/2604/442
f 512/2605/443 513/2606/443 501/2607/443 500/2608/443
f 513/2609/444 514/2610/444 502/2611/444 501/2612/444
f 514/2613/445 515/2614/445 503/2615/445 502/2616/445
f 515/2617/446 516/2618/446 504/2619/446 503/2620/446
f 516/2621/447 517/2622/447 505/2623/447 504/2624/447
f 517/2625/448 506/2626/448 494/2627/448 505/2628/448
f 518/2629/449 519/2630/449 507/2631/449 506/2632/449
f 519/2633/450 520/2634/450 508/2635/450 507/2636/450
f 520/2637/451 521/2638/451 509/2639/451 508/2640/451
f 521/2641/452 522/2642/452 510/2643/452 509/2644/452
f 522/2645/453 523/2646/453 511/2647/453 510/2648/453
f 523/2649/454 524/2650/454 512/2651/454 511/2652/454
f 524/2653/455 525/2654/455 513/2655/455 512/2656/455
f 525/2657/456 526/2658/456 514/2659/456 513/2660/456
f 526/2661/457 527/2662/457 515/2663/457 514/2664/457
f 527/2665/458 528/2666/458 516/2667/458 515/2668/458
f 528/2669/459 529/2670/459 517/2671/459 516/2672/459
f 529/2673/460 518/2674/460 506/2675/460 517/2676/460
f 530/2677/461 519/2678/461 518/2679/461
f 530/2680/462 520/2681/462 519/2682/462
f 530/2683/463 521/2684/463 520/2685/463
f 530/2686/464 522/2687/464 521/2688/464
f 530/2689/465 523/2690/465 522/2691/465
f 530/2692/466 524/2693/466 523/2694/466
f 530/2695/467 525/2696/467 524/2697/467
f 530/2698/468 526/2699/468 525/2700/468
f 530/2701/469 527/2702/469 526/2703/469
f 530/2704/470 528/2705/470 527/2706/470
f 530/2707/471 529/2708/471 528/2709/471
f 530/2710/472 518/2711/472 529/2712/472
f 531/2713/473 532/2714/473 533/2715/473 534/2716/473
f 535/2717/474 536/2718/474 532/2719/474 531/2720/474
f 537/2721/475 538/2722/475 536/2723/475 535/2724/475
f 539/2725/476 540/2726/476 538/2727/476 537/2728/476
f 541/2729/477 542/2730/477 540/2731/477 539/2732/477
f 543/2733/478 544/2734/478 542/2735/478 541/2736/478
f 545/2737/479 546/2738/479 544/2739/479 543/2740/479
f 547/2741/480 548/2742/480 546/2743/480 545/2744/480
f 549/2745/481 550/2746/481 548/2747/481 547/2748/481
f 551/2749/482 552/2750/482 550/2751/482 549/2752/482
f 553/2753/483 554/2754/483 552/2755/483 551/2756/483
f 534/2757/484 533/2758/484 554/2759/484 553/2760/484
f 532/2761/485 555/2762/485 556/2763/485 533/2764/485
f 536/2765/486 557/2766/486 555/2767/486 532/2768/486
f 538/2769/487 558/2770/487 557/2771/487 536/2772/487
f 540/2773/488 559/2774/488 558/2775/488 538/2776/488
f 542/2777/489 560/2778/489 559/2779/489 540/2780/489
f 544/2781/490 561/2782/490 560/2783/490 542/2784/490
f 546/2785/491 562/2786/491 561/2787/491 544/2788/491
f 548/2789/492 563/2790/492 562/2791/492 546/2792/492
f 550/2793/493 564/2794/493 563/2795/493 548/2796/493
f 552/2797/494 565/2798/494 564/2799/494 550/2800/494
f 554/2801/495 566/2802/495 565/2803/495 552/2804/495
f 533/2805/496 556/2806/496 566/2807/496 554/2808/496
f 555/2809/497 567/2810/497 568/2811/497 556/2812/497
f 557/2813/498 569/2814/498 567/2815/498 555/2816/498
f 558/2817/499 570/2818/499 569/2819/499 557/2820/499
f 559/2821/500 571/2822/500 570/2823/500 558/2824/500
f 560/2825/501 572/2826/501 571/2827/501 559/2828/501
f 561/2829/502 573/2830/502 572/2831/502 560/2832/502
f 562/2833/503 574/2834/503 573/2835/503 561/2836/503
f 563/2837/504 575/2838/504 574/2839/504 562/2840/504
f 564/2841/505 576/2842/505 575/2843/505 563/2844/505
f 565/2845/506 577/2846/506 576/2847/506 564/2848/506
f 566/2849/507 578/2850/507 577/2851/507 565/2852/507
f 556/2853/508 568/2854/508 578/2855/508 566/2856/508
f 567/2857/509 579/2858/509 580/2859/509 568/2860/509
f 569/2861/510 581/2862/510 579/2863/510 567/2864/510
f 570/2865/511 582/2866/511 581/2867/511 569/2868/511
f 571/2869/512 583/2870/512 582/2871/512 570/2872/512
f 572/2873/513 584/2874/513 583/2875/513 571/2876/513
f 573/2877/514 585/2878/514 584/2879/514 572/2880/514
f 574/2881/515 586/2882/515 585/2883/515 573/2884/515
f 575/2885/516 587/2886/516 586/2887/516 574/2888/516
f 576/2889/517 588/2890/517 587/2891/517 575/2892/517
f 577/2893/518 589/2894/518 588/2895/518 576/2896/518
f 578/2897/519 590/2898/519 589/2899/519 577/2900/519
f 568/2901/520 580/2902/520 590/2903/520 578/2904/520
f 579/2905/521 591/2906/521 592/2907/521 580/2908/521
f 581/2909/522 593/2910/522 591/2911/522 579/2912/522
f 582/2913/523 594/2914/523 593/2915/523 581/2916/523
f 583/2917/524 595/2918/524 594/2919/524 582/2920/524
f 584/2921/525 596/2922/525 595/2923/525 583/2924/525
f 585/2925/526 597/2926/526 596/2927/526 584/2928/526
f 586/2929/527 598/2930/527 597/2931/527 585/2932/527
f 587/2933/528 599/2934/528 598/2935/528 586/2936/528
f 588/2937/529 600/2938/529 599/2939/529 587/2940/529
f 589/2941/530 601/2942/530 600/2943/530 588/2944/530
f 590/2945/531 602/2946/531 601/2947/531 589/2948/531
f 580/2949/532 592/2950/532 602/2951/532 590/2952/532
f 591/2953/533 603/2954/533 604/2955/533 592/2956/533
f 593/2957/534 605/2958/534 603/2959/534 591/2960/534
f 594/2961/535 606/2962/535 605/2963/535 593/2964/535
f 595/2965/536 607/2966/536 606/2967/536 594/2968/536
f 596/2969/537 608/2970/537 607/2971/537 595/2972/537
f 597/2973/538 609/2974/538 608/2975/538 596/2976/538
f 598/2977/539 610/2978/539 609/2979/539 597/2980/539
f 599/2981/540 611/2982/540 610/2983/540 598/2984/540
f 600/2985/541 612/2986/541 611/2987/541 599/2988/541
f 601/2989/542 613/2990/542 612/2991/542 600/2992/542
f 602/2993/543 614/2994/543 613/2995/543 601/2996/543
f 592/2997/544 604/2998/544 614/2999/544 602/3000/544
f 603/3001/484 615/3002/484 616/3003/484 604/3004/484
f 605/3005/483 617/3006/483 615/3007/483 603/3008/483
f 606/3009/545 618/3010/545 617/3011/545 605/3012/545
f 607/3013/481 619/3014/481 618/3015/481 606/3016/481
f 608/3017/480 620/3018/480 619/3019/480 607/3020/480
f 609/3021/479 621/3022/479 620/3023/479 608/3024/479
f 610/3025/478 622/3026/478 621/3027/478 609/3028/478
f 611/3029/477 623/3030/477 622/3031/477 610/3032/477
f 612/3033/546 624/3034/546 623/3035/546 611/3036/546
f 613/3037/475 625/3038/475 624/3039/475 612/3040/475
f 614/3041/474 626/3042/474 625/3043/474 613/3044/474
f 604/3045/473 616/3046/473 626/3047/473 614/3048/473
f 615/3049/547 627/3050/547 628/3051/547 616/3052/547
f 617/3053/495 629/3054/495 627/3055/495 615/3056/495
f 618/3057/494 630/3058/494 629/3059/494 617/3060/494
f 619/3061/493 631/3062/493 630/3063/493 618/3064/493
f 620/3065/492 632/3066/492 631/3067/492 619/3068/492
f 621/3069/548 633/3070/548 632/3071/548 620/3072/548
f 622/3073/549 634/3074/549 633/3075/549 621/3076/549
f 623/3077/489 635/3078/489 634/3079/489 622/3080/489
f 624/3081/550 636/3082/550 635/3083/550 623/3084/550
f 625/3085/487 637/3086/487 636/3087/487 624/3088/487
f 626/3089/551 638/3090/551 637/3091/551 625/3092/551
f 616/3093/552 628/3094/552 638/3095/552 626/3096/552
f 627/3097/508 639/3098/508 640/3099/508 628/3100/508
f 629/3101/507 641/3102/507 639/3103/507 627/3104/507
f 630/3105/506 642/3106/506 641/3107/506 629/3108/506
f 631/3109/553 643/3110/553 642/3111/553 630/3112/553
f 632/3113/504 644/3114/504 643/3115/504 631/3116/504
f 633/3117/503 645/3118/503 644/3119/503 632/3120/503
f 634/3121/502 646/3122/502 645/3123/502 633/3124/502
f 635/3125/501 647/3126/501 646/3127/501 634/3128/501
f 636/3129/500 648/3130/500 647/3131/500 635/3132/500
f 637/3133/554 649/3134/554 648/3135/554 636/3136/554
f 638/3137/498 650/3138/498 649/3139/498 637/3140/498
f 628/3141/497 640/3142/497 650/3143/497 638/3144/497
f 639/3145/520 651/3146/520 652/3147/520 640/3148/520
f 641/3149/519 653/3150/519 651/3151/519 639/3152/519
f 642/3153/518 654/3154/518 653/3155/518 641/3156/518
f 643/3157/517 655/3158/517 654/3159/517 642/3160/517
f 644/3161/516 656/3162/516 655/3163/516 643/3164/516
f 645/3165/515 657/3166/515 656/3167/515 644/3168/515
f 646/3169/514 658/3170/514 657/3171/514 645/3172/514
f 647/3173/513 659/3174/513 658/3175/513 646/3176/513
f 648/3177/512 660/3178/512 659/3179/512 647/3180/512
f 649/3181/511 661/3182/511 660/3183/511 648/3184/511
f 650/3185/510 662/3186/510 661/3187/510 649/3188/510
f 640/3189/509 652/3190/509 662/3191/509 650/3192/509
f 651/3193/532 663/3194/532 664/3195/532 652/3196/532
f 653/3197/531 665/3198/531 663/3199/531 651/3200/531
f 654/3201/530 666/3202/530 665/3203/530 653/3204/530
f 655/3205/529 667/3206/529 666/3207/529 654/3208/529
f 656/3209/555 668/3210/555 667/3211/555 655/3212/555
f 657/3213/527 669/3214/527 668/3215/527 656/3216/527
f 658/3217/526 670/3218/526 669/3219/526 657/3220/526
f 659/3221/525 671/3222/525 670/3223/525 658/3224/525
f 660/3225/524 672/3226/524 671/3227/524 659/3228/524
f 661/3229/523 673/3230/523 672/3231/523 660/3232/523
f 662/3233/556 674/3234/556 673/3235/556 661/3236/556
f 652/3237/521 664/3238/521 674/3239/521 662/3240/521
f 663/3241/544 531/3242/544 534/3243/544 664/3244/544
f 665/3245/543 535/3246/543 531/3247/543 663/3248/543
f 666/3249/542 537/3250/542 535/3251/542 665/3252/542
f 667/3253/541 539/3254/541 537/3255/541 666/3256/541
f 668/3257/557 541/3258/557 539/3259/557 667/3260/557
f 669/3261/539 543/3262/539 541/3263/539 668/3264/539
f 670/3265/538 545/3266/538 543/3267/538 669/3268/538
f 671/3269/537 547/3270/537 545/3271/537 670/3272/537
f 672/3273/536 549/3274/536 547/3275/536 671/3276/536
f 673/3277/535 551/3278/535 549/3279/535 672/3280/535
f 674/3281/534 553/3282/534 551/3283/534 673/3284/534
f 664/3285/533 534/3286/533 553/3287/533 674/3288/533
f 954/3289/416 955/3290/416 956/3291/416 957/3292/416
f 955/3293/417 958/3294/417 959/3295/417 956/3296/417
f 958/3297/418 960/3298/418 961/3299/418 959/3300/418
f 960/3301/419 962/3302/419 963/3303/419 961/3304/419
f 962/3305/420 964/3306/420 965/3307/420 963/3308/420
f 964/3309/421 966/3310/421 967/3311/421 965/3312/421
f 966/3313/422 968/3314/422 969/3315/422 967/3316/422
f 968/3317/423 970/3318/423 971/3319/423 969/3320/423
f 970/3321/424 972/3322/424 973/3323/424 971/3324/424
f 972/3325/413 974/3326/413 975/3327/413 973/3328/413
f 974/3329/414 976/3330/414 977/3331/414 975/3332/414
f 976/3333/415 954/3334/415 957/3335/415 977/3336/415
f 957/3337/558 956/3338/558 959/3339/558 961/3340/558 963/3341/558 965/3342/558 967/3343/558 969/3344/558 971/3345/558 973/3346/558 975/3347/558 977/3348/558
f 976/3349/559 974/3350/559 972/3351/559 970/3352/559 968/3353/559 966/3354/559 964/3355/559 962/3356/559 960/3357/559 958/3358/559 955/3359/559 954/3360/559
f 1146/3361/560 1147/3362/560 1148/3363/560 1149/3364/560
f 1150/3365/561 1151/3366/561 1147/3367/561 1146/3368/561
f 1152/3369/562 1153/3370/562 1151/3371/562 1150/3372/562
f 1154/3373/563 1155/3374/563 1153/3375/563 1152/3376/563
f 1156/3377/564 1157/3378/564 1155/3379/564 1154/3380/564
f 1158/3381/565 1159/3382/565 1157/3383/565 1156/3384/565
f 1160/3385/566 1161/3386/566 1159/3387/566 1158/3388/566
f 1162/3389/567 1163/3390/567 1161/3391/567 1160/3392/567
f 1164/3393/568 1165/3394/568 1163/3395/568 1162/3396/568
f 1166/3397/569 1167/3398/569 1165/3399/569 1164/3400/569
f 1168/3401/570 1169/3402/570 1167/3403/570 1166/3404/570
f 1149/3405/571 1148/3406/571 1169/3407/571 1168/3408/571
f 1147/3409/572 1170/3410/572 1171/3411/572 1148/3412/572
f 1151/3413/573 1172/3414/573 1170/3415/573 1147/3416/573
f 1153/3417/574 1173/3418/574 1172/3419/574 1151/3420/574
f 1155/3421/575 1174/3422/575 1173/3423/575 1153/3424/575
f 1157/3425/576 1175/3426/576 1174/3427/576 1155/3428/576
f 1159/3429/577 1176/3430/577 1175/3431/577 1157/3432/577
f 1161/3433/578 1177/3434/578 1176/3435/578 1159/3436/578
f 1163/3437/579 1178/3438/579 1177/3439/579 1161/3440/579
f 1165/3441/580 1179/3442/580 1178/3443/580 1163/3444/580
f 1167/3445/581 1180/3446/581 1179/3447/581 1165/3448/581
f 1169/3449/582 1181/3450/582 1180/3451/582 1167/3452/582
f 1148/3453/583 1171/3454/583 1181/3455/583 1169/3456/583
f 1170/3457/584 1182/3458/584 1183/3459/584 1171/3460/584
f 1172/3461/585 1184/3462/585 1182/3463/585 1170/3464/585
f 1173/3465/586 1185/3466/586 1184/3467/586 1172/3468/586
f 1174/3469/587 1186/3470/587 1185/3471/587 1173/3472/587
f 1175/3473/588 1187/3474/588 1186/3475/588 1174/3476/588
f 1176/3477/589 1188/3478/589 1187/3479/589 1175/3480/589
f 1177/3481/590 1189/3482/590 1188/3483/590 1176/3484/590
f 1178/3485/591 1190/3486/591 1189/3487/591 1177/3488/591
f 1179/3489/592 1191/3490/592 1190/3491/592 1178/3492/592
f 1180/3493/593 1192/3494/593 1191/3495/593 1179/3496/593
f 1181/3497/594 1193/3498/594 1192/3499/594 1180/3500/594
f 1171/3501/595 1183/3502/595 1193/3503/595 1181/3504/595
f 1182/3505/596 1194/3506/596 1195/3507/596 1183/3508/596
f 1184/3509/597 1196/3510/597 1194/3511/597 1182/3512/597
f 1185/3513/598 1197/3514/598 1196/3515/598 1184/3516/598
f 1186/3517/599 1198/3518/599 1197/3519/599 1185/3520/599
f 1187/3521/600 1199/3522/600 1198/3523/600 1186/3524/600
f 1188/3525/601 1200/3526/601 1199/3527/601 1187/3528/601
f 1189/3529/602 1201/3530/602 1200/3531/602 1188/3532/602
f 1190/3533/603 1202/3534/603 1201/3535/603 1189/3536/603
f 1191/3537/604 1203/3538/604 1202/3539/604 1190/3540/604
f 1192/3541/605 1204/3542/605 1203/3543/605 1191/3544/605
f 1193/3545/606 1205/3546/606 1204/3547/606 1192/3548/606
f 1183/3549/607 1195/3550/607 1205/3551/607 1193/3552/607
f 1194/3553/608 1206/3554/608 1207/3555/608 1195/3556/608
f 1196/3557/609 1208/3558/609 1206/3559/609 1194/3560/609
f 1197/3561/610 1209/3562/610 1208/3563/610 1196/3564/610
f 1198/3565/611 1210/3566/611 1209/3567/611 1197/3568/611
f 1199/3569/612 1211/3570/612 1210/3571/612 1198/3572/612
f 1200/3573/613 1212/3574/613 1211/3575/613 1199/3576/613
f 1201/3577/614 1213/3578/614 1212/3579/614 1200/3580/614
f 1202/3581/615 1214/3582/615 1213/3583/615 1201/3584/615
f 1203/3585/616 1215/3586/616 1214/3587/616 1202/3588/616
f 1204/3589/617 1216/3590/617 1215/3591/617 1203/3592/617
f 1205/3593/618 1217/3594/618 1216/3595/618 1204/3596/618
f 1195/3597/619 1207/3598/619 1217/3599/619 1205/3600/619
f 1206/3601/620 1218/3602/620 1219/3603/620 1207/3604/620
f 1208/3605/621 1220/3606/621 1218/3607/621 1206/3608/621
f 1209/3609/622 1221/3610/622 1220/3611/622 1208/3612/622
f 1210/3613/623 1222/3614/623 1221/3615/623 1209/3616/623
f 1211/3617/624 1223/3618/624 1222/3619/624 1210/3620/624
f 1212/3621/625 1224/3622/625 1223/3623/625 1211/3624/625
f 1213/3625/626 1225/3626/626 1224/3627/626 1212/3628/626
f 1214/3629/627 1226/3630/627 1225/3631/627 1213/3632/627
f 1215/3633/628 1227/3634/628 1226/3635/628 1214/3636/628
f 1216/3637/629 1228/3638/629 1227/3639/629 1215/3640/629
f 1217/3641/630 1229/3642/630 1228/3643/630 1216/3644/630
f 1207/3645/631 1219/3646/631 1229/3647/631 1217/3648/631
f 1218/3649/571 1230/3650/571 1231/3651/571 1219/3652/571
f 1220/3653/570 1232/3654/570 1230/3655/570 1218/3656/570
f 1221/3657/569 1233/3658/569 1232/3659/569 1220/3660/569
f 1222/3661/568 1234/3662/568 1233/3663/568 1221/3664/568
f 1223/3665/567 1235/3666/567 1234/3667/567 1222/3668/567
f 1224/3669/566 1236/3670/566 1235/3671/566 1223/3672/566
f 1225/3673/565 1237/3674/565 1236/3675/565 1224/3676/565
f 1226/3677/564 1238/3678/564 1237/3679/564 1225/3680/564
f 1227/3681/563 1239/3682/563 1238/3683/563 1226/3684/563
f 1228/3685/562 1240/3686/562 1239/3687/562 1227/3688/562
f 1229/3689/561 1241/3690/561 1240/3691/561 1228/3692/561
f 1219/3693/560 1231/3694/560 1241/3695/560 1229/3696/560
f 1230/3697/583 1242/3698/583 1243/3699/583 1231/3700/583
f 1232/3701/582 1244/3702/582 1242/3703/582 1230/3704/582
f 1233/3705/581 1245/3706/581 1244/3707/581 1232/3708/581
f 1234/3709/632 1246/3710/632 1245/3711/632 1233/3712/632
f 1235/3713/633 1247/3714/633 1246/3715/633 1234/3716/633
f 1236/3717/578 1248/3718/578 1247/3719/578 1235/3720/578
f 1237/3721/577 1249/3722/577 1248/3723/577 1236/3724/577
f 1238/3725/576 1250/3726/576 1249/3727/576 1237/3728/576
f 1239/3729/575 1251/3730/575 1250/3731/575 1238/3732/575
f 1240/3733/634 1252/3734/634 1251/3735/634 1239/3736/634
f 1241/3737/573 1253/3738/573 1252/3739/573 1240/3740/573
f 1231/3741/572 1243/3742/572 1253/3743/572 1241/3744/572
f 1242/3745/595 1254/3746/595 1255/3747/595 1243/3748/595
f 1244/3749/594 1256/3750/594 1254/3751/594 1242/3752/594
f 1245/3753/593 1257/3754/593 1256/3755/593 1244/3756/593
f 1246/3757/592 1258/3758/592 1257/3759/592 1245/3760/592
f 1247/3761/591 1259/3762/591 1258/3763/591 1246/3764/591
f 1248/3765/590 1260/3766/590 1259/3767/590 1247/3768/590
f 1249/3769/589 1261/3770/589 1260/3771/589 1248/3772/589
f 1250/3773/588 1262/3774/588 1261/3775/588 1249/3776/588
f 1251/3777/587 1263/3778/587 1262/3779/587 1250/3780/587
f 1252/3781/586 1264/3782/586 1263/3783/586 1251/3784/586
f 1253/3785/635 1265/3786/635 1264/3787/635 1252/3788/635
f 1243/3789/584 1255/3790/584 1265/3791/584 1253/3792/584
f 1254/3793/607 1266/3794/607 1267/3795/607 1255/3796/607
f 1256/3797/606 1268/3798/606 1266/3799/606 1254/3800/606
f 1257/3801/605 1269/3802/605 1268/3803/605 1256/3804/605
f 1258/3805/604 1270/3806/604 1269/3807/604 1257/3808/604
f 1259/3809/603 1271/3810/603 1270/3811/603 1258/3812/603
f 1260/3813/602 1272/3814/602 1271/3815/602 1259/3816/602
f 1261/3817/601 1273/3818/601 1272/3819/601 1260/3820/601
f 1262/3821/600 1274/3822/600 1273/3823/600 1261/3824/600
f 1263/3825/599 1275/3826/599 1274/3827/599 1262/3828/599
f 1264/3829/598 1276/3830/598 1275/3831/598 1263/3832/598
f 1265/3833/597 1277/3834/597 1276/3835/597 1264/3836/597
f 1255/3837/596 1267/3838/596 1277/3839/596 1265/3840/596
f 1266/3841/619 1278/3842/619 1279/3843/619 1267/3844/619
f 1268/3845/618 1280/3846/618 1278/3847/618 1266/3848/618
f 1269/3849/617 1281/3850/617 1280/3851/617 1268/3852/617
f 1270/3853/616 1282/3854/616 1281/3855/616 1269/3856/616
f 1271/3857/615 1283/3858/615 1282/3859/615 1270/3860/615
f 1272/3861/636 1284/3862/636 1283/3863/636 1271/3864/636
f 1273/3865/613 1285/3866/613 1284/3867/613 1272/3868/613
f 1274/3869/612 1286/3870/612 1285/3871/612 1273/3872/612
f 1275/3873/611 1287/3874/611 1286/3875/611 1274/3876/611
f 1276/3877/610 1288/3878/610 1287/3879/610 1275/3880/610
f 1277/3881/609 1289/3882/609 1288/3883/609 1276/3884/609
f 1267/3885/608 1279/3886/608 1289/3887/608 1277/3888/608
f 1278/3889/631 1146/3890/631 1149/3891/631 1279/3892/631
f 1280/3893/637 1150/3894/637 1146/3895/637 1278/3896/637
f 1281/3897/629 1152/3898/629 1150/3899/629 1280/3900/629
f 1282/3901/628 1154/3902/628 1152/3903/628 1281/3904/628
f 1283/3905/627 1156/3906/627 1154/3907/627 1282/3908/627
f 1284/3909/626 1158/3910/626 1156/3911/626 1283/3912/626
f 1285/3913/625 1160/3914/625 1158/3915/625 1284/3916/625
f 1286/3917/624 1162/3918/624 1160/3919/624 1285/3920/624
f 1287/3921/623 1164/3922/623 1162/3923/623 1286/3924/623
f 1288/3925/622 1166/3926/622 1164/3927/622 1287/3928/622
f 1289/3929/621 1168/3930/621 1166/3931/621 1288/3932/621
f 1279/3933/620 1149/3934/620 1168/3935/620 1289/3936/620
usemtl mat21
f 675/3937/416 676/3938/416 677/3939/416 678/3940/416
f 676/3941/417 679/3942/417 680/3943/417 677/3944/417
f 679/3945/418 681/3946/418 682/3947/418 680/3948/418
f 681/3949/419 683/3950/419 684/3951/419 682/3952/419
f 683/3953/420 685/3954/420 686/3955/420 684/3956/420
f 685/3957/421 687/3958/421 688/3959/421 686/3960/421
f 687/3961/422 689/3962/422 690/3963/422 688/3964/422
f 689/3965/423 691/3966/423 692/3967/423 690/3968/423
f 691/3969/424 693/3970/424 694/3971/424 692/3972/424
f 693/3973/413 695/3974/413 696/3975/413 694/3976/413
f 695/3977/414 697/3978/414 698/3979/414 696/3980/414
f 697/3981/415 675/3982/415 678/3983/415 698/3984/415
f 678/3985/558 677/3986/558 680/3987/558 682/3988/558 684/3989/558 686/3990/558 688/3991/558 690/3992/558 692/3993/558 694/3994/558 696/3995/558 698/3996/558
f 697/3997/559 695/3998/559 693/3999/559 691/4000/559 689/4001/559 687/4002/559 685/4003/559 683/4004/559 681/4005/559 679/4006/559 676/4007/559 675/4008/559
usemtl mat17
f 699/4009/638 700/4010/638 701/4011/638
f 700/4012/639 702/4013/639 701/4014/639
f 702/4015/367 703/4016/367 701/4017/367
f 703/4018/368 704/4019/368 701/4020/368
f 704/4021/640 705/4022/640 701/4023/640
f 705/4024/370 706/4025/370 701/4026/370
f 706/4027/641 707/4028/641 701/4029/641
f 707/4030/372 708/4031/372 701/4032/372
f 708/4033/373 709/4034/373 701/4035/373
f 709/4036/374 710/4037/374 701/4038/374
f 710/4039/375 711/4040/375 701/4041/375
f 711/4042/376 699/4043/376 701/4044/376
f 712/4045/642 713/4046/642 700/4047/642 699/4048/642
f 713/4049/378 714/4050/378 702/4051/378 700/4052/378
f 714/4053/379 715/4054/379 703/4055/379 702/4056/379
f 715/4057/380 716/4058/380 704/4059/380 703/4060/380
f 716/4061/381 717/4062/381 705/4063/381 704/4064/381
f 717/4065/382 718/4066/382 706/4067/382 705/4068/382
f 718/4069/383 719/4070/383 707/4071/383 706/4072/383
f 719/4073/384 720/4074/384 708/4075/384 707/4076/384
f 720/4077/385 721/4078/385 709/4079/385 708/4080/385
f 721/4081/386 722/4082/386 710/4083/386 709/4084/386
f 722/4085/387 723/4086/387 711/4087/387 710/4088/387
f 723/4089/388 712/4090/388 699/4091/388 711/4092/388
f 724/4093/389 725/4094/389 713/4095/389 712/4096/389
f 725/4097/390 726/4098/390 714/4099/390 713/4100/390
f 726/4101/391 727/4102/391 715/4103/391 714/4104/391
f 727/4105/392 728/4106/392 716/4107/392 715/4108/392
f 728/4109/393 729/4110/393 717/4111/393 716/4112/393
f 729/4113/394 730/4114/394 718/4115/394 717/4116/394
f 730/4117/395 731/4118/395 719/4119/395 718/4120/395
f 731/4121/396 732/4122/396 720/4123/396 719/4124/396
f 732/4125/397 733/4126/397 721/4127/397 720/4128/397
f 733/4129/643 734/4130/643 722/4131/643 721/4132/643
f 734/4133/399 735/4134/399 723/4135/399 722/4136/399
f 735/4137/644 724/4138/644 712/4139/644 723/4140/644
f 736/4141/401 737/4142/401 725/4143/401 724/4144/401
f 737/4145/402 738/4146/402 726/4147/402 725/4148/402
f 738/4149/403 739/4150/403 727/4151/403 726/4152/403
f 739/4153/404 740/4154/404 728/4155/404 727/4156/404
f 740/4157/645 741/4158/645 729/4159/645 728/4160/645
f 741/4161/406 742/4162/406 730/4163/406 729/4164/406
f 742/4165/407 743/4166/407 731/4167/407 730/4168/407
f 743/4169/408 744/4170/408 732/4171/408 731/4172/408
f 744/4173/409 745/4174/409 733/4175/409 732/4176/409
f 745/4177/646 746/4178/646 734/4179/646 733/4180/646
f 746/4181/411 747/4182/411 735/4183/411 734/4184/411
f 747/4185/412 736/4186/412 724/4187/412 735/4188/412
f 748/4189/413 749/4190/413 737/4191/413 736/4192/413
f 749/4193/414 750/4194/414 738/4195/414 737/4196/414
f 750/4197/415 751/4198/415 739/4199/415 738/4200/415
f 751/4201/416 752/4202/416 740/4203/416 739/4204/416
f 752/4205/417 753/4206/417 741/4207/417 740/4208/417
f 753/4209/418 754/4210/418 742/4211/418 741/4212/418
f 754/4213/419 755/4214/419 743/4215/419 742/4216/419
f 755/4217/420 756/4218/420 744/4219/420 743/4220/420
f 756/4221/421 757/4222/421 745/4223/421 744/4224/421
f 757/4225/422 758/4226/422 746/4227/422 745/4228/422
f 758/4229/423 759/4230/423 747/4231/423 746/4232/423
f 759/4233/424 748/4234/424 736/4235/424 747/4236/424
f 760/4237/425 761/4238/425 749/4239/425 748/4240/425
f 761/4241/426 762/4242/426 750/4243/426 749/4244/426
f 762/4245/427 763/4246/427 751/4247/427 750/4248/427
f 763/4249/428 764/4250/428 752/4251/428 751/4252/428
f 764/4253/429 765/4254/429 753/4255/429 752/4256/429
f 765/4257/430 766/4258/430 754/4259/430 753/4260/430
f 766/4261/431 767/4262/431 755/4263/431 754/4264/431
f 767/4265/432 768/4266/432 756/4267/432 755/4268/432
f 768/4269/433 769/4270/433 757/4271/433 756/4272/433
f 769/4273/434 770/4274/434 758/4275/434 757/4276/434
f 770/4277/435 771/4278/435 759/4279/435 758/4280/435
f 771/4281/436 760/4282/436 748/4283/436 759/4284/436
f 772/4285/437 773/4286/437 761/4287/437 760/4288/437
f 773/4289/647 774/4290/647 762/4291/647 761/4292/647
f 774/4293/439 775/4294/439 763/4295/439 762/4296/439
f 775/4297/648 776/4298/648 764/4299/648 763/4300/648
f 776/4301/441 777/4302/441 765/4303/441 764/4304/441
f 777/4305/442 778/4306/442 766/4307/442 765/4308/442
f 778/4309/443 779/4310/443 767/4311/443 766/4312/443
f 779/4313/444 780/4314/444 768/4315/444 767/4316/444
f 780/4317/445 781/4318/445 769/4319/445 768/4320/445
f 781/4321/446 782/4322/446 770/4323/446 769/4324/446
f 782/4325/447 783/4326/447 771/4327/447 770/4328/447
f 783/4329/448 772/4330/448 760/4331/448 771/4332/448
f 784/4333/449 785/4334/449 773/4335/449 772/4336/449
f 785/4337/450 786/4338/450 774/4339/450 773/4340/450
f 786/4341/649 787/4342/649 775/4343/649 774/4344/649
f 787/4345/452 788/4346/452 776/4347/452 775/4348/452
f 788/4349/453 789/4350/453 777/4351/453 776/4352/453
f 789/4353/454 790/4354/454 778/4355/454 777/4356/454
f 790/4357/650 791/4358/650 779/4359/650 778/4360/650
f 791/4361/456 792/4362/456 780/4363/456 779/4364/456
f 792/4365/457 793/4366/457 781/4367/457 780/4368/457
f 793/4369/458 794/4370/458 782/4371/458 781/4372/458
f 794/4373/459 795/4374/459 783/4375/459 782/4376/459
f 795/4377/460 784/4378/460 772/4379/460 783/4380/460
f 796/4381/651 785/4382/651 784/4383/651
f 796/4384/462 786/4385/462 785/4386/462
f 796/4387/463 787/4388/463 786/4389/463
f 796/4390/652 788/4391/652 787/4392/652
f 796/4393/465 789/4394/465 788/4395/465
f 796/4396/653 790/4397/653 789/4398/653
f 796/4399/467 791/4400/467 790/4401/467
f 796/4402/468 792/4403/468 791/4404/468
f 796/4405/469 793/4406/469 792/4407/469
f 796/4408/470 794/4409/470 793/4410/470
f 796/4411/471 795/4412/471 794/4413/471
f 796/4414/472 784/4415/472 795/4416/472
f 797/4417/654 798/4418/654 799/4419/654
f 798/4420/655 800/4421/655 799/4422/655
f 800/4423/656 801/4424/656 799/4425/656
f 801/4426/657 802/4427/657 799/4428/657
f 802/4429/658 803/4430/658 799/4431/658
f 803/4432/659 804/4433/659 799/4434/659
f 804/4435/660 805/4436/660 799/4437/660
f 805/4438/661 806/4439/661 799/4440/661
f 806/4441/662 807/4442/662 799/4443/662
f 807/4444/663 808/4445/663 799/4446/663
f 808/4447/664 809/4448/664 799/4449/664
f 809/4450/665 797/4451/665 799/4452/665
f 809/4453/559 808/4454/559 807/4455/559 806/4456/559 805/4457/559 804/4458/559 803/4459/559 802/4460/559 801/4461/559 800/4462/559 798/4463/559 797/4464/559
f 810/4465/666 811/4466/666 812/4467/666 813/4468/666
f 814/4469/667 815/4470/667 811/4471/667 810/4472/667
f 816/4473/668 817/4474/668 815/4475/668 814/4476/668
f 818/4477/669 819/4478/669 817/4479/669 816/4480/669
f 820/4481/670 821/4482/670 819/4483/670 818/4484/670
f 822/4485/671 823/4486/671 821/4487/671 820/4488/671
f 824/4489/672 825/4490/672 823/4491/672 822/4492/672
f 826/4493/673 827/4494/673 825/4495/673 824/4496/673
f 828/4497/674 829/4498/674 827/4499/674 826/4500/674
f 830/4501/675 831/4502/675 829/4503/675 828/4504/675
f 832/4505/676 833/4506/676 831/4507/676 830/4508/676
f 813/4509/677 812/4510/677 833/4511/677 832/4512/677
f 811/4513/678 834/4514/678 835/4515/678 812/4516/678
f 815/4517/679 836/4518/679 834/4519/679 811/4520/679
f 817/4521/680 837/4522/680 836/4523/680 815/4524/680
f 819/4525/681 838/4526/681 837/4527/681 817/4528/681
f 821/4529/682 839/4530/682 838/4531/682 819/4532/682
f 823/4533/683 840/4534/683 839/4535/683 821/4536/683
f 825/4537/684 841/4538/684 840/4539/684 823/4540/684
f 827/4541/685 842/4542/685 841/4543/685 825/4544/685
f 829/4545/686 843/4546/686 842/4547/686 827/4548/686
f 831/4549/687 844/4550/687 843/4551/687 829/4552/687
f 833/4553/688 845/4554/688 844/4555/688 831/4556/688
f 812/4557/689 835/4558/689 845/4559/689 833/4560/689
f 834/4561/690 846/4562/690 847/4563/690 835/4564/690
f 836/4565/691 848/4566/691 846/4567/691 834/4568/691
f 837/4569/692 849/4570/692 848/4571/692 836/4572/692
f 838/4573/693 850/4574/693 849/4575/693 837/4576/693
f 839/4577/694 851/4578/694 850/4579/694 838/4580/694
f 840/4581/695 852/4582/695 851/4583/695 839/4584/695
f 841/4585/696 853/4586/696 852/4587/696 840/4588/696
f 842/4589/697 854/4590/697 853/4591/697 841/4592/697
f 843/4593/698 855/4594/698 854/4595/698 842/4596/698
f 844/4597/699 856/4598/699 855/4599/699 843/4600/699
f 845/4601/700 857/4602/700 856/4603/700 844/4604/700
f 835/4605/701 847/4606/701 857/4607/701 845/4608/701
f 846/4609/702 858/4610/702 859/4611/702 847/4612/702
f 848/4613/703 860/4614/703 858/4615/703 846/4616/703
f 849/4617/704 861/4618/704 860/4619/704 848/4620/704
f 850/4621/705 862/4622/705 861/4623/705 849/4624/705
f 851/4625/706 863/4626/706 862/4627/706 850/4628/706
f 852/4629/707 864/4630/707 863/4631/707 851/4632/707
f 853/4633/708 865/4634/708 864/4635/708 852/4636/708
f 854/4637/709 866/4638/709 865/4639/709 853/4640/709
f 855/4641/710 867/4642/710 866/4643/710 854/4644/710
f 856/4645/711 868/4646/711 867/4647/711 855/4648/711
f 857/4649/712 869/4650/712 868/4651/712 856/4652/712
f 847/4653/713 859/4654/713 869/4655/713 857/4656/713
f 858/4657/714 870/4658/714 871/4659/714 859/4660/714
f 860/4661/715 872/4662/715 870/4663/715 858/4664/715
f 861/4665/716 873/4666/716 872/4667/716 860/4668/716
f 862/4669/717 874/4670/717 873/4671/717 861/4672/717
f 863/4673/718 875/4674/718 874/4675/718 862/4676/718
f 864/4677/719 876/4678/719 875/4679/719 863/4680/719
f 865/4681/720 877/4682/720 876/4683/720 864/4684/720
f 866/4685/721 878/4686/721 877/4687/721 865/4688/721
f 867/4689/722 879/4690/722 878/4691/722 866/4692/722
f 868/4693/723 880/4694/723 879/4695/723 867/4696/723
f 869/4697/724 881/4698/724 880/4699/724 868/4700/724
f 859/4701/725 871/4702/725 881/4703/725 869/4704/725
f 870/4705/726 882/4706/726 883/4707/726 871/4708/726
f 872/4709/727 884/4710/727 882/4711/727 870/4712/727
f 873/4713/728 885/4714/728 884/4715/728 872/4716/728
f 874/4717/729 886/4718/729 885/4719/729 873/4720/729
f 875/4721/730 887/4722/730 886/4723/730 874/4724/730
f 876/4725/731 888/4726/731 887/4727/731 875/4728/731
f 877/4729/732 889/4730/732 888/4731/732 876/4732/732
f 878/4733/733 890/4734/733 889/4735/733 877/4736/733
f 879/4737/734 891/4738/734 890/4739/734 878/4740/734
f 880/4741/735 892/4742/735 891/4743/735 879/4744/735
f 881/4745/736 893/4746/736 892/4747/736 880/4748/736
f 871/4749/737 883/4750/737 893/4751/737 881/4752/737
f 882/4753/677 894/4754/677 895/4755/677 883/4756/677
f 884/4757/676 896/4758/676 894/4759/676 882/4760/676
f 885/4761/675 897/4762/675 896/4763/675 884/4764/675
f 886/4765/674 898/4766/674 897/4767/674 885/4768/674
f 887/4769/673 899/4770/673 898/4771/673 886/4772/673
f 888/4773/672 900/4774/672 899/4775/672 887/4776/672
f 889/4777/671 901/4778/671 900/4779/671 888/4780/671
f 890/4781/670 902/4782/670 901/4783/670 889/4784/670
f 891/4785/669 903/4786/669 902/4787/669 890/4788/669
f 892/4789/668 904/4790/668 903/4791/668 891/4792/668
f 893/4793/667 905/4794/667 904/4795/667 892/4796/667
f 883/4797/666 895/4798/666 905/4799/666 893/4800/666
f 894/4801/689 906/4802/689 907/4803/689 895/4804/689
f 896/4805/688 908/4806/688 906/4807/688 894/4808/688
f 897/4809/687 909/4810/687 908/4811/687 896/4812/687
f 898/4813/686 910/4814/686 909/4815/686 897/4816/686
f 899/4817/685 911/4818/685 910/4819/685 898/4820/685
f 900/4821/684 912/4822/684 911/4823/684 899/4824/684
f 901/4825/683 913/4826/683 912/4827/683 900/4828/683
f 902/4829/682 914/4830/682 913/4831/682 901/4832/682
f 903/4833/681 915/4834/681 914/4835/681 902/4836/681
f 904/4837/680 916/4838/680 915/4839/680 903/4840/680
f 905/4841/679 917/4842/679 916/4843/679 904/4844/679
f 895/4845/678 907/4846/678 917/4847/678 905/4848/678
f 906/4849/701 918/4850/701 919/4851/701 907/4852/701
f 908/4853/700 920/4854/700 918/4855/700 906/4856/700
f 909/4857/699 921/4858/699 920/4859/699 908/4860/699
f 910/4861/698 922/4862/698 921/4863/698 909/4864/698
f 911/4865/697 923/4866/697 922/4867/697 910/4868/697
f 912/4869/696 924/4870/696 923/4871/696 911/4872/696
f 913/4873/695 925/4874/695 924/4875/695 912/4876/695
f 914/4877/694 926/4878/694 925/4879/694 913/4880/694
f 915/4881/693 927/4882/693 926/4883/693 914/4884/693
f 916/4885/692 928/4886/692 927/4887/692 915/4888/692
f 917/4889/691 929/4890/691 928/4891/691 916/4892/691
f 907/4893/690 919/4894/690 929/4895/690 917/4896/690
f 918/4897/713 930/4898/713 931/4899/713 919/4900/713
f 920/4901/712 932/4902/712 930/4903/712 918/4904/712
f 921/4905/711 933/4906/711 932/4907/711 920/4908/711
f 922/4909/710 934/4910/710 933/4911/710 921/4912/710
f 923/4913/709 935/4914/709 934/4915/709 922/4916/709
f 924/4917/708 936/4918/708 935/4919/708 923/4920/708
f 925/4921/707 937/4922/707 936/4923/707 924/4924/707
f 926/4925/706 938/4926/706 937/4927/706 925/4928/706
f 927/4929/705 939/4930/705 938/4931/705 926/4932/705
f 928/4933/704 940/4934/704 939/4935/704 927/4936/704
f 929/4937/703 941/4938/703 940/4939/703 928/4940/703
f 919/4941/702 931/4942/702 941/4943/702 929/4944/702
f 930/4945/725 942/4946/725 943/4947/725 931/4948/725
f 932/4949/724 944/4950/724 942/4951/724 930/4952/724
f 933/4953/723 945/4954/723 944/4955/723 932/4956/723
f 934/4957/722 946/4958/722 945/4959/722 933/4960/722
f 935/4961/721 947/4962/721 946/4963/721 934/4964/721
f 936/4965/720 948/4966/720 947/4967/720 935/4968/720
f 937/4969/719 949/4970/719 948/4971/719 936/4972/719
f 938/4973/718 950/4974/718 949/4975/718 937/4976/718
f 939/4977/717 951/4978/717 950/4979/717 938/4980/717
f 940/4981/716 952/4982/716 951/4983/716 939/4984/716
f 941/4985/715 953/4986/715 952/4987/715 940/4988/715
f 931/4989/714 943/4990/714 953/4991/714 941/4992/714
f 942/4993/737 810/4994/737 813/4995/737 943/4996/737
f 944/4997/736 814/4998/736 810/4999/736 942/5000/736
f 945/5001/735 816/5002/735 814/5003/735 944/5004/735
f 946/5005/734 818/5006/734 816/5007/734 945/5008/734
f 947/5009/733 820/5010/733 818/5011/733 946/5012/733
f 948/5013/732 822/5014/732 820/5015/732 947/5016/732
f 949/5017/731 824/5018/731 822/5019/731 948/5020/731
f 950/5021/730 826/5022/730 824/5023/730 949/5024/730
f 951/5025/729 828/5026/729 826/5027/729 950/5028/729
f 952/5029/728 830/5030/728 828/5031/728 951/5032/728
f 953/5033/727 832/5034/727 830/5035/727 952/5036/727
f 943/5037/726 813/5038/726 832/5039/726 953/5040/726
usemtl mat20
f 978/5041/738 979/5042/738 980/5043/738 981/5044/738
f 979/5045/739 982/5046/739 983/5047/739 980/5048/739
f 982/5049/740 984/5050/740 985/5051/740 983/5052/740
f 984/5053/741 986/5054/741 987/5055/741 985/5056/741
f 986/5057/742 988/5058/742 989/5059/742 987/5060/742
f 988/5061/743 990/5062/743 991/5063/743 989/5064/743
f 990/5065/744 992/5066/744 993/5067/744 991/5068/744
f 992/5069/745 994/5070/745 995/5071/745 993/5072/745
f 994/5073/746 996/5074/746 997/5075/746 995/5076/746
f 996/5077/747 998/5078/747 999/5079/747 997/5080/747
f 998/5081/748 1000/5082/748 1001/5083/748 999/5084/748
f 1000/5085/749 978/5086/749 981/5087/749 1001/5088/749
f 981/5089/750 980/5090/750 983/5091/750 985/5092/750 987/5093/750 989/5094/750 991/5095/750 993/5096/750 995/5097/750 997/5098/750 999/5099/750 1001/5100/750
f 1000/5101/751 998/5102/751 996/5103/751 994/5104/751 992/5105/751 990/5106/751 988/5107/751 986/5108/751 984/5109/751 982/5110/751 979/5111/751 978/5112/751
o group1974329050
v -0.170925 -0.002080 0.020297
v -0.172122 -0.006848 0.021918
v 0.014008 -0.001931 0.173828
v 0.015206 0.002837 0.172207
v -0.171635 -0.011983 0.021487
v 0.014495 -0.007067 0.173398
v -0.169594 -0.016110 0.019121
v 0.016536 -0.011194 0.171031
v -0.166547 -0.018122 0.015452
v 0.019583 -0.013206 0.167363
v -0.163309 -0.017481 0.011464
v 0.022821 -0.012565 0.163375
v -0.160749 -0.014358 0.008226
v 0.025381 -0.009442 0.160137
v -0.159552 -0.009590 0.006605
v 0.026578 -0.004674 0.158516
v -0.160039 -0.004455 0.007036
v 0.026091 0.000462 0.158946
v -0.162080 -0.000328 0.009402
v 0.024051 0.004589 0.161313
v -0.165127 0.001684 0.013071
v 0.021004 0.006601 0.164981
v -0.168364 0.001043 0.017058
v 0.017766 0.005960 0.168969
vt 0.092020 0.072324
vt 0.091724 0.071899
vt 0.071997 0.085621
vt 0.072293 0.086046
vt 0.150914 0.059357
vt 0.150483 0.059071
vt 0.137163 0.079072
vt 0.137594 0.079359
vt 0.147141 -0.077415
vt 0.146643 -0.077273
vt 0.153212 -0.054158
vt 0.153710 -0.054300
vt 0.054703 -0.115751
vt 0.054365 -0.115359
vt 0.072553 -0.099654
vt 0.072892 -0.100046
vt -0.003977 -0.061333
vt -0.004237 -0.060885
vt 0.016543 -0.048816
vt 0.016803 -0.049264
vt -0.046799 0.014133
vt -0.047047 0.014587
vt -0.025976 0.026139
vt -0.025727 0.025685
vt -0.091724 0.071899
vt -0.092020 0.072324
vt -0.072293 0.086046
vt -0.071997 0.085621
vt -0.150483 0.059071
vt -0.150914 0.059357
vt -0.137594 0.079359
vt -0.137163 0.079072
vt -0.146643 -0.077273
vt -0.147141 -0.077415
vt -0.153710 -0.054300
vt -0.153213 -0.054158
vt -0.054365 -0.115359
vt -0.054703 -0.115751
vt -0.072892 -0.100046
vt -0.072553 -0.099654
vt 0.004237 -0.060885
vt 0.003977 -0.061333
vt -0.016803 -0.049264
vt -0.016543 -0.048816
vt 0.047047 0.014587
vt 0.046799 0.014133
vt 0.025727 0.025685
vt 0.025976 0.026139
vt 0.166830 0.009319
vt 0.166505 0.008916
vt 0.166022 0.008729
vt 0.165511 0.008809
vt 0.165108 0.009134
vt 0.164921 0.009617
vt 0.165000 0.010128
vt 0.165325 0.010531
vt 0.165808 0.010718
vt 0.166319 0.010638
vt 0.166723 0.010313
vt 0.166909 0.009831
vt -0.166909 0.009831
vt -0.166723 0.010313
vt -0.166319 0.010638
vt -0.165808 0.010718
vt -0.165325 0.010531
vt -0.165000 0.010128
vt -0.164921 0.009617
vt -0.165108 0.009134
vt -0.165511 0.008809
vt -0.166022 0.008729
vt -0.166505 0.008916
vt -0.166830 0.009319
vn -0.5887 0.3888 0.7087
vn -0.6255 -0.1239 0.7704
vn -0.4946 -0.6033 0.6256
vn -0.2313 -0.9211 0.3132
vn 0.0941 -0.9921 -0.0832
vn 0.3942 -0.7972 -0.4572
vn 0.5887 -0.3888 -0.7087
vn 0.6255 0.1239 -0.7704
vn 0.4946 0.6033 -0.6256
vn 0.2313 0.9211 -0.3132
vn -0.0941 0.9921 0.0832
vn -0.3942 0.7972 0.4572
vn 0.7746 0.0205 0.6322
vn -0.7746 -0.0205 -0.6322
usemtl mat20
s 1
f 1290/5113/752 1291/5114/752 1292/5115/752 1293/5116/752
f 1291/5117/753 1294/5118/753 1295/5119/753 1292/5120/753
f 1294/5121/754 1296/5122/754 1297/5123/754 1295/5124/754
f 1296/5125/755 1298/5126/755 1299/5127/755 1297/5128/755
f 1298/5129/756 1300/5130/756 1301/5131/756 1299/5132/756
f 1300/5133/757 1302/5134/757 1303/5135/757 1301/5136/757
f 1302/5137/758 1304/5138/758 1305/5139/758 1303/5140/758
f 1304/5141/759 1306/5142/759 1307/5143/759 1305/5144/759
f 1306/5145/760 1308/5146/760 1309/5147/760 1307/5148/760
f 1308/5149/761 1310/5150/761 1311/5151/761 1309/5152/761
f 1310/5153/762 1312/5154/762 1313/5155/762 1311/5156/762
f 1312/5157/763 1290/5158/763 1293/5159/763 1313/5160/763
f 1293/5161/764 1292/5162/764 1295/5163/764 1297/5164/764 1299/5165/764 1301/5166/764 1303/5167/764 1305/5168/764 1307/5169/764 1309/5170/764 1311/5171/764 1313/5172/764
f 1312/5173/765 1310/5174/765 1308/5175/765 1306/5176/765 1304/5177/765 1302/5178/765 1300/5179/765 1298/5180/765 1296/5181/765 1294/5182/765 1291/5183/765 1290/5184/765
o group1898418447
v -0.178130 -0.006375 0.015455
v -0.175987 -0.003324 0.012690
v -0.187449 -0.011661 -0.001494
v -0.173159 -0.002431 0.009120
v -0.170402 -0.003934 0.005701
v -0.168456 -0.007431 0.003350
v -0.167843 -0.011986 0.002696
v -0.168725 -0.016376 0.003915
v -0.170868 -0.019428 0.006680
v -0.173697 -0.020321 0.010250
v -0.176453 -0.018818 0.013669
v -0.178399 -0.015321 0.016021
v -0.179012 -0.010766 0.016674
v -0.103825 0.030860 -0.026141
v -0.124311 0.060897 -0.003131
v -0.125332 0.050652 0.003588
v -0.107772 0.024905 -0.016136
v -0.105819 0.035009 -0.037541
v -0.128448 0.068188 -0.012123
v -0.113220 0.036242 -0.047280
v -0.136633 0.070571 -0.020981
v -0.124045 0.034229 -0.052748
v -0.146674 0.067408 -0.027331
v -0.135393 0.029508 -0.052482
v -0.155879 0.059546 -0.029471
v -0.144224 0.023345 -0.046551
v -0.161784 0.049091 -0.026828
v -0.148171 0.017390 -0.036546
v -0.162804 0.038846 -0.020110
v -0.146177 0.013241 -0.025147
v -0.158668 0.031555 -0.011117
v -0.138776 0.012008 -0.015408
v -0.150483 0.029172 -0.002259
v -0.127951 0.014021 -0.009939
v -0.140442 0.032336 0.004091
v -0.116603 0.018742 -0.010206
v -0.131236 0.040198 0.006231
v -0.151292 0.071523 0.028660
v -0.148458 0.059759 0.030836
v -0.158250 0.079925 0.022991
v -0.167468 0.082714 0.015350
v -0.176476 0.079144 0.007784
v -0.182860 0.070171 0.002319
v -0.184910 0.058199 0.000421
v -0.182076 0.046435 0.002598
v -0.175118 0.038033 0.008266
v -0.165900 0.035244 0.015907
v -0.156892 0.038814 0.023474
v -0.150508 0.047787 0.028938
v -0.177538 0.059888 0.060711
v -0.170954 0.049787 0.058309
v -0.187240 0.067074 0.058394
v -0.197463 0.069418 0.051980
v -0.205466 0.066293 0.043187
v -0.209106 0.058536 0.034370
v -0.207406 0.048226 0.027893
v -0.200823 0.038125 0.025491
v -0.191120 0.030940 0.027808
v -0.180898 0.028595 0.034222
v -0.172894 0.031720 0.043015
v -0.169255 0.039477 0.051832
v -0.196016 0.029111 0.084435
v -0.186793 0.023407 0.078644
v -0.207651 0.033078 0.084600
v -0.218580 0.034245 0.079094
v -0.225876 0.032298 0.069392
v -0.227583 0.027760 0.058095
v -0.223244 0.021846 0.048228
v -0.214021 0.016142 0.042437
v -0.202386 0.012175 0.042273
v -0.191456 0.011009 0.047779
v -0.184160 0.012955 0.057480
v -0.182453 0.017494 0.068778
v -0.201774 -0.012561 0.093475
v -0.191729 -0.012312 0.086393
v -0.214012 -0.012952 0.094585
v -0.225162 -0.013381 0.089425
v -0.232238 -0.013732 0.079378
v -0.233342 -0.013912 0.067135
v -0.228180 -0.013873 0.055977
v -0.218135 -0.013624 0.048895
v -0.205897 -0.013233 0.047785
v -0.194747 -0.012804 0.052945
v -0.187672 -0.012452 0.062992
v -0.186567 -0.012272 0.075235
v -0.193271 -0.053962 0.085410
v -0.184440 -0.047799 0.079479
v -0.204619 -0.058683 0.085676
v -0.215444 -0.060697 0.080207
v -0.222845 -0.059464 0.070468
v -0.224839 -0.055314 0.059069
v -0.220892 -0.049360 0.049064
v -0.212061 -0.043197 0.043133
v -0.200713 -0.038476 0.042867
v -0.189888 -0.036462 0.048336
v -0.182487 -0.037695 0.058074
v -0.180493 -0.041845 0.069474
v -0.172785 -0.084000 0.062399
v -0.166881 -0.073546 0.059756
v -0.181991 -0.091862 0.060259
v -0.192031 -0.095026 0.053909
v -0.200216 -0.092643 0.045051
v -0.204353 -0.085352 0.036058
v -0.203332 -0.075107 0.029340
v -0.197428 -0.064652 0.026697
v -0.188222 -0.056790 0.028837
v -0.178182 -0.053627 0.035187
v -0.169996 -0.056010 0.044045
v -0.165860 -0.063301 0.053037
v -0.145804 -0.094625 0.030609
v -0.143754 -0.082653 0.032507
v -0.152188 -0.103599 0.025144
v -0.161196 -0.107169 0.017578
v -0.170414 -0.104379 0.009936
v -0.177372 -0.095977 0.004268
v -0.180206 -0.084214 0.002092
v -0.178156 -0.072242 0.003990
v -0.171772 -0.063268 0.009454
v -0.162764 -0.059698 0.017021
v -0.153546 -0.062488 0.024662
v -0.146588 -0.070890 0.030330
v -0.119558 -0.082991 -0.001443
v -0.121258 -0.072681 0.005034
v -0.123198 -0.090748 -0.010259
v -0.131201 -0.093873 -0.019052
v -0.141424 -0.091528 -0.025467
v -0.151127 -0.084343 -0.027783
v -0.157710 -0.074242 -0.025381
v -0.159409 -0.063931 -0.018904
v -0.155770 -0.056175 -0.010088
v -0.147767 -0.053050 -0.001294
v -0.137544 -0.055394 0.005120
v -0.127841 -0.062580 0.007437
v -0.101081 -0.052214 -0.025167
v -0.105420 -0.046301 -0.015301
v -0.102788 -0.056753 -0.036464
v -0.110084 -0.058699 -0.046166
v -0.121013 -0.057533 -0.051672
v -0.132649 -0.053566 -0.051507
v -0.141872 -0.047862 -0.045716
v -0.146211 -0.041948 -0.035850
v -0.144504 -0.037410 -0.024552
v -0.137208 -0.035463 -0.014851
v -0.126278 -0.036630 -0.009345
v -0.114643 -0.040596 -0.009509
v -0.095322 -0.010542 -0.034207
v -0.100484 -0.010582 -0.023050
v -0.096427 -0.010722 -0.046450
v -0.103502 -0.011074 -0.056498
v -0.114652 -0.011503 -0.061658
v -0.126890 -0.011894 -0.060548
v -0.136935 -0.012143 -0.053465
v -0.142097 -0.012182 -0.042307
v -0.140993 -0.012002 -0.030064
v -0.133917 -0.011651 -0.020017
v -0.122767 -0.011222 -0.014857
v -0.110529 -0.010831 -0.015967
v -0.199162 0.033194 0.035098
v -0.172745 0.033557 0.056607
v -0.118417 -0.044508 -0.008799
v -0.144833 -0.044871 -0.030308
v -0.126836 -0.059238 0.001790
v -0.181164 0.018826 0.067196
v -0.207581 0.018463 0.045687
v -0.153252 -0.059602 -0.019719
v -0.147206 0.022542 -0.028533
v -0.120789 0.022905 -0.007024
v -0.169379 -0.062113 0.054088
v -0.195795 -0.062476 0.032579
v -0.178792 -0.048587 0.065421
v -0.130202 0.036431 0.004309
v -0.156619 0.036068 -0.017200
v -0.205209 -0.048950 0.043912
v -0.212015 0.022446 0.062043
v -0.217069 -0.015273 0.069720
v -0.199504 -0.014699 0.084103
v -0.194451 0.023020 0.076426
v -0.209404 -0.052508 0.061845
v -0.191839 -0.051934 0.076229
v -0.191073 -0.079282 0.040529
v -0.173509 -0.078708 0.054912
v -0.166989 -0.088421 0.011483
v -0.149425 -0.087846 0.025866
v -0.143606 -0.077475 -0.017510
v -0.126041 -0.076901 -0.003127
v -0.127187 -0.049379 -0.038682
v -0.109623 -0.048804 -0.024298
v -0.122134 -0.011659 -0.046359
v -0.104569 -0.011085 -0.031975
v -0.129799 0.025576 -0.038484
v -0.112234 0.026150 -0.024101
v -0.148129 0.052350 -0.017168
v -0.130565 0.052924 -0.002785
v -0.172213 0.061488 0.011878
v -0.154648 0.062062 0.026261
v -0.195597 0.050543 0.040871
v -0.178033 0.051117 0.055255
vt -0.016265 0.056529
vt -0.016088 0.056958
vt -0.014335 0.055984
vt -0.053032 -0.012607
vt -0.052777 -0.012219
vt -0.051240 -0.013508
vt -0.100864 -0.058237
vt -0.100506 -0.057941
vt -0.099415 -0.059624
vt -0.152178 -0.048699
vt -0.151726 -0.048593
vt -0.151495 -0.050585
vt -0.168606 0.003068
vt -0.168165 0.002923
vt -0.169007 0.001104
vt -0.143891 0.021347
vt -0.143551 0.021031
vt -0.145078 0.019731
vt -0.111146 -0.012953
vt -0.110905 -0.013350
vt -0.112729 -0.014184
vt -0.081677 -0.073389
vt -0.081510 -0.073822
vt -0.083452 -0.074320
vt -0.052969 -0.132042
vt -0.052852 -0.132491
vt -0.054838 -0.132770
vt 0.000222 -0.167352
vt 0.000369 -0.167792
vt -0.001594 -0.168202
vt 0.057320 0.150885
vt 0.057443 0.151333
vt 0.059302 0.150583
vt 0.015068 0.119685
vt 0.015191 0.120132
vt 0.017049 0.119380
vt 0.165802 0.009853
vt 0.165359 0.009714
vt 0.164906 0.009815
vt 0.164564 0.010129
vt 0.164425 0.010572
vt 0.164526 0.011025
vt 0.164840 0.011367
vt 0.165283 0.011506
vt 0.165736 0.011405
vt 0.166078 0.011091
vt 0.166217 0.010648
vt 0.166116 0.010195
vt 0.109413 0.080580
vt 0.106959 0.077572
vt 0.105199 0.079007
vt 0.107653 0.082015
vt 0.167329 0.026496
vt 0.163693 0.025134
vt 0.162896 0.027261
vt 0.166532 0.028622
vt 0.118516 -0.107576
vt 0.115155 -0.105634
vt 0.116291 -0.103668
vt 0.119652 -0.105609
vt 0.034648 -0.105225
vt 0.032365 -0.102085
vt 0.034201 -0.100749
vt 0.036485 -0.103889
vt -0.016637 -0.039842
vt -0.018520 -0.036447
vt -0.016533 -0.035346
vt -0.014651 -0.038741
vt -0.058471 0.034046
vt -0.060397 0.037416
vt -0.058426 0.038543
vt -0.056499 0.035173
vt -0.106959 0.077571
vt -0.109413 0.080580
vt -0.107653 0.082015
vt -0.105199 0.079007
vt -0.163693 0.025134
vt -0.167329 0.026496
vt -0.166532 0.028622
vt -0.162896 0.027261
vt -0.115154 -0.105634
vt -0.118516 -0.107576
vt -0.119652 -0.105610
vt -0.116290 -0.103668
vt -0.032364 -0.102085
vt -0.034648 -0.105225
vt -0.036484 -0.103889
vt -0.034201 -0.100750
vt 0.018520 -0.036447
vt 0.016638 -0.039843
vt 0.014652 -0.038742
vt 0.016534 -0.035346
vt 0.060398 0.037416
vt 0.058471 0.034046
vt 0.056499 0.035173
vt 0.058426 0.038543
vt 0.171947 0.004909
vt 0.169050 0.002325
vt 0.165248 0.001536
vt 0.161562 0.002753
vt 0.158978 0.005651
vt 0.158189 0.009452
vt 0.159406 0.013139
vt 0.162303 0.015723
vt 0.166105 0.016512
vt 0.169791 0.015294
vt 0.172375 0.012397
vt 0.173164 0.008596
vt -0.173164 0.008596
vt -0.172375 0.012397
vt -0.169791 0.015294
vt -0.166105 0.016512
vt -0.162303 0.015723
vt -0.159406 0.013139
vt -0.158189 0.009452
vt -0.158978 0.005651
vt -0.161562 0.002753
vt -0.165248 0.001536
vt -0.169050 0.002325
vt -0.171947 0.004909
vt 0.169319 0.010231
vt 0.173318 0.008641
vt 0.172592 0.007648
vt 0.169165 0.009011
vt 0.153335 -0.068590
vt 0.156503 -0.072134
vt 0.155452 -0.072772
vt 0.152584 -0.069564
vt -0.068477 -0.145044
vt -0.071796 -0.148673
vt -0.072646 -0.147784
vt -0.069438 -0.144277
vt -0.136593 -0.071170
vt -0.140997 -0.072957
vt -0.141534 -0.071851
vt -0.136977 -0.070002
vt -0.153608 -0.021896
vt -0.157737 -0.023109
vt -0.158293 -0.022012
vt -0.153733 -0.020673
vt -0.162846 0.009115
vt -0.166388 0.008088
vt -0.167015 0.009145
vt -0.162883 0.010344
vt -0.169480 0.008971
vt -0.172336 0.007836
vt -0.173061 0.008828
vt -0.169634 0.010191
vt -0.153260 -0.070086
vt -0.155009 -0.072042
vt -0.156060 -0.071404
vt -0.154012 -0.069112
vt 0.070155 -0.145175
vt 0.071815 -0.146990
vt 0.070965 -0.147878
vt 0.069195 -0.145942
vt 0.138069 -0.070362
vt 0.140500 -0.071348
vt 0.139963 -0.072454
vt 0.137684 -0.071530
vt 0.154583 -0.020760
vt 0.157532 -0.021626
vt 0.156975 -0.022722
vt 0.154458 -0.021983
vt 0.163200 0.010335
vt 0.166742 0.009307
vt 0.166115 0.008250
vt 0.163163 0.009106
vt 0.173490 -0.007390
vt 0.175902 -0.010953
vt 0.174744 -0.011366
vt 0.172677 -0.008312
vt 0.127560 -0.090068
vt 0.128066 -0.094794
vt 0.126841 -0.094699
vt 0.126382 -0.090420
vt 0.014495 -0.120929
vt 0.012389 -0.125372
vt 0.011316 -0.124772
vt 0.013351 -0.120478
vt -0.072263 -0.073662
vt -0.075494 -0.077149
vt -0.076450 -0.076375
vt -0.073107 -0.072768
vt -0.124521 -0.014443
vt -0.127765 -0.017270
vt -0.128729 -0.016506
vt -0.125145 -0.013384
vt -0.158809 0.017553
vt -0.161496 0.015027
vt -0.162535 0.015683
vt -0.159400 0.018631
vt -0.172915 -0.008522
vt -0.174638 -0.011067
vt -0.175796 -0.010654
vt -0.173728 -0.007600
vt -0.126627 -0.091239
vt -0.126907 -0.093847
vt -0.128132 -0.093942
vt -0.127805 -0.090886
vt -0.012930 -0.121547
vt -0.011877 -0.123769
vt -0.012950 -0.124369
vt -0.014074 -0.121998
vt 0.073943 -0.073557
vt 0.075726 -0.075482
vt 0.074771 -0.076255
vt 0.073100 -0.074451
vt 0.125881 -0.013818
vt 0.128198 -0.015837
vt 0.127235 -0.016600
vt 0.125257 -0.014877
vt 0.159679 0.018478
vt 0.162366 0.015952
vt 0.161326 0.015295
vt 0.159087 0.017400
vt 0.174936 -0.014536
vt 0.175192 -0.018831
vt 0.173986 -0.018595
vt 0.173766 -0.014914
vt 0.131906 -0.057892
vt 0.130771 -0.062507
vt 0.129651 -0.062000
vt 0.130679 -0.057821
vt 0.055975 -0.054022
vt 0.053855 -0.058459
vt 0.052783 -0.057856
vt 0.054833 -0.053568
vt -0.022692 -0.015331
vt -0.025092 -0.019433
vt -0.026192 -0.018885
vt -0.023709 -0.014641
vt -0.095885 0.023766
vt -0.097940 0.019986
vt -0.099109 0.020366
vt -0.096839 0.024541
vt -0.155312 0.028090
vt -0.156540 0.024612
vt -0.157765 0.024719
vt -0.156332 0.028776
vt -0.173864 -0.015216
vt -0.174047 -0.018284
vt -0.175253 -0.018520
vt -0.175034 -0.014838
vt -0.130630 -0.058674
vt -0.130003 -0.061222
vt -0.131123 -0.061729
vt -0.131857 -0.058744
vt -0.054408 -0.054636
vt -0.053347 -0.056854
vt -0.054419 -0.057458
vt -0.055550 -0.055091
vt 0.024354 -0.015592
vt 0.025679 -0.017856
vt 0.024579 -0.018404
vt 0.023337 -0.016282
vt 0.097378 0.023878
vt 0.098846 0.021178
vt 0.097676 0.020798
vt 0.096423 0.023103
vt 0.156510 0.028513
vt 0.157738 0.025035
vt 0.156513 0.024929
vt 0.155490 0.027827
vt 0.175833 -0.014314
vt 0.174028 -0.018219
vt 0.173076 -0.017441
vt 0.174624 -0.014093
vt 0.147622 -0.020929
vt 0.145088 -0.024950
vt 0.144185 -0.024115
vt 0.146480 -0.020475
vt 0.093186 0.013677
vt 0.090573 0.009511
vt 0.089577 0.010232
vt 0.092103 0.014259
vt 0.016921 0.059424
vt 0.014916 0.055114
vt 0.013769 0.055557
vt 0.015843 0.060016
vt -0.077437 0.075815
vt -0.078205 0.071581
vt -0.079434 0.071575
vt -0.078586 0.076252
vt -0.155377 0.036295
vt -0.154792 0.032654
vt -0.155918 0.032161
vt -0.156601 0.036410
vt -0.174567 -0.014405
vt -0.173277 -0.017195
vt -0.174229 -0.017974
vt -0.175776 -0.014626
vt -0.146164 -0.021269
vt -0.144765 -0.023488
vt -0.145668 -0.024323
vt -0.147307 -0.021723
vt -0.091559 0.013246
vt -0.090252 0.011163
vt -0.091248 0.010441
vt -0.092642 0.012664
vt -0.015290 0.059008
vt -0.014183 0.056630
vt -0.015330 0.056187
vt -0.016367 0.058416
vt 0.078890 0.075453
vt 0.079438 0.072429
vt 0.078209 0.072435
vt 0.077741 0.075016
vt 0.156631 0.036094
vt 0.156046 0.032452
vt 0.154919 0.032944
vt 0.155407 0.035979
vt 0.175247 -0.011951
vt 0.171855 -0.014599
vt 0.171365 -0.013471
vt 0.174272 -0.011202
vt 0.165506 -0.003047
vt 0.161691 -0.005882
vt 0.161151 -0.004778
vt 0.164604 -0.002211
vt 0.135756 0.047429
vt 0.132190 0.044042
vt 0.131405 0.044988
vt 0.134851 0.048261
vt 0.060951 0.116006
vt 0.058833 0.111751
vt 0.057698 0.112224
vt 0.059890 0.116626
vt -0.078662 0.118010
vt -0.077846 0.113786
vt -0.078990 0.113335
vt -0.079891 0.118002
vt -0.160221 0.034844
vt -0.157828 0.032038
vt -0.158534 0.031031
vt -0.161326 0.034305
vt -0.174078 -0.011453
vt -0.171656 -0.013345
vt -0.172146 -0.014472
vt -0.175053 -0.012203
vt -0.164024 -0.002837
vt -0.161918 -0.004402
vt -0.162458 -0.005507
vt -0.164925 -0.003673
vt -0.134072 0.047416
vt -0.132290 0.045722
vt -0.133075 0.044776
vt -0.134977 0.046583
vt -0.059310 0.115634
vt -0.058140 0.113285
vt -0.059275 0.112812
vt -0.060371 0.115013
vt 0.079885 0.117148
vt 0.079302 0.114130
vt 0.078158 0.114580
vt 0.078656 0.117156
vt 0.161187 0.034020
vt 0.158794 0.031214
vt 0.158088 0.032220
vt 0.160082 0.034559
vt 0.171194 -0.009407
vt 0.166969 -0.010221
vt 0.167046 -0.008994
vt 0.170667 -0.008296
vt 0.172415 -0.013681
vt 0.167751 -0.014598
vt 0.167739 -0.013368
vt 0.171961 -0.012538
vt 0.171125 0.005959
vt 0.166382 0.004661
vt 0.166137 0.005865
vt 0.170721 0.007121
vt 0.146095 0.083059
vt 0.142315 0.080177
vt 0.141506 0.081103
vt 0.145417 0.084084
vt -0.135548 0.096372
vt -0.132047 0.093872
vt -0.132566 0.092757
vt -0.136434 0.095519
vt -0.166591 0.019175
vt -0.163023 0.018240
vt -0.163028 0.017010
vt -0.167190 0.018101
vt -0.170380 -0.008432
vt -0.167363 -0.009014
vt -0.167286 -0.010241
vt -0.170908 -0.009543
vt -0.171167 -0.012854
vt -0.168593 -0.013360
vt -0.168605 -0.014589
vt -0.171621 -0.013996
vt -0.169635 0.006743
vt -0.167264 0.006094
vt -0.167508 0.004889
vt -0.170039 0.005582
vt -0.144458 0.083450
vt -0.142371 0.081860
vt -0.143180 0.080934
vt -0.145136 0.082424
vt 0.135841 0.094904
vt 0.133340 0.093118
vt 0.132821 0.094233
vt 0.134956 0.095757
vt 0.166913 0.017947
vt 0.163345 0.017011
vt 0.163341 0.018241
vt 0.166314 0.019020
vt 0.163011 -0.004660
vt 0.158878 -0.003462
vt 0.159505 -0.002404
vt 0.163047 -0.003431
vt 0.155302 -0.032197
vt 0.150742 -0.030858
vt 0.151298 -0.029762
vt 0.155427 -0.030974
vt 0.139805 -0.076112
vt 0.135249 -0.074263
vt 0.135786 -0.073158
vt 0.140190 -0.074945
vt 0.074229 -0.146336
vt 0.071021 -0.142829
vt 0.071871 -0.141941
vt 0.075190 -0.145569
vt -0.149340 -0.078235
vt -0.146472 -0.075027
vt -0.145421 -0.075665
vt -0.148589 -0.079208
vt -0.168160 -0.003497
vt -0.164733 -0.002134
vt -0.164007 -0.003126
vt -0.168006 -0.004716
vt -0.162730 -0.003422
vt -0.159778 -0.002566
vt -0.159151 -0.003623
vt -0.162693 -0.004651
vt -0.154577 -0.030888
vt -0.152060 -0.030148
vt -0.151503 -0.031245
vt -0.154452 -0.032111
vt -0.139098 -0.074585
vt -0.136820 -0.073660
vt -0.136283 -0.074766
vt -0.138713 -0.075752
vt -0.074472 -0.144671
vt -0.072702 -0.142735
vt -0.071852 -0.143624
vt -0.073511 -0.145438
vt 0.147913 -0.078687
vt 0.145864 -0.076395
vt 0.146915 -0.075757
vt 0.148664 -0.077713
vt 0.167691 -0.004676
vt 0.164264 -0.003314
vt 0.164989 -0.002321
vt 0.167845 -0.003457
vt 0.152689 0.005210
vt 0.149554 0.008158
vt 0.150593 0.008815
vt 0.153280 0.006288
vt 0.121756 -0.024510
vt 0.118172 -0.021388
vt 0.119136 -0.020624
vt 0.122380 -0.023451
vt 0.073076 -0.079501
vt 0.069734 -0.075894
vt 0.070690 -0.075120
vt 0.073920 -0.078607
vt -0.009377 -0.123853
vt -0.011413 -0.119559
vt -0.010340 -0.118959
vt -0.008234 -0.123402
vt -0.118690 -0.095572
vt -0.118231 -0.091294
vt -0.117005 -0.091199
vt -0.117512 -0.095925
vt -0.164812 -0.018089
vt -0.162745 -0.015035
vt -0.161587 -0.015448
vt -0.163999 -0.019011
vt -0.153002 0.006441
vt -0.150763 0.008546
vt -0.149724 0.007889
vt -0.152411 0.005363
vt -0.121644 -0.023017
vt -0.119666 -0.021294
vt -0.118703 -0.022057
vt -0.121020 -0.024076
vt -0.073084 -0.077818
vt -0.071413 -0.076014
vt -0.070457 -0.076787
vt -0.072240 -0.078712
vt 0.008655 -0.122333
vt 0.009779 -0.119962
vt 0.010852 -0.120562
vt 0.009799 -0.122784
vt 0.117267 -0.095107
vt 0.116939 -0.092051
vt 0.118165 -0.092145
vt 0.118445 -0.094754
vt 0.163761 -0.018801
vt 0.161693 -0.015747
vt 0.162851 -0.015334
vt 0.164574 -0.017879
vt 0.144211 0.019933
vt 0.142778 0.023990
vt 0.144003 0.024097
vt 0.145231 0.020619
vt 0.089783 0.015296
vt 0.087513 0.019471
vt 0.088683 0.019851
vt 0.090738 0.016071
vt 0.022223 -0.021207
vt 0.019740 -0.016963
vt 0.020840 -0.016415
vt 0.023240 -0.020517
vt -0.050848 -0.056931
vt -0.052897 -0.052643
vt -0.051826 -0.052040
vt -0.049706 -0.056477
vt -0.121690 -0.060041
vt -0.122719 -0.055862
vt -0.121599 -0.055355
vt -0.120463 -0.059970
vt -0.162013 -0.019309
vt -0.161794 -0.015627
vt -0.160587 -0.015391
vt -0.160843 -0.019687
vt -0.145054 0.020882
vt -0.144030 0.023781
vt -0.142806 0.023674
vt -0.144034 0.020196
vt -0.090199 0.016734
vt -0.088946 0.019038
vt -0.087777 0.018659
vt -0.089245 0.015959
vt -0.022595 -0.019566
vt -0.021353 -0.017443
vt -0.020253 -0.017992
vt -0.021578 -0.020256
vt 0.050131 -0.055409
vt 0.051262 -0.053041
vt 0.052333 -0.053645
vt 0.051273 -0.055863
vt 0.120512 -0.059117
vt 0.121246 -0.056133
vt 0.122366 -0.056640
vt 0.121739 -0.059188
vt 0.160746 -0.019384
vt 0.160526 -0.015703
vt 0.161733 -0.015939
vt 0.161916 -0.019007
vt 0.141726 0.034442
vt 0.142409 0.038690
vt 0.143535 0.038198
vt 0.142950 0.034556
vt 0.068989 0.069682
vt 0.068141 0.074359
vt 0.069371 0.074353
vt 0.070138 0.070119
vt -0.017939 0.053618
vt -0.020013 0.058076
vt -0.018866 0.058519
vt -0.016861 0.054210
vt -0.087760 0.011372
vt -0.090285 0.015398
vt -0.089290 0.016120
vt -0.086677 0.011954
vt -0.137250 -0.019743
vt -0.139545 -0.016103
vt -0.138643 -0.015268
vt -0.136108 -0.019289
vt -0.162189 -0.012408
vt -0.163737 -0.009060
vt -0.162786 -0.008282
vt -0.160980 -0.012188
vt -0.142920 0.034872
vt -0.143408 0.037907
vt -0.142281 0.038399
vt -0.141696 0.034758
vt -0.069834 0.070917
vt -0.069367 0.073499
vt -0.068137 0.073505
vt -0.068685 0.070480
vt 0.017415 0.055217
vt 0.018452 0.057446
vt 0.019599 0.057004
vt 0.018492 0.054625
vt 0.087221 0.012967
vt 0.088615 0.015189
vt 0.089611 0.014468
vt 0.088304 0.012385
vt 0.136423 -0.018495
vt 0.138063 -0.015895
vt 0.138965 -0.016730
vt 0.137566 -0.018950
vt 0.161037 -0.011875
vt 0.162585 -0.008527
vt 0.163536 -0.009306
vt 0.162246 -0.012096
vt 0.147597 0.040359
vt 0.150389 0.043633
vt 0.151096 0.042627
vt 0.148702 0.039821
vt 0.068567 0.115349
vt 0.069469 0.120015
vt 0.070613 0.119565
vt 0.069797 0.115340
vt -0.061814 0.110174
vt -0.064006 0.114576
vt -0.062872 0.115049
vt -0.060753 0.110795
vt -0.129928 0.046544
vt -0.133374 0.049817
vt -0.132589 0.050763
vt -0.129023 0.047376
vt -0.156260 0.001802
vt -0.159714 0.004368
vt -0.159173 0.005473
vt -0.155359 0.002637
vt -0.163984 -0.004017
vt -0.166892 -0.001747
vt -0.166402 -0.000620
vt -0.163010 -0.003268
vt -0.148841 0.040106
vt -0.150836 0.042445
vt -0.150129 0.043451
vt -0.147736 0.040645
vt -0.069802 0.116195
vt -0.070300 0.118770
vt -0.069156 0.119221
vt -0.068573 0.116203
vt 0.061333 0.111787
vt 0.062429 0.113988
vt 0.063564 0.113515
vt 0.062395 0.111167
vt 0.129802 0.048222
vt 0.131704 0.050029
vt 0.132489 0.049083
vt 0.130706 0.047389
vt 0.155940 0.003264
vt 0.158406 0.005097
vt 0.158947 0.003993
vt 0.156841 0.002428
vt 0.163203 -0.003016
vt 0.166110 -0.000746
vt 0.166601 -0.001874
vt 0.164178 -0.003765
vt 0.159383 0.030915
vt 0.163545 0.032006
vt 0.163550 0.030777
vt 0.159982 0.029841
vt 0.126397 0.101396
vt 0.130265 0.104158
vt 0.130784 0.103044
vt 0.127283 0.100543
vt -0.144294 0.077446
vt -0.148204 0.080427
vt -0.147395 0.081352
vt -0.143615 0.078471
vt -0.165571 0.007934
vt -0.170155 0.009190
vt -0.169910 0.010395
vt -0.165167 0.009096
vt -0.166158 -0.005324
vt -0.170380 -0.004494
vt -0.170368 -0.003265
vt -0.165704 -0.004182
vt -0.164775 0.002782
vt -0.168396 0.003481
vt -0.168472 0.004708
vt -0.164247 0.003893
vt -0.160259 0.029996
vt -0.163232 0.030776
vt -0.163228 0.032005
vt -0.159660 0.031070
vt -0.127875 0.101158
vt -0.130010 0.102683
vt -0.129491 0.103797
vt -0.126989 0.102011
vt 0.144574 0.079105
vt 0.146530 0.080596
vt 0.147339 0.079670
vt 0.145252 0.078080
vt 0.166253 0.009473
vt 0.168784 0.010166
vt 0.169028 0.008961
vt 0.166657 0.008312
vt 0.166498 -0.003866
vt 0.169514 -0.003274
vt 0.169526 -0.004503
vt 0.166952 -0.005009
vt 0.164534 0.004029
vt 0.168156 0.004728
vt 0.168079 0.003501
vt 0.165061 0.002919
vt -0.116861 -0.113716
vt -0.118620 -0.110799
vt -0.108736 -0.104837
vt -0.106976 -0.107755
vt 0.108736 -0.104837
vt 0.118620 -0.110799
vt 0.116861 -0.113716
vt 0.106976 -0.107754
vt -0.060833 0.039077
vt -0.059846 0.037337
vt -0.062808 0.035656
vt -0.063796 0.037395
vt 0.062808 0.035656
vt 0.059845 0.037338
vt 0.060833 0.039077
vt 0.063796 0.037395
vt -0.159403 0.010979
vt -0.170323 0.007241
vt -0.170971 0.009133
vt -0.160050 0.012872
vt 0.170971 0.009133
vt 0.170323 0.007241
vt 0.159403 0.010979
vt 0.160050 0.012872
vt -0.066151 0.041545
vt -0.063188 0.043227
vt -0.057490 0.033188
vt -0.060453 0.031506
vt 0.057490 0.033188
vt 0.063188 0.043227
vt 0.066151 0.041545
vt 0.060453 0.031506
vt 0.112821 -0.107302
vt 0.114534 -0.108334
vt 0.112775 -0.111252
vt 0.111062 -0.110219
vt -0.112775 -0.111252
vt -0.114534 -0.108334
vt -0.112822 -0.107301
vt -0.111062 -0.110219
vt -0.164264 0.004272
vt -0.168002 0.015193
vt -0.166110 0.015841
vt -0.162372 0.004920
vt 0.166110 0.015841
vt 0.168002 0.015193
vt 0.164264 0.004272
vt 0.162372 0.004920
vn -0.7175 0.6716 0.1851
vn -0.4591 0.8766 -0.1443
vn -0.1688 0.8449 -0.5076
vn 0.0757 0.5850 -0.8075
vn 0.2087 0.1664 -0.9637
vn 0.1947 -0.2985 -0.9343
vn 0.0375 -0.6854 -0.7272
vn -0.2209 -0.8904 -0.3979
vn -0.5112 -0.8587 -0.0346
vn -0.7557 -0.5988 0.2653
vn -0.8887 -0.1803 0.4215
vn -0.8747 0.2847 0.3922
vn 0.7818 0.0159 0.6233
vn -0.6204 0.2354 0.7482
vn -0.6023 -0.2819 0.7468
vn -0.4229 -0.7237 0.5453
vn -0.1302 -0.9716 0.1977
vn 0.1974 -0.9591 -0.2028
vn 0.4722 -0.6896 -0.5491
vn 0.6204 -0.2354 -0.7482
vn 0.6023 0.2819 -0.7468
vn 0.4229 0.7237 -0.5453
vn 0.1302 0.9716 -0.1977
vn -0.1974 0.9591 0.2028
vn -0.4722 0.6896 0.5491
vn 0.7734 0.0253 0.6334
vn -0.7734 -0.0253 -0.6334
vn 0.8543 0.2229 0.4696
vn 0.8420 0.5373 0.0483
vn 0.6080 0.7007 -0.3733
vn 0.2234 0.6842 -0.6942
vn -0.2243 0.4916 -0.8414
vn -0.6247 0.1595 -0.7644
vn -0.8543 -0.2229 -0.4696
vn -0.8420 -0.5373 -0.0483
vn -0.6080 -0.7007 0.3733
vn -0.2234 -0.6842 0.6942
vn 0.2243 -0.4916 0.8414
vn 0.6247 -0.1595 0.7644
vn 0.7753 0.2905 0.5609
vn 0.6294 0.7194 0.2937
vn 0.3219 0.9458 -0.0430
vn -0.0627 0.9293 -0.3638
vn -0.4369 0.6738 -0.5960
vn -0.7037 0.2272 -0.6732
vn -0.7753 -0.2905 -0.5609
vn -0.6294 -0.7194 -0.2937
vn -0.3219 -0.9458 0.0430
vn 0.0627 -0.9293 0.3638
vn 0.4369 -0.6737 0.5960
vn 0.7037 -0.2272 0.6732
vn 0.6867 0.2889 0.6671
vn 0.3910 0.7149 0.5797
vn 0.0010 0.9397 0.3419
vn -0.3836 0.9233 0.0210
vn -0.6753 0.6692 -0.3100
vn -0.7923 0.2255 -0.5669
vn -0.6867 -0.2889 -0.6671
vn -0.3910 -0.7149 -0.5797
vn -0.0010 -0.9397 -0.3419
vn 0.3836 -0.9233 -0.0210
vn 0.6753 -0.6692 0.3100
vn 0.7923 -0.2255 0.5669
vn 0.6122 0.2183 0.7600
vn 0.1907 0.5249 0.8295
vn -0.2686 0.6841 0.6782
vn -0.6532 0.6676 0.3573
vn -0.8756 0.4793 -0.0602
vn -0.8667 0.1549 -0.4741
vn -0.6122 -0.2183 -0.7600
vn -0.1907 -0.5249 -0.8295
vn 0.2686 -0.6841 -0.6782
vn 0.6532 -0.6676 -0.3573
vn 0.8756 -0.4793 0.0602
vn 0.8667 -0.1549 0.4741
vn 0.5719 0.0977 0.8145
vn 0.0821 0.2004 0.9763
vn -0.4148 0.2473 0.8757
vn -0.7993 0.2308 0.5548
vn -0.9842 0.1548 0.0865
vn -0.9071 0.0343 -0.4195
vn -0.5719 -0.0977 -0.8145
vn -0.0821 -0.2004 -0.9763
vn 0.4148 -0.2473 -0.8757
vn 0.7993 -0.2308 -0.5548
vn 0.9842 -0.1548 -0.0865
vn 0.9071 -0.0343 0.4195
vn 0.5764 -0.0406 0.8161
vn 0.0944 -0.1716 0.9806
vn -0.3982 -0.2535 0.8816
vn -0.7828 -0.2700 0.5607
vn -0.9719 -0.2173 0.0909
vn -0.9025 -0.1039 -0.4179
vn -0.5764 0.0406 -0.8161
vn -0.0944 0.1716 -0.9806
vn 0.3982 0.2535 -0.8816
vn 0.7828 0.2700 -0.5607
vn 0.9719 0.2173 -0.0909
vn 0.9025 0.1039 0.4179
vn 0.4369 -0.6738 0.5960
vn 0.4210 0.7365 -0.5294
vn -0.4210 -0.7365 0.5294
vn 0.4707 -0.6763 -0.5666
vn -0.4707 0.6763 0.5666
vn -0.7754 -0.0107 -0.6314
vn 0.7754 0.0107 0.6314
usemtl mat21
s 1
f 1314/5185/766 1315/5186/766 1316/5187/766
f 1315/5188/767 1317/5189/767 1316/5190/767
f 1317/5191/768 1318/5192/768 1316/5193/768
f 1318/5194/769 1319/5195/769 1316/5196/769
f 1319/5197/770 1320/5198/770 1316/5199/770
f 1320/5200/771 1321/5201/771 1316/5202/771
f 1321/5203/772 1322/5204/772 1316/5205/772
f 1322/5206/773 1323/5207/773 1316/5208/773
f 1323/5209/774 1324/5210/774 1316/5211/774
f 1324/5212/775 1325/5213/775 1316/5214/775
f 1325/5215/776 1326/5216/776 1316/5217/776
f 1326/5218/777 1314/5219/777 1316/5220/777
f 1326/5221/778 1325/5222/778 1324/5223/778 1323/5224/778 1322/5225/778 1321/5226/778 1320/5227/778 1319/5228/778 1318/5229/778 1317/5230/778 1315/5231/778 1314/5232/778
f 1487/5233/779 1488/5234/779 1489/5235/779 1490/5236/779
f 1488/5237/780 1491/5238/780 1492/5239/780 1489/5240/780
f 1491/5241/781 1493/5242/781 1494/5243/781 1492/5244/781
f 1493/5245/782 1495/5246/782 1496/5247/782 1494/5248/782
f 1495/5249/783 1497/5250/783 1498/5251/783 1496/5252/783
f 1497/5253/784 1499/5254/784 1500/5255/784 1498/5256/784
f 1499/5257/785 1501/5258/785 1502/5259/785 1500/5260/785
f 1501/5261/786 1503/5262/786 1504/5263/786 1502/5264/786
f 1503/5265/787 1505/5266/787 1506/5267/787 1504/5268/787
f 1505/5269/788 1507/5270/788 1508/5271/788 1506/5272/788
f 1507/5273/789 1509/5274/789 1510/5275/789 1508/5276/789
f 1509/5277/790 1487/5278/790 1490/5279/790 1510/5280/790
f 1490/5281/791 1489/5282/791 1492/5283/791 1494/5284/791 1496/5285/791 1498/5286/791 1500/5287/791 1502/5288/791 1504/5289/791 1506/5290/791 1508/5291/791 1510/5292/791
f 1509/5293/792 1507/5294/792 1505/5295/792 1503/5296/792 1501/5297/792 1499/5298/792 1497/5299/792 1495/5300/792 1493/5301/792 1491/5302/792 1488/5303/792 1487/5304/792
usemtl mat23
f 1327/5305/793 1328/5306/793 1329/5307/793 1330/5308/793
f 1331/5309/794 1332/5310/794 1328/5311/794 1327/5312/794
f 1333/5313/795 1334/5314/795 1332/5315/795 1331/5316/795
f 1335/5317/796 1336/5318/796 1334/5319/796 1333/5320/796
f 1337/5321/797 1338/5322/797 1336/5323/797 1335/5324/797
f 1339/5325/798 1340/5326/798 1338/5327/798 1337/5328/798
f 1341/5329/799 1342/5330/799 1340/5331/799 1339/5332/799
f 1343/5333/800 1344/5334/800 1342/5335/800 1341/5336/800
f 1345/5337/801 1346/5338/801 1344/5339/801 1343/5340/801
f 1347/5341/802 1348/5342/802 1346/5343/802 1345/5344/802
f 1349/5345/803 1350/5346/803 1348/5347/803 1347/5348/803
f 1330/5349/804 1329/5350/804 1350/5351/804 1349/5352/804
f 1328/5353/805 1351/5354/805 1352/5355/805 1329/5356/805
f 1332/5357/806 1353/5358/806 1351/5359/806 1328/5360/806
f 1334/5361/807 1354/5362/807 1353/5363/807 1332/5364/807
f 1336/5365/808 1355/5366/808 1354/5367/808 1334/5368/808
f 1338/5369/809 1356/5370/809 1355/5371/809 1336/5372/809
f 1340/5373/810 1357/5374/810 1356/5375/810 1338/5376/810
f 1342/5377/811 1358/5378/811 1357/5379/811 1340/5380/811
f 1344/5381/812 1359/5382/812 1358/5383/812 1342/5384/812
f 1346/5385/813 1360/5386/813 1359/5387/813 1344/5388/813
f 1348/5389/814 1361/5390/814 1360/5391/814 1346/5392/814
f 1350/5393/815 1362/5394/815 1361/5395/815 1348/5396/815
f 1329/5397/816 1352/5398/816 1362/5399/816 1350/5400/816
f 1351/5401/817 1363/5402/817 1364/5403/817 1352/5404/817
f 1353/5405/818 1365/5406/818 1363/5407/818 1351/5408/818
f 1354/5409/819 1366/5410/819 1365/5411/819 1353/5412/819
f 1355/5413/820 1367/5414/820 1366/5415/820 1354/5416/820
f 1356/5417/821 1368/5418/821 1367/5419/821 1355/5420/821
f 1357/5421/822 1369/5422/822 1368/5423/822 1356/5424/822
f 1358/5425/823 1370/5426/823 1369/5427/823 1357/5428/823
f 1359/5429/824 1371/5430/824 1370/5431/824 1358/5432/824
f 1360/5433/825 1372/5434/825 1371/5435/825 1359/5436/825
f 1361/5437/826 1373/5438/826 1372/5439/826 1360/5440/826
f 1362/5441/827 1374/5442/827 1373/5443/827 1361/5444/827
f 1352/5445/828 1364/5446/828 1374/5447/828 1362/5448/828
f 1363/5449/829 1375/5450/829 1376/5451/829 1364/5452/829
f 1365/5453/830 1377/5454/830 1375/5455/830 1363/5456/830
f 1366/5457/831 1378/5458/831 1377/5459/831 1365/5460/831
f 1367/5461/832 1379/5462/832 1378/5463/832 1366/5464/832
f 1368/5465/833 1380/5466/833 1379/5467/833 1367/5468/833
f 1369/5469/834 1381/5470/834 1380/5471/834 1368/5472/834
f 1370/5473/835 1382/5474/835 1381/5475/835 1369/5476/835
f 1371/5477/836 1383/5478/836 1382/5479/836 1370/5480/836
f 1372/5481/837 1384/5482/837 1383/5483/837 1371/5484/837
f 1373/5485/838 1385/5486/838 1384/5487/838 1372/5488/838
f 1374/5489/839 1386/5490/839 1385/5491/839 1373/5492/839
f 1364/5493/840 1376/5494/840 1386/5495/840 1374/5496/840
f 1375/5497/841 1387/5498/841 1388/5499/841 1376/5500/841
f 1377/5501/842 1389/5502/842 1387/5503/842 1375/5504/842
f 1378/5505/843 1390/5506/843 1389/5507/843 1377/5508/843
f 1379/5509/844 1391/5510/844 1390/5511/844 1378/5512/844
f 1380/5513/845 1392/5514/845 1391/5515/845 1379/5516/845
f 1381/5517/846 1393/5518/846 1392/5519/846 1380/5520/846
f 1382/5521/847 1394/5522/847 1393/5523/847 1381/5524/847
f 1383/5525/848 1395/5526/848 1394/5527/848 1382/5528/848
f 1384/5529/849 1396/5530/849 1395/5531/849 1383/5532/849
f 1385/5533/850 1397/5534/850 1396/5535/850 1384/5536/850
f 1386/5537/851 1398/5538/851 1397/5539/851 1385/5540/851
f 1376/5541/852 1388/5542/852 1398/5543/852 1386/5544/852
f 1387/5545/853 1399/5546/853 1400/5547/853 1388/5548/853
f 1389/5549/854 1401/5550/854 1399/5551/854 1387/5552/854
f 1390/5553/855 1402/5554/855 1401/5555/855 1389/5556/855
f 1391/5557/856 1403/5558/856 1402/5559/856 1390/5560/856
f 1392/5561/857 1404/5562/857 1403/5563/857 1391/5564/857
f 1393/5565/858 1405/5566/858 1404/5567/858 1392/5568/858
f 1394/5569/859 1406/5570/859 1405/5571/859 1393/5572/859
f 1395/5573/860 1407/5574/860 1406/5575/860 1394/5576/860
f 1396/5577/861 1408/5578/861 1407/5579/861 1395/5580/861
f 1397/5581/862 1409/5582/862 1408/5583/862 1396/5584/862
f 1398/5585/863 1410/5586/863 1409/5587/863 1397/5588/863
f 1388/5589/864 1400/5590/864 1410/5591/864 1398/5592/864
f 1399/5593/804 1411/5594/804 1412/5595/804 1400/5596/804
f 1401/5597/803 1413/5598/803 1411/5599/803 1399/5600/803
f 1402/5601/802 1414/5602/802 1413/5603/802 1401/5604/802
f 1403/5605/801 1415/5606/801 1414/5607/801 1402/5608/801
f 1404/5609/800 1416/5610/800 1415/5611/800 1403/5612/800
f 1405/5613/799 1417/5614/799 1416/5615/799 1404/5616/799
f 1406/5617/798 1418/5618/798 1417/5619/798 1405/5620/798
f 1407/5621/797 1419/5622/797 1418/5623/797 1406/5624/797
f 1408/5625/796 1420/5626/796 1419/5627/796 1407/5628/796
f 1409/5629/795 1421/5630/795 1420/5631/795 1408/5632/795
f 1410/5633/794 1422/5634/794 1421/5635/794 1409/5636/794
f 1400/5637/793 1412/5638/793 1422/5639/793 1410/5640/793
f 1411/5641/816 1423/5642/816 1424/5643/816 1412/5644/816
f 1413/5645/865 1425/5646/865 1423/5647/865 1411/5648/865
f 1414/5649/814 1426/5650/814 1425/5651/814 1413/5652/814
f 1415/5653/813 1427/5654/813 1426/5655/813 1414/5656/813
f 1416/5657/812 1428/5658/812 1427/5659/812 1415/5660/812
f 1417/5661/811 1429/5662/811 1428/5663/811 1416/5664/811
f 1418/5665/810 1430/5666/810 1429/5667/810 1417/5668/810
f 1419/5669/809 1431/5670/809 1430/5671/809 1418/5672/809
f 1420/5673/808 1432/5674/808 1431/5675/808 1419/5676/808
f 1421/5677/807 1433/5678/807 1432/5679/807 1420/5680/807
f 1422/5681/806 1434/5682/806 1433/5683/806 1421/5684/806
f 1412/5685/805 1424/5686/805 1434/5687/805 1422/5688/805
f 1423/5689/828 1435/5690/828 1436/5691/828 1424/5692/828
f 1425/5693/827 1437/5694/827 1435/5695/827 1423/5696/827
f 1426/5697/826 1438/5698/826 1437/5699/826 1425/5700/826
f 1427/5701/825 1439/5702/825 1438/5703/825 1426/5704/825
f 1428/5705/824 1440/5706/824 1439/5707/824 1427/5708/824
f 1429/5709/823 1441/5710/823 1440/5711/823 1428/5712/823
f 1430/5713/822 1442/5714/822 1441/5715/822 1429/5716/822
f 1431/5717/821 1443/5718/821 1442/5719/821 1430/5720/821
f 1432/5721/820 1444/5722/820 1443/5723/820 1431/5724/820
f 1433/5725/819 1445/5726/819 1444/5727/819 1432/5728/819
f 1434/5729/818 1446/5730/818 1445/5731/818 1433/5732/818
f 1424/5733/817 1436/5734/817 1446/5735/817 1434/5736/817
f 1435/5737/840 1447/5738/840 1448/5739/840 1436/5740/840
f 1437/5741/839 1449/5742/839 1447/5743/839 1435/5744/839
f 1438/5745/838 1450/5746/838 1449/5747/838 1437/5748/838
f 1439/5749/837 1451/5750/837 1450/5751/837 1438/5752/837
f 1440/5753/836 1452/5754/836 1451/5755/836 1439/5756/836
f 1441/5757/835 1453/5758/835 1452/5759/835 1440/5760/835
f 1442/5761/834 1454/5762/834 1453/5763/834 1441/5764/834
f 1443/5765/833 1455/5766/833 1454/5767/833 1442/5768/833
f 1444/5769/832 1456/5770/832 1455/5771/832 1443/5772/832
f 1445/5773/831 1457/5774/831 1456/5775/831 1444/5776/831
f 1446/5777/830 1458/5778/830 1457/5779/830 1445/5780/830
f 1436/5781/829 1448/5782/829 1458/5783/829 1446/5784/829
f 1447/5785/852 1459/5786/852 1460/5787/852 1448/5788/852
f 1449/5789/851 1461/5790/851 1459/5791/851 1447/5792/851
f 1450/5793/850 1462/5794/850 1461/5795/850 1449/5796/850
f 1451/5797/849 1463/5798/849 1462/5799/849 1450/5800/849
f 1452/5801/848 1464/5802/848 1463/5803/848 1451/5804/848
f 1453/5805/847 1465/5806/847 1464/5807/847 1452/5808/847
f 1454/5809/846 1466/5810/846 1465/5811/846 1453/5812/846
f 1455/5813/845 1467/5814/845 1466/5815/845 1454/5816/845
f 1456/5817/844 1468/5818/844 1467/5819/844 1455/5820/844
f 1457/5821/843 1469/5822/843 1468/5823/843 1456/5824/843
f 1458/5825/842 1470/5826/842 1469/5827/842 1457/5828/842
f 1448/5829/841 1460/5830/841 1470/5831/841 1458/5832/841
f 1459/5833/864 1327/5834/864 1330/5835/864 1460/5836/864
f 1461/5837/863 1331/5838/863 1327/5839/863 1459/5840/863
f 1462/5841/862 1333/5842/862 1331/5843/862 1461/5844/862
f 1463/5845/861 1335/5846/861 1333/5847/861 1462/5848/861
f 1464/5849/860 1337/5850/860 1335/5851/860 1463/5852/860
f 1465/5853/859 1339/5854/859 1337/5855/859 1464/5856/859
f 1466/5857/858 1341/5858/858 1339/5859/858 1465/5860/858
f 1467/5861/857 1343/5862/857 1341/5863/857 1466/5864/857
f 1468/5865/856 1345/5866/856 1343/5867/856 1467/5868/856
f 1469/5869/855 1347/5870/855 1345/5871/855 1468/5872/855
f 1470/5873/854 1349/5874/854 1347/5875/854 1469/5876/854
f 1460/5877/853 1330/5878/853 1349/5879/853 1470/5880/853
usemtl mat20
f 1471/5881/866 1472/5882/866 1473/5883/866 1474/5884/866
f 1475/5885/867 1476/5886/867 1477/5887/867 1478/5888/867
f 1473/5889/868 1475/5890/868 1478/5891/868 1474/5892/868
f 1477/5893/869 1476/5894/869 1472/5895/869 1471/5896/869
f 1478/5897/870 1477/5898/870 1471/5899/870 1474/5900/870
f 1472/5901/871 1476/5902/871 1475/5903/871 1473/5904/871
f 1479/5905/868 1480/5906/868 1481/5907/868 1482/5908/868
f 1483/5909/869 1484/5910/869 1485/5911/869 1486/5912/869
f 1481/5913/867 1483/5914/867 1486/5915/867 1482/5916/867
f 1485/5917/866 1484/5918/866 1480/5919/866 1479/5920/866
f 1486/5921/870 1485/5922/870 1479/5923/870 1482/5924/870
f 1480/5925/871 1484/5926/871 1483/5927/871 1481/5928/871
o group992478481
v 0.032352 0.067360 0.146306
v 0.052688 0.045097 0.121852
v 0.035002 0.044580 0.107615
v 0.014666 0.066843 0.132070
v 0.063598 0.009919 0.109574
v 0.045913 0.009403 0.095338
v 0.062161 -0.028746 0.112763
v 0.044476 -0.029262 0.098527
v 0.048761 -0.060538 0.130564
v 0.031075 -0.061055 0.116328
v 0.026988 -0.076939 0.158208
v 0.009303 -0.077456 0.143971
v 0.002677 -0.073555 0.188286
v -0.015009 -0.074072 0.174050
v -0.017659 -0.051291 0.212741
v -0.035344 -0.051808 0.198504
v -0.028570 -0.016114 0.225018
v -0.046255 -0.016631 0.210782
v -0.027132 0.022551 0.221829
v -0.044818 0.022034 0.207593
v -0.013732 0.054343 0.204028
v -0.031418 0.053826 0.189791
v 0.008041 0.070745 0.176385
v -0.009645 0.070228 0.162148
v -0.055534 -0.017883 0.213849
v -0.053872 0.025021 0.211044
v -0.049268 0.021062 0.200354
v -0.050693 -0.015714 0.202759
v -0.054128 -0.019402 0.225968
v -0.052292 0.027990 0.222869
v -0.046852 -0.019862 0.235867
v -0.044953 0.029172 0.232661
v -0.035657 -0.019141 0.240895
v -0.033821 0.028251 0.237796
v -0.023541 -0.017432 0.239703
v -0.021879 0.025473 0.236898
v -0.013751 -0.015193 0.232613
v -0.012326 0.021583 0.230208
v -0.008910 -0.013023 0.221522
v -0.007723 0.017623 0.219518
v -0.010316 -0.011504 0.209403
v -0.009302 0.014655 0.207693
v -0.017591 -0.011044 0.199504
v -0.016642 0.013473 0.197901
v -0.028787 -0.011765 0.194477
v -0.027774 0.014394 0.192766
v -0.040903 -0.013474 0.195668
v -0.039716 0.017172 0.193664
v -0.038934 0.060565 0.191939
v -0.036465 0.051528 0.183978
v -0.035793 0.067251 0.201766
v -0.027882 0.069793 0.210827
v -0.017321 0.067511 0.216693
v -0.006941 0.061016 0.217793
v 0.000477 0.052049 0.213832
v 0.002947 0.043012 0.205872
v -0.000195 0.036326 0.196044
v -0.008106 0.033784 0.186984
v -0.018666 0.036065 0.181118
v -0.029046 0.042560 0.180018
v -0.014724 0.079223 0.161654
v -0.015713 0.067520 0.158020
v -0.009050 0.087860 0.168314
v -0.000213 0.091117 0.176215
v 0.009421 0.088121 0.183241
v 0.017269 0.079675 0.187508
v 0.021229 0.068042 0.187874
v 0.020240 0.056339 0.184239
v 0.014566 0.047702 0.177579
v 0.005729 0.044445 0.169678
v -0.003905 0.047442 0.162653
v -0.011753 0.055888 0.158385
v 0.012273 0.075997 0.128304
v 0.007427 0.064755 0.129434
v 0.020770 0.084296 0.131476
v 0.030641 0.087430 0.138101
v 0.039241 0.084557 0.146403
v 0.044266 0.076448 0.154158
v 0.044369 0.065276 0.159288
v 0.039523 0.054034 0.160418
v 0.031026 0.045735 0.157246
v 0.021155 0.042602 0.150621
v 0.012555 0.045474 0.142319
v 0.007530 0.053583 0.134564
v 0.034822 0.051750 0.100824
v 0.026754 0.043972 0.105880
v 0.045677 0.057514 0.101123
v 0.056411 0.059719 0.106695
v 0.064148 0.057775 0.116049
v 0.066815 0.052202 0.126678
v 0.063697 0.044493 0.135734
v 0.055629 0.036715 0.140790
v 0.044774 0.030952 0.140491
v 0.034040 0.028747 0.134918
v 0.026303 0.030691 0.125564
v 0.023636 0.036264 0.114936
v 0.046881 0.012980 0.086579
v 0.037091 0.010741 0.093670
v 0.058997 0.014689 0.085387
v 0.070192 0.015411 0.090415
v 0.077468 0.014950 0.100314
v 0.078874 0.013432 0.112433
v 0.074033 0.011262 0.123523
v 0.064243 0.009023 0.130614
v 0.052127 0.007313 0.131805
v 0.040931 0.006592 0.126778
v 0.033656 0.007053 0.116879
v 0.032250 0.008571 0.104760
v 0.045219 -0.029925 0.089384
v 0.035666 -0.026035 0.096074
v 0.057161 -0.032702 0.088486
v 0.068293 -0.033624 0.093621
v 0.075632 -0.032442 0.103413
v 0.077212 -0.029473 0.115238
v 0.072609 -0.025514 0.125928
v 0.063056 -0.021624 0.132618
v 0.051114 -0.018846 0.133516
v 0.039982 -0.017925 0.128381
v 0.032643 -0.019107 0.118589
v 0.031063 -0.022075 0.106764
v 0.030281 -0.065468 0.108489
v 0.022863 -0.056501 0.112450
v 0.040662 -0.071963 0.109589
v 0.051222 -0.074245 0.115455
v 0.059133 -0.071702 0.124516
v 0.062274 -0.065017 0.134343
v 0.059805 -0.055980 0.142304
v 0.052386 -0.047012 0.146265
v 0.042006 -0.040517 0.145165
v 0.031446 -0.038235 0.139298
v 0.023535 -0.040778 0.130238
v 0.020393 -0.047464 0.120410
v 0.006071 -0.084126 0.138774
v 0.002111 -0.072494 0.138408
v 0.013919 -0.092573 0.143041
v 0.023553 -0.095569 0.150067
v 0.032390 -0.092312 0.157968
v 0.038064 -0.083675 0.164628
v 0.039053 -0.071972 0.168262
v 0.035093 -0.060339 0.167897
v 0.027245 -0.051893 0.163629
v 0.017611 -0.048897 0.156604
v 0.008774 -0.052154 0.148703
v 0.003100 -0.060791 0.142043
v -0.020926 -0.080900 0.172124
v -0.021029 -0.069728 0.166994
v -0.015901 -0.089009 0.179879
v -0.007300 -0.091881 0.188181
v 0.002570 -0.088748 0.194806
v 0.011067 -0.080449 0.197978
v 0.015913 -0.069207 0.196848
v 0.015810 -0.058035 0.191718
v 0.010785 -0.049926 0.183963
v 0.002185 -0.047054 0.175661
v -0.007686 -0.050187 0.169036
v -0.016183 -0.058486 0.165864
v -0.043474 -0.056653 0.199604
v -0.040357 -0.048945 0.190548
v -0.040808 -0.062226 0.210233
v -0.033071 -0.064171 0.219587
v -0.022336 -0.061966 0.225159
v -0.011481 -0.056202 0.225458
v -0.003414 -0.048424 0.220402
v -0.000296 -0.040716 0.211347
v -0.002963 -0.035143 0.200718
v -0.010700 -0.033198 0.191364
v -0.021434 -0.035404 0.185791
v -0.032289 -0.041167 0.185493
v 0.019714 0.056553 0.173329
v -0.006645 0.055341 0.151779
v -0.011188 -0.059371 0.163787
v 0.015170 -0.058159 0.185336
v 0.001458 -0.061479 0.148437
v 0.006001 0.053233 0.136429
v 0.032360 0.054445 0.157978
v 0.027817 -0.060267 0.169986
v 0.021391 0.007892 0.168504
v 0.018494 0.007872 0.172131
v 0.034227 -0.000084 0.181683
v 0.016061 0.005535 0.175319
v 0.014744 0.001507 0.177215
v 0.014897 -0.003131 0.177310
v 0.016477 -0.007137 0.175579
v 0.019062 -0.009439 0.172486
v 0.021959 -0.009418 0.168859
v 0.024392 -0.007081 0.165671
v 0.025708 -0.003054 0.163775
v 0.025556 0.001585 0.163680
v 0.023976 0.005591 0.165411
v -0.013122 -0.005713 0.216994
v -0.039480 -0.006924 0.195445
v 0.033506 -0.019089 0.106852
v 0.059865 -0.017877 0.128401
v 0.034293 0.000787 0.104772
v -0.038693 0.012951 0.193364
v -0.012334 0.014163 0.214913
v 0.060652 0.001999 0.126321
v 0.028378 0.009228 0.173751
v 0.031260 0.006662 0.170301
v 0.015647 0.005893 0.157825
v 0.012765 0.008459 0.161275
v 0.033023 0.002193 0.168371
v 0.017410 0.001425 0.155895
v 0.033192 -0.002979 0.168477
v 0.017580 -0.003748 0.156001
v 0.031724 -0.007470 0.170592
v 0.016111 -0.008239 0.158116
v 0.029011 -0.010076 0.174147
v 0.013398 -0.010845 0.161671
v 0.025781 -0.010099 0.178191
v 0.010168 -0.010868 0.165716
v 0.022898 -0.007533 0.181641
v 0.007285 -0.008302 0.169165
v 0.021135 -0.003065 0.183571
v 0.005523 -0.003834 0.171095
v 0.020966 0.002107 0.183465
v 0.005353 0.001339 0.170989
v 0.022434 0.006599 0.181351
v 0.006821 0.005830 0.168875
v 0.025147 0.009205 0.177795
v 0.009534 0.008436 0.165319
vt -0.106431 -0.100371
vt -0.103423 -0.097916
vt -0.101987 -0.099676
vt -0.104995 -0.102130
vt -0.168445 0.007028
vt -0.164583 0.006626
vt -0.164819 0.004367
vt -0.168680 0.004770
vt -0.110847 0.095668
vt -0.108097 0.092927
vt -0.109700 0.091319
vt -0.112450 0.094059
vt -0.053647 0.067032
vt -0.051609 0.063728
vt -0.053542 0.062536
vt -0.055580 0.065841
vt -0.010178 -0.003252
vt -0.008303 -0.006651
vt -0.010291 -0.007748
vt -0.012167 -0.004349
vt 0.035876 -0.073495
vt 0.038013 -0.076737
vt 0.036116 -0.077987
vt 0.033980 -0.074745
vt 0.103423 -0.097916
vt 0.106431 -0.100370
vt 0.104995 -0.102130
vt 0.101987 -0.099676
vt 0.164583 0.006625
vt 0.168445 0.007028
vt 0.168680 0.004769
vt 0.164819 0.004367
vt 0.108097 0.092927
vt 0.110846 0.095668
vt 0.112449 0.094059
vt 0.109700 0.091319
vt 0.051609 0.063728
vt 0.053646 0.067033
vt 0.055579 0.065841
vt 0.053542 0.062536
vt 0.008302 -0.006651
vt 0.010178 -0.003252
vt 0.012166 -0.004349
vt 0.010291 -0.007748
vt -0.038013 -0.076737
vt -0.035877 -0.073495
vt -0.033980 -0.074745
vt -0.036117 -0.077986
vt -0.171032 0.015282
vt -0.167563 0.017027
vt -0.163688 0.016804
vt -0.160443 0.014673
vt -0.158698 0.011204
vt -0.158921 0.007329
vt -0.161052 0.004084
vt -0.164520 0.002339
vt -0.168396 0.002562
vt -0.171641 0.004693
vt -0.173386 0.008161
vt -0.173163 0.012037
vt 0.173163 0.012037
vt 0.173386 0.008161
vt 0.171641 0.004693
vt 0.168396 0.002562
vt 0.164520 0.002339
vt 0.161052 0.004084
vt 0.158921 0.007329
vt 0.158698 0.011204
vt 0.160443 0.014673
vt 0.163688 0.016804
vt 0.167563 0.017027
vt 0.171032 0.015282
vt 0.046705 -0.089496
vt 0.046553 -0.089935
vt 0.044747 -0.089064
vt 0.077865 -0.023203
vt 0.077649 -0.023613
vt 0.075995 -0.022480
vt 0.113854 0.028687
vt 0.113548 0.028338
vt 0.112204 0.029826
vt 0.152053 0.036376
vt 0.151641 0.036162
vt 0.150930 0.038037
vt 0.165989 -0.008026
vt 0.165525 -0.008006
vt 0.165844 -0.006026
vt 0.134140 -0.041660
vt 0.133744 -0.041418
vt 0.134981 -0.039839
vt 0.089155 -0.017931
vt 0.088865 -0.017569
vt 0.090564 -0.016504
vt 0.051279 0.042218
vt 0.051075 0.042635
vt 0.052965 0.043305
vt 0.019201 0.107451
vt 0.019057 0.107893
vt 0.021023 0.108290
vt -0.016871 0.152010
vt -0.016990 0.152458
vt -0.015006 0.152745
vt -0.137831 -0.093107
vt -0.138236 -0.093333
vt -0.139002 -0.091480
vt 0.013243 -0.143845
vt 0.013124 -0.144294
vt 0.011258 -0.143561
vt -0.166715 0.009543
vt -0.166251 0.009562
vt -0.165840 0.009347
vt -0.165591 0.008955
vt -0.165572 0.008491
vt -0.165788 0.008080
vt -0.166180 0.007831
vt -0.166644 0.007812
vt -0.167055 0.008027
vt -0.167303 0.008419
vt -0.167322 0.008883
vt -0.167107 0.009294
vt -0.162640 0.026831
vt -0.165972 0.029554
vt -0.164981 0.030281
vt -0.162125 0.027947
vt -0.097534 0.116674
vt -0.099133 0.121150
vt -0.097919 0.121345
vt -0.096471 0.117293
vt 0.062456 0.128613
vt 0.064916 0.132871
vt 0.065937 0.132186
vt 0.063559 0.128070
vt 0.134882 0.057579
vt 0.138704 0.060404
vt 0.139499 0.059467
vt 0.135545 0.056544
vt 0.158834 0.008669
vt 0.162591 0.010766
vt 0.163377 0.009820
vt 0.159227 0.007504
vt 0.167911 -0.005461
vt 0.171117 -0.003636
vt 0.171972 -0.004519
vt 0.168233 -0.006647
vt 0.162413 0.028080
vt 0.164793 0.030025
vt 0.165784 0.029298
vt 0.162928 0.026964
vt 0.096901 0.118031
vt 0.097784 0.120502
vt 0.098998 0.120307
vt 0.097963 0.117413
vt -0.064066 0.129102
vt -0.065296 0.131231
vt -0.064275 0.131916
vt -0.062963 0.129644
vt -0.136513 0.057164
vt -0.138623 0.058723
vt -0.137827 0.059661
vt -0.135850 0.058199
vt -0.160036 0.007776
vt -0.162720 0.009274
vt -0.161934 0.010220
vt -0.159644 0.008941
vt -0.168539 -0.006564
vt -0.171745 -0.004740
vt -0.170889 -0.003857
vt -0.168218 -0.005378
vt -0.160377 0.034170
vt -0.161729 0.038255
vt -0.160502 0.038337
vt -0.159344 0.034836
vt -0.088363 0.090080
vt -0.087976 0.094817
vt -0.086789 0.094494
vt -0.087140 0.090205
vt 0.011168 0.085683
vt 0.013225 0.090150
vt 0.014305 0.089562
vt 0.012317 0.085245
vt 0.088210 0.038366
vt 0.090980 0.042229
vt 0.092025 0.041581
vt 0.089159 0.037584
vt 0.139732 -0.005135
vt 0.142406 -0.001764
vt 0.143492 -0.002339
vt 0.140539 -0.006063
vt 0.168676 -0.011239
vt 0.170698 -0.008155
vt 0.171862 -0.008551
vt 0.169502 -0.012149
vt 0.159515 0.035103
vt 0.160481 0.038021
vt 0.161707 0.037939
vt 0.160549 0.034437
vt 0.087227 0.091055
vt 0.087013 0.093670
vt 0.088200 0.093993
vt 0.088450 0.090929
vt -0.012727 0.086319
vt -0.013755 0.088552
vt -0.012676 0.089140
vt -0.011578 0.086757
vt -0.089890 0.038472
vt -0.091419 0.040604
vt -0.090374 0.041252
vt -0.088941 0.039253
vt -0.141183 -0.005502
vt -0.143093 -0.003094
vt -0.142006 -0.002519
vt -0.140376 -0.004575
vt -0.169737 -0.011936
vt -0.171760 -0.008852
vt -0.170596 -0.008456
vt -0.168911 -0.011026
vt -0.161033 0.031095
vt -0.160215 0.035319
vt -0.159105 0.034792
vt -0.159806 0.031171
vt -0.102836 0.043381
vt -0.100977 0.047755
vt -0.099953 0.047075
vt -0.101636 0.043115
vt -0.027958 0.014600
vt -0.025630 0.018932
vt -0.024588 0.018279
vt -0.026838 0.014092
vt 0.048975 -0.025407
vt 0.051142 -0.021177
vt 0.052271 -0.021663
vt 0.050030 -0.026040
vt 0.121433 -0.043155
vt 0.122872 -0.039100
vt 0.124086 -0.039292
vt 0.122497 -0.043771
vt 0.168924 -0.016019
vt 0.169277 -0.012348
vt 0.170492 -0.012156
vt 0.170079 -0.016439
vt 0.159825 0.031487
vt 0.159241 0.034505
vt 0.160351 0.035033
vt 0.161052 0.031412
vt 0.101451 0.043949
vt 0.100425 0.046364
vt 0.101449 0.047044
vt 0.102651 0.044215
vt 0.026363 0.015139
vt 0.025199 0.017305
vt 0.026241 0.017958
vt 0.027483 0.015647
vt -0.050621 -0.025054
vt -0.051817 -0.022719
vt -0.050687 -0.022233
vt -0.049567 -0.024422
vt -0.122925 -0.043032
vt -0.123953 -0.040136
vt -0.122738 -0.039944
vt -0.121861 -0.042416
vt -0.170188 -0.016141
vt -0.170541 -0.012470
vt -0.169327 -0.012662
vt -0.169032 -0.015721
vt -0.164316 0.024012
vt -0.161637 0.027380
vt -0.160897 0.026398
vt -0.163193 0.023512
vt -0.127979 0.003472
vt -0.124774 0.006983
vt -0.124033 0.006002
vt -0.126934 0.002824
vt -0.072404 -0.049681
vt -0.069365 -0.045815
vt -0.068451 -0.046638
vt -0.071389 -0.050374
vt 0.010135 -0.096912
vt 0.012129 -0.092597
vt 0.013277 -0.093037
vt 0.011214 -0.097501
vt 0.112902 -0.085135
vt 0.112964 -0.080832
vt 0.114176 -0.080625
vt 0.114107 -0.085377
vt 0.170222 -0.014517
vt 0.168706 -0.011155
vt 0.169665 -0.010386
vt 0.171433 -0.014308
vt 0.163063 0.023802
vt 0.161150 0.026207
vt 0.161890 0.027189
vt 0.164186 0.024302
vt 0.126484 0.003549
vt 0.124715 0.005487
vt 0.125456 0.006468
vt 0.127528 0.004198
vt 0.070741 -0.049425
vt 0.069221 -0.047492
vt 0.070134 -0.046669
vt 0.071756 -0.048732
vt -0.011765 -0.096492
vt -0.012865 -0.094110
vt -0.011717 -0.093671
vt -0.010686 -0.095903
vt -0.114276 -0.084540
vt -0.114320 -0.081467
vt -0.113108 -0.081674
vt -0.113071 -0.084297
vt -0.171379 -0.013995
vt -0.169863 -0.010633
vt -0.168904 -0.011402
vt -0.170168 -0.014204
vt -0.167555 0.017882
vt -0.163638 0.019662
vt -0.163425 0.018452
vt -0.166782 0.016925
vt -0.155146 -0.009690
vt -0.150816 -0.007731
vt -0.150523 -0.008925
vt -0.154443 -0.010698
vt -0.129973 -0.066213
vt -0.125775 -0.063652
vt -0.125206 -0.064742
vt -0.129264 -0.067217
vt -0.051091 -0.140459
vt -0.048471 -0.136493
vt -0.047402 -0.137101
vt -0.050113 -0.141204
vt 0.129826 -0.097181
vt 0.127894 -0.093337
vt 0.128873 -0.092593
vt 0.131007 -0.096840
vt 0.171196 -0.001067
vt 0.168088 0.000919
vt 0.168470 0.002087
vt 0.172096 -0.000230
vt 0.166535 0.017125
vt 0.163738 0.018397
vt 0.163950 0.019608
vt 0.167308 0.018081
vt 0.153743 -0.010210
vt 0.151352 -0.009129
vt 0.151645 -0.007935
vt 0.154446 -0.009201
vt 0.128325 -0.066554
vt 0.126226 -0.065273
vt 0.126794 -0.064183
vt 0.129034 -0.065550
vt 0.049416 -0.140289
vt 0.047970 -0.138100
vt 0.049039 -0.137493
vt 0.050395 -0.139545
vt -0.130770 -0.096019
vt -0.129390 -0.093273
vt -0.128411 -0.094017
vt -0.129589 -0.096361
vt -0.171879 0.000002
vt -0.168772 0.001989
vt -0.168390 0.000820
vt -0.170979 -0.000835
vt -0.168019 0.013419
vt -0.163720 0.013223
vt -0.164082 0.012048
vt -0.167766 0.012216
vt -0.168613 0.005363
vt -0.163866 0.005142
vt -0.164146 0.003945
vt -0.168445 0.004145
vt -0.169030 0.001372
vt -0.164123 0.001053
vt -0.164285 -0.000166
vt -0.169028 0.000143
vt -0.168433 0.016737
vt -0.163759 0.015877
vt -0.163899 0.014656
vt -0.168736 0.015546
vt 0.163780 0.042091
vt 0.159535 0.041389
vt 0.159116 0.042544
vt 0.163805 0.043320
vt 0.167126 0.021761
vt 0.163445 0.021534
vt 0.163065 0.022703
vt 0.167359 0.022968
vt 0.167455 0.012281
vt 0.164385 0.012141
vt 0.164024 0.013317
vt 0.167708 0.013484
vt 0.167599 0.004262
vt 0.164978 0.004140
vt 0.164697 0.005337
vt 0.167767 0.005480
vt 0.167878 0.000145
vt 0.165425 -0.000015
vt 0.165263 0.001204
vt 0.167881 0.001375
vt 0.167622 0.015262
vt 0.165042 0.014788
vt 0.164900 0.016009
vt 0.167319 0.016454
vt -0.162951 0.043337
vt -0.159919 0.042836
vt -0.160338 0.041680
vt -0.162926 0.042108
vt -0.167048 0.023028
vt -0.163366 0.022801
vt -0.163747 0.021632
vt -0.166814 0.021821
vt -0.164861 0.007974
vt -0.161122 0.005845
vt -0.161978 0.004962
vt -0.165183 0.006787
vt -0.158203 0.019089
vt -0.154053 0.016772
vt -0.154839 0.015827
vt -0.158596 0.017924
vt -0.136766 0.063165
vt -0.132811 0.060241
vt -0.133607 0.059304
vt -0.137429 0.062130
vt -0.067794 0.131113
vt -0.065417 0.126997
vt -0.066438 0.126312
vt -0.068898 0.130570
vt 0.090199 0.124103
vt 0.088752 0.120051
vt 0.087538 0.120246
vt 0.089137 0.124722
vt 0.157391 0.039568
vt 0.154535 0.037234
vt 0.153544 0.037962
vt 0.156876 0.040685
vt 0.164877 0.006704
vt 0.162206 0.005183
vt 0.161350 0.006066
vt 0.164555 0.007891
vt 0.157786 0.017651
vt 0.155495 0.016372
vt 0.154710 0.017318
vt 0.157394 0.018816
vt 0.136460 0.061510
vt 0.134483 0.060048
vt 0.133688 0.060985
vt 0.135798 0.062545
vt 0.068391 0.129539
vt 0.067078 0.127267
vt 0.066057 0.127952
vt 0.067287 0.130081
vt -0.088707 0.123984
vt -0.087673 0.121090
vt -0.088887 0.120895
vt -0.089770 0.123365
vt -0.156588 0.040551
vt -0.153732 0.038218
vt -0.154723 0.037490
vt -0.157103 0.039435
vt -0.159843 -0.000667
vt -0.157483 -0.004265
vt -0.158647 -0.004661
vt -0.160670 -0.001577
vt -0.135175 0.004257
vt -0.132222 0.000534
vt -0.133309 -0.000041
vt -0.135983 0.003330
vt -0.088288 0.044260
vt -0.085422 0.040264
vt -0.086467 0.039616
vt -0.089237 0.043479
vt -0.016254 0.088665
vt -0.014266 0.084347
vt -0.015345 0.083760
vt -0.017402 0.088226
vt 0.078619 0.093826
vt 0.078969 0.089538
vt 0.077783 0.089215
vt 0.077396 0.093952
vt 0.149115 0.042104
vt 0.147957 0.038602
vt 0.146730 0.038684
vt 0.148081 0.042770
vt 0.160435 -0.001791
vt 0.158749 -0.004360
vt 0.157585 -0.003965
vt 0.159608 -0.000881
vt 0.135338 0.002769
vt 0.133708 0.000714
vt 0.132621 0.001289
vt 0.134531 0.003697
vt 0.088506 0.042591
vt 0.087073 0.040593
vt 0.086028 0.041241
vt 0.087557 0.043373
vt 0.016992 0.087152
vt 0.015895 0.084769
vt 0.014815 0.085357
vt 0.015844 0.087590
vt -0.077308 0.093102
vt -0.077559 0.090039
vt -0.078745 0.090362
vt -0.078531 0.092976
vt -0.147909 0.042503
vt -0.146751 0.039001
vt -0.147978 0.038919
vt -0.148943 0.041837
vt -0.156183 -0.010779
vt -0.155771 -0.015062
vt -0.156985 -0.014870
vt -0.157339 -0.011199
vt -0.114082 -0.035743
vt -0.112493 -0.040222
vt -0.113707 -0.040414
vt -0.115146 -0.036359
vt -0.048178 -0.019567
vt -0.045936 -0.023944
vt -0.047066 -0.024430
vt -0.049232 -0.020199
vt 0.022699 0.017263
vt 0.024949 0.013077
vt 0.023907 0.012424
vt 0.021579 0.016755
vt 0.092408 0.043870
vt 0.094091 0.039909
vt 0.093066 0.039230
vt 0.091208 0.043604
vt 0.147329 0.032513
vt 0.148030 0.028892
vt 0.146920 0.028364
vt 0.146102 0.032588
vt 0.157230 -0.011497
vt 0.156935 -0.014556
vt 0.155721 -0.014748
vt 0.156075 -0.011077
vt 0.114718 -0.037098
vt 0.113840 -0.039570
vt 0.112626 -0.039378
vt 0.113654 -0.036482
vt 0.048641 -0.021185
vt 0.047520 -0.023374
vt 0.046391 -0.022888
vt 0.047587 -0.020553
vt -0.022054 0.015708
vt -0.023296 0.013397
vt -0.024338 0.014051
vt -0.023174 0.016217
vt -0.091392 0.042770
vt -0.092594 0.039941
vt -0.093619 0.040621
vt -0.092593 0.043036
vt -0.146083 0.032272
vt -0.146784 0.028651
vt -0.147894 0.029179
vt -0.147310 0.032196
vt -0.156560 -0.016293
vt -0.158329 -0.020216
vt -0.159287 -0.019446
vt -0.157772 -0.016084
vt -0.103562 -0.080472
vt -0.103493 -0.085224
vt -0.104705 -0.085016
vt -0.104767 -0.080714
vt -0.009102 -0.091108
vt -0.007040 -0.095572
vt -0.008188 -0.096012
vt -0.010181 -0.091697
vt 0.066765 -0.047964
vt 0.069702 -0.051700
vt 0.068789 -0.052523
vt 0.065750 -0.048657
vt 0.117979 0.000474
vt 0.120880 -0.002703
vt 0.120139 -0.003685
vt 0.116935 -0.000174
vt 0.151510 0.018932
vt 0.153806 0.016046
vt 0.153066 0.015064
vt 0.150387 0.018431
vt 0.157826 -0.016397
vt 0.159089 -0.019199
vt 0.158130 -0.019968
vt 0.156614 -0.016606
vt 0.104599 -0.081551
vt 0.104561 -0.084175
vt 0.103349 -0.084382
vt 0.103393 -0.081309
vt 0.009630 -0.092706
vt 0.008599 -0.094938
vt 0.007451 -0.094498
vt 0.008551 -0.092117
vt -0.066398 -0.049606
vt -0.068020 -0.051669
vt -0.068933 -0.050846
vt -0.067413 -0.048913
vt -0.117385 -0.000900
vt -0.119458 -0.003170
vt -0.120199 -0.002189
vt -0.118430 -0.000251
vt -0.150517 0.018142
vt -0.152812 0.015255
vt -0.153553 0.016237
vt -0.151640 0.018642
vt -0.160729 -0.010025
vt -0.164355 -0.012342
vt -0.164736 -0.011174
vt -0.161629 -0.009187
vt -0.119388 -0.097360
vt -0.121523 -0.101607
vt -0.122501 -0.100863
vt -0.120569 -0.097018
vt 0.051239 -0.134566
vt 0.053950 -0.138669
vt 0.052881 -0.139277
vt 0.050261 -0.135311
vt 0.124089 -0.066573
vt 0.128147 -0.069048
vt 0.127578 -0.070138
vt 0.123380 -0.067578
vt 0.147145 -0.016395
vt 0.151066 -0.018168
vt 0.150773 -0.019362
vt 0.146442 -0.017404
vt 0.158461 0.007533
vt 0.161819 0.006007
vt 0.161606 0.004796
vt 0.157689 0.006577
vt 0.161845 -0.009420
vt 0.164435 -0.011075
vt 0.164053 -0.012243
vt 0.160945 -0.010257
vt 0.120807 -0.097839
vt 0.121985 -0.100183
vt 0.121006 -0.100927
vt 0.119626 -0.098180
vt -0.050958 -0.136226
vt -0.052313 -0.138277
vt -0.053382 -0.137670
vt -0.051936 -0.135481
vt -0.124319 -0.068241
vt -0.126559 -0.069607
vt -0.127127 -0.068517
vt -0.125028 -0.067236
vt -0.147143 -0.017892
vt -0.149943 -0.019158
vt -0.150236 -0.017964
vt -0.147846 -0.016883
vt -0.157936 0.006377
vt -0.161293 0.004851
vt -0.161506 0.006062
vt -0.158708 0.007334
vt -0.163949 0.008356
vt -0.168244 0.008621
vt -0.167864 0.009790
vt -0.164182 0.009563
vt -0.160849 0.032072
vt -0.165538 0.032848
vt -0.165119 0.034003
vt -0.160874 0.033301
vt 0.163067 0.019178
vt 0.167903 0.020068
vt 0.168044 0.018847
vt 0.163370 0.017987
vt 0.164424 -0.002307
vt 0.169167 -0.001998
vt 0.169329 -0.003217
vt 0.164422 -0.003536
vt 0.164527 -0.004244
vt 0.168826 -0.004044
vt 0.169106 -0.005241
vt 0.164359 -0.005461
vt 0.164627 0.000067
vt 0.168311 0.000234
vt 0.168673 -0.000941
vt 0.164374 -0.001136
vt 0.164494 0.009503
vt 0.167562 0.009692
vt 0.167942 0.008523
vt 0.164261 0.008296
vt 0.161728 0.033284
vt 0.164316 0.033712
vt 0.164735 0.032557
vt 0.161703 0.032055
vt -0.164484 0.018270
vt -0.166902 0.018715
vt -0.166762 0.019937
vt -0.164181 0.019462
vt -0.165571 -0.003538
vt -0.168189 -0.003368
vt -0.168028 -0.002149
vt -0.165574 -0.002309
vt -0.165205 -0.005579
vt -0.168275 -0.005436
vt -0.167994 -0.004239
vt -0.165373 -0.004361
vt -0.164685 -0.001202
vt -0.168369 -0.001034
vt -0.168008 0.000141
vt -0.164938 0.000001
vt 0.109463 0.100647
vt 0.111888 0.098254
vt 0.103782 0.090036
vt 0.101357 0.092429
vt -0.103782 0.090036
vt -0.111888 0.098254
vt -0.109463 0.100646
vt -0.101357 0.092429
vt 0.039021 -0.078203
vt 0.037917 -0.076535
vt 0.040757 -0.074654
vt 0.041862 -0.076321
vt -0.040757 -0.074654
vt -0.037917 -0.076535
vt -0.039021 -0.078203
vt -0.041862 -0.076321
vt 0.160963 0.006025
vt 0.170545 0.012461
vt 0.171660 0.010801
vt 0.162078 0.004365
vt -0.171660 0.010801
vt -0.170545 0.012461
vt -0.160963 0.006025
vt -0.162078 0.004365
vt 0.044497 -0.080299
vt 0.041657 -0.082180
vt 0.035282 -0.072558
vt 0.038122 -0.070676
vt -0.035282 -0.072558
vt -0.041657 -0.082180
vt -0.044497 -0.080299
vt -0.038122 -0.070676
vt -0.107133 0.093433
vt -0.108538 0.094857
vt -0.106112 0.097250
vt -0.104708 0.095826
vt 0.106112 0.097249
vt 0.108538 0.094857
vt 0.107133 0.093433
vt 0.104708 0.095826
vt 0.163924 0.013762
vt 0.170360 0.004180
vt 0.168699 0.003065
vt 0.162264 0.012647
vt -0.168699 0.003065
vt -0.170360 0.004180
vt -0.163924 0.013762
vt -0.162264 0.012647
vt -0.093991 -0.098837
vt -0.093615 -0.098481
vt -0.092239 -0.099932
vt -0.092615 -0.100288
vt -0.165254 -0.019135
vt -0.164737 -0.019098
vt -0.164592 -0.021092
vt -0.165108 -0.021130
vt -0.121729 0.090868
vt -0.121329 0.090539
vt -0.122599 0.088994
vt -0.122999 0.089322
vt -0.059607 0.076450
vt -0.059319 0.076020
vt -0.060982 0.074908
vt -0.061269 0.075339
vt -0.013924 0.010267
vt -0.013669 0.009817
vt -0.015410 0.008833
vt -0.015665 0.009283
vt 0.031267 -0.062210
vt 0.031545 -0.062647
vt 0.029859 -0.063722
vt 0.029580 -0.063285
vt 0.093615 -0.098481
vt 0.093991 -0.098837
vt 0.092615 -0.100288
vt 0.092239 -0.099932
vt 0.164737 -0.019098
vt 0.165254 -0.019135
vt 0.165108 -0.021130
vt 0.164592 -0.021092
vt 0.121329 0.090539
vt 0.121729 0.090868
vt 0.122999 0.089322
vt 0.122599 0.088994
vt 0.059319 0.076020
vt 0.059607 0.076450
vt 0.061269 0.075339
vt 0.060982 0.074908
vt 0.013669 0.009817
vt 0.013924 0.010267
vt 0.015665 0.009283
vt 0.015410 0.008833
vt -0.031545 -0.062647
vt -0.031267 -0.062210
vt -0.029580 -0.063285
vt -0.029859 -0.063722
vt -0.167183 0.009364
vt -0.166746 0.009641
vt -0.166229 0.009663
vt -0.165770 0.009423
vt -0.165493 0.008985
vt -0.165472 0.008468
vt -0.165712 0.008010
vt -0.166149 0.007733
vt -0.166666 0.007711
vt -0.167125 0.007951
vt -0.167402 0.008389
vt -0.167423 0.008906
vt 0.167423 0.008906
vt 0.167402 0.008389
vt 0.167125 0.007951
vt 0.166666 0.007711
vt 0.166149 0.007733
vt 0.165712 0.008010
vt 0.165472 0.008468
vt 0.165493 0.008985
vt 0.165770 0.009423
vt 0.166229 0.009663
vt 0.166746 0.009641
vt 0.167183 0.009364
vn 0.3452 0.8189 -0.4585
vn 0.5608 0.4225 -0.7120
vn 0.6262 -0.0872 -0.7748
vn 0.5238 -0.5735 -0.6299
vn 0.2810 -0.9061 -0.3162
vn -0.0370 -0.9959 0.0821
vn -0.3452 -0.8189 0.4585
vn -0.5608 -0.4225 0.7120
vn -0.6262 0.0872 0.7748
vn -0.5238 0.5735 0.6299
vn -0.2810 0.9061 0.3162
vn 0.0370 0.9959 -0.0821
vn -0.7788 -0.0228 -0.6269
vn 0.7788 0.0228 0.6269
vn 0.3100 0.9165 0.2528
vn 0.0329 0.7940 0.6071
vn -0.1620 0.4631 0.8714
vn -0.2225 0.0127 0.9748
vn -0.1324 -0.4367 0.8898
vn 0.0841 -0.7645 0.6391
vn 0.3690 -0.8831 0.2898
vn 0.6461 -0.7605 -0.0645
vn 0.8410 -0.4297 -0.3288
vn 0.9015 0.0207 -0.4323
vn 0.8114 0.4701 -0.3472
vn 0.5949 0.7980 -0.0965
vn -0.7806 -0.0384 -0.6238
vn -0.9171 0.0095 -0.3984
vn -0.9916 0.0463 0.1208
vn -0.8023 0.0698 0.5929
vn -0.4125 0.0753 0.9078
vn 0.0891 0.0616 0.9941
vn 0.5817 0.0306 0.8128
vn 0.9171 -0.0095 0.3984
vn 0.9916 -0.0463 -0.1208
vn 0.8023 -0.0698 -0.5929
vn 0.4125 -0.0753 -0.9078
vn -0.0891 -0.0616 -0.9941
vn -0.5817 -0.0306 -0.8128
vn -0.8895 0.1401 -0.4349
vn -0.9172 0.3977 0.0227
vn -0.7022 0.5428 0.4608
vn -0.3125 0.5483 0.7757
vn 0.1634 0.4129 0.8960
vn 0.6094 0.1612 0.7763
vn 0.8895 -0.1401 0.4349
vn 0.9172 -0.3977 -0.0227
vn 0.7022 -0.5428 -0.4608
vn 0.3125 -0.5483 -0.7757
vn -0.1634 -0.4129 -0.8960
vn -0.6094 -0.1612 -0.7763
vn -0.8243 0.2303 -0.5171
vn -0.7419 0.6404 -0.1985
vn -0.4662 0.8695 0.1630
vn -0.0764 0.8750 0.4780
vn 0.3388 0.6557 0.6748
vn 0.6745 0.2514 0.6941
vn 0.8243 -0.2303 0.5171
vn 0.7419 -0.6404 0.1985
vn 0.4662 -0.8695 -0.1630
vn 0.0764 -0.8750 -0.4780
vn -0.3387 -0.6557 -0.6748
vn -0.6745 -0.2514 -0.6941
vn -0.7391 0.2560 -0.6231
vn -0.5125 0.7096 -0.4835
vn -0.1575 0.9626 -0.2206
vn 0.2323 0.9681 0.0944
vn 0.5681 0.7248 0.3898
vn 0.7598 0.2771 0.5882
vn 0.7391 -0.2560 0.6231
vn 0.5125 -0.7096 0.4835
vn 0.1575 -0.9626 0.2206
vn -0.2323 -0.9681 -0.0944
vn -0.5681 -0.7248 -0.3897
vn -0.7598 -0.2771 -0.5882
vn -0.6566 0.2102 -0.7243
vn -0.2906 0.5865 -0.7560
vn 0.1412 0.7969 -0.5873
vn 0.5309 0.8024 -0.2724
vn 0.7900 0.6018 0.1173
vn 0.8422 0.2314 0.4869
vn 0.6566 -0.2102 0.7243
vn 0.2906 -0.5865 0.7560
vn -0.1412 -0.7969 0.5873
vn -0.5309 -0.8024 0.2724
vn -0.7900 -0.6018 -0.1173
vn -0.8422 -0.2314 -0.4869
vn -0.5990 0.1053 -0.7938
vn -0.1356 0.3043 -0.9429
vn 0.3498 0.4170 -0.8389
vn 0.7396 0.4225 -0.5239
vn 0.9450 0.3195 -0.0696
vn 0.8998 0.1265 0.4175
vn 0.5990 -0.1053 0.7938
vn 0.1356 -0.3043 0.9429
vn -0.3498 -0.4170 0.8389
vn -0.7396 -0.4225 0.5239
vn -0.9450 -0.3195 0.0696
vn -0.8998 -0.1265 -0.4175
vn -0.3388 -0.6557 -0.6748
vn 0.3387 0.6557 0.6748
vn -0.0765 0.8750 0.4780
vn -0.5681 -0.7248 -0.3898
vn -0.6323 0.1054 0.7675
vn 0.6323 -0.1054 -0.7675
vn -0.0394 -0.9938 0.1040
vn 0.0394 0.9938 -0.1040
vn 0.7737 0.0356 0.6325
vn -0.7737 -0.0356 -0.6325
vn 0.2836 0.8676 -0.4084
vn 0.5241 0.5035 -0.6869
vn 0.6241 0.0045 -0.7813
vn 0.5569 -0.4958 -0.6664
vn 0.3405 -0.8632 -0.3729
vn 0.0328 -0.9993 0.0205
vn -0.2837 -0.8676 0.4084
vn -0.5241 -0.5035 0.6869
vn -0.6241 -0.0045 0.7813
vn -0.5569 0.4958 0.6664
vn -0.3405 0.8632 0.3729
vn -0.0328 0.9993 -0.0205
vn 0.7806 0.0384 0.6238
usemtl mat21
s 1
f 1511/5929/872 1512/5930/872 1513/5931/872 1514/5932/872
f 1512/5933/873 1515/5934/873 1516/5935/873 1513/5936/873
f 1515/5937/874 1517/5938/874 1518/5939/874 1516/5940/874
f 1517/5941/875 1519/5942/875 1520/5943/875 1518/5944/875
f 1519/5945/876 1521/5946/876 1522/5947/876 1520/5948/876
f 1521/5949/877 1523/5950/877 1524/5951/877 1522/5952/877
f 1523/5953/878 1525/5954/878 1526/5955/878 1524/5956/878
f 1525/5957/879 1527/5958/879 1528/5959/879 1526/5960/879
f 1527/5961/880 1529/5962/880 1530/5963/880 1528/5964/880
f 1529/5965/881 1531/5966/881 1532/5967/881 1530/5968/881
f 1531/5969/882 1533/5970/882 1534/5971/882 1532/5972/882
f 1533/5973/883 1511/5974/883 1514/5975/883 1534/5976/883
f 1514/5977/884 1513/5978/884 1516/5979/884 1518/5980/884 1520/5981/884 1522/5982/884 1524/5983/884 1526/5984/884 1528/5985/884 1530/5986/884 1532/5987/884 1534/5988/884
f 1533/5989/885 1531/5990/885 1529/5991/885 1527/5992/885 1525/5993/885 1523/5994/885 1521/5995/885 1519/5996/885 1517/5997/885 1515/5998/885 1512/5999/885 1511/6000/885
f 1687/6001/886 1688/6002/886 1689/6003/886
f 1688/6004/887 1690/6005/887 1689/6006/887
f 1690/6007/888 1691/6008/888 1689/6009/888
f 1691/6010/889 1692/6011/889 1689/6012/889
f 1692/6013/890 1693/6014/890 1689/6015/890
f 1693/6016/891 1694/6017/891 1689/6018/891
f 1694/6019/892 1695/6020/892 1689/6021/892
f 1695/6022/893 1696/6023/893 1689/6024/893
f 1696/6025/894 1697/6026/894 1689/6027/894
f 1697/6028/895 1698/6029/895 1689/6030/895
f 1698/6031/896 1699/6032/896 1689/6033/896
f 1699/6034/897 1687/6035/897 1689/6036/897
f 1699/6037/898 1698/6038/898 1697/6039/898 1696/6040/898 1695/6041/898 1694/6042/898 1693/6043/898 1692/6044/898 1691/6045/898 1690/6046/898 1688/6047/898 1687/6048/898
usemtl mat23
f 1535/6049/899 1536/6050/899 1537/6051/899 1538/6052/899
f 1539/6053/900 1540/6054/900 1536/6055/900 1535/6056/900
f 1541/6057/901 1542/6058/901 1540/6059/901 1539/6060/901
f 1543/6061/902 1544/6062/902 1542/6063/902 1541/6064/902
f 1545/6065/903 1546/6066/903 1544/6067/903 1543/6068/903
f 1547/6069/904 1548/6070/904 1546/6071/904 1545/6072/904
f 1549/6073/905 1550/6074/905 1548/6075/905 1547/6076/905
f 1551/6077/906 1552/6078/906 1550/6079/906 1549/6080/906
f 1553/6081/907 1554/6082/907 1552/6083/907 1551/6084/907
f 1555/6085/908 1556/6086/908 1554/6087/908 1553/6088/908
f 1557/6089/909 1558/6090/909 1556/6091/909 1555/6092/909
f 1538/6093/910 1537/6094/910 1558/6095/910 1557/6096/910
f 1536/6097/911 1559/6098/911 1560/6099/911 1537/6100/911
f 1540/6101/912 1561/6102/912 1559/6103/912 1536/6104/912
f 1542/6105/913 1562/6106/913 1561/6107/913 1540/6108/913
f 1544/6109/914 1563/6110/914 1562/6111/914 1542/6112/914
f 1546/6113/915 1564/6114/915 1563/6115/915 1544/6116/915
f 1548/6117/916 1565/6118/916 1564/6119/916 1546/6120/916
f 1550/6121/917 1566/6122/917 1565/6123/917 1548/6124/917
f 1552/6125/918 1567/6126/918 1566/6127/918 1550/6128/918
f 1554/6129/919 1568/6130/919 1567/6131/919 1552/6132/919
f 1556/6133/920 1569/6134/920 1568/6135/920 1554/6136/920
f 1558/6137/921 1570/6138/921 1569/6139/921 1556/6140/921
f 1537/6141/922 1560/6142/922 1570/6143/922 1558/6144/922
f 1559/6145/923 1571/6146/923 1572/6147/923 1560/6148/923
f 1561/6149/924 1573/6150/924 1571/6151/924 1559/6152/924
f 1562/6153/925 1574/6154/925 1573/6155/925 1561/6156/925
f 1563/6157/926 1575/6158/926 1574/6159/926 1562/6160/926
f 1564/6161/927 1576/6162/927 1575/6163/927 1563/6164/927
f 1565/6165/928 1577/6166/928 1576/6167/928 1564/6168/928
f 1566/6169/929 1578/6170/929 1577/6171/929 1565/6172/929
f 1567/6173/930 1579/6174/930 1578/6175/930 1566/6176/930
f 1568/6177/931 1580/6178/931 1579/6179/931 1567/6180/931
f 1569/6181/932 1581/6182/932 1580/6183/932 1568/6184/932
f 1570/6185/933 1582/6186/933 1581/6187/933 1569/6188/933
f 1560/6189/934 1572/6190/934 1582/6191/934 1570/6192/934
f 1571/6193/935 1583/6194/935 1584/6195/935 1572/6196/935
f 1573/6197/936 1585/6198/936 1583/6199/936 1571/6200/936
f 1574/6201/937 1586/6202/937 1585/6203/937 1573/6204/937
f 1575/6205/938 1587/6206/938 1586/6207/938 1574/6208/938
f 1576/6209/939 1588/6210/939 1587/6211/939 1575/6212/939
f 1577/6213/940 1589/6214/940 1588/6215/940 1576/6216/940
f 1578/6217/941 1590/6218/941 1589/6219/941 1577/6220/941
f 1579/6221/942 1591/6222/942 1590/6223/942 1578/6224/942
f 1580/6225/943 1592/6226/943 1591/6227/943 1579/6228/943
f 1581/6229/944 1593/6230/944 1592/6231/944 1580/6232/944
f 1582/6233/945 1594/6234/945 1593/6235/945 1581/6236/945
f 1572/6237/946 1584/6238/946 1594/6239/946 1582/6240/946
f 1583/6241/947 1595/6242/947 1596/6243/947 1584/6244/947
f 1585/6245/948 1597/6246/948 1595/6247/948 1583/6248/948
f 1586/6249/949 1598/6250/949 1597/6251/949 1585/6252/949
f 1587/6253/950 1599/6254/950 1598/6255/950 1586/6256/950
f 1588/6257/951 1600/6258/951 1599/6259/951 1587/6260/951
f 1589/6261/952 1601/6262/952 1600/6263/952 1588/6264/952
f 1590/6265/953 1602/6266/953 1601/6267/953 1589/6268/953
f 1591/6269/954 1603/6270/954 1602/6271/954 1590/6272/954
f 1592/6273/955 1604/6274/955 1603/6275/955 1591/6276/955
f 1593/6277/956 1605/6278/956 1604/6279/956 1592/6280/956
f 1594/6281/957 1606/6282/957 1605/6283/957 1593/6284/957
f 1584/6285/958 1596/6286/958 1606/6287/958 1594/6288/958
f 1595/6289/959 1607/6290/959 1608/6291/959 1596/6292/959
f 1597/6293/960 1609/6294/960 1607/6295/960 1595/6296/960
f 1598/6297/961 1610/6298/961 1609/6299/961 1597/6300/961
f 1599/6301/962 1611/6302/962 1610/6303/962 1598/6304/962
f 1600/6305/963 1612/6306/963 1611/6307/963 1599/6308/963
f 1601/6309/964 1613/6310/964 1612/6311/964 1600/6312/964
f 1602/6313/965 1614/6314/965 1613/6315/965 1601/6316/965
f 1603/6317/966 1615/6318/966 1614/6319/966 1602/6320/966
f 1604/6321/967 1616/6322/967 1615/6323/967 1603/6324/967
f 1605/6325/968 1617/6326/968 1616/6327/968 1604/6328/968
f 1606/6329/969 1618/6330/969 1617/6331/969 1605/6332/969
f 1596/6333/970 1608/6334/970 1618/6335/970 1606/6336/970
f 1607/6337/910 1619/6338/910 1620/6339/910 1608/6340/910
f 1609/6341/909 1621/6342/909 1619/6343/909 1607/6344/909
f 1610/6345/908 1622/6346/908 1621/6347/908 1609/6348/908
f 1611/6349/907 1623/6350/907 1622/6351/907 1610/6352/907
f 1612/6353/906 1624/6354/906 1623/6355/906 1611/6356/906
f 1613/6357/905 1625/6358/905 1624/6359/905 1612/6360/905
f 1614/6361/904 1626/6362/904 1625/6363/904 1613/6364/904
f 1615/6365/903 1627/6366/903 1626/6367/903 1614/6368/903
f 1616/6369/902 1628/6370/902 1627/6371/902 1615/6372/902
f 1617/6373/901 1629/6374/901 1628/6375/901 1616/6376/901
f 1618/6377/900 1630/6378/900 1629/6379/900 1617/6380/900
f 1608/6381/899 1620/6382/899 1630/6383/899 1618/6384/899
f 1619/6385/922 1631/6386/922 1632/6387/922 1620/6388/922
f 1621/6389/921 1633/6390/921 1631/6391/921 1619/6392/921
f 1622/6393/920 1634/6394/920 1633/6395/920 1621/6396/920
f 1623/6397/919 1635/6398/919 1634/6399/919 1622/6400/919
f 1624/6401/918 1636/6402/918 1635/6403/918 1623/6404/918
f 1625/6405/917 1637/6406/917 1636/6407/917 1624/6408/917
f 1626/6409/916 1638/6410/916 1637/6411/916 1625/6412/916
f 1627/6413/915 1639/6414/915 1638/6415/915 1626/6416/915
f 1628/6417/914 1640/6418/914 1639/6419/914 1627/6420/914
f 1629/6421/913 1641/6422/913 1640/6423/913 1628/6424/913
f 1630/6425/912 1642/6426/912 1641/6427/912 1629/6428/912
f 1620/6429/911 1632/6430/911 1642/6431/911 1630/6432/911
f 1631/6433/934 1643/6434/934 1644/6435/934 1632/6436/934
f 1633/6437/971 1645/6438/971 1643/6439/971 1631/6440/971
f 1634/6441/932 1646/6442/932 1645/6443/932 1633/6444/932
f 1635/6445/931 1647/6446/931 1646/6447/931 1634/6448/931
f 1636/6449/930 1648/6450/930 1647/6451/930 1635/6452/930
f 1637/6453/929 1649/6454/929 1648/6455/929 1636/6456/929
f 1638/6457/928 1650/6458/928 1649/6459/928 1637/6460/928
f 1639/6461/972 1651/6462/972 1650/6463/972 1638/6464/972
f 1640/6465/973 1652/6466/973 1651/6467/973 1639/6468/973
f 1641/6469/925 1653/6470/925 1652/6471/925 1640/6472/925
f 1642/6473/924 1654/6474/924 1653/6475/924 1641/6476/924
f 1632/6477/923 1644/6478/923 1654/6479/923 1642/6480/923
f 1643/6481/946 1655/6482/946 1656/6483/946 1644/6484/946
f 1645/6485/974 1657/6486/974 1655/6487/974 1643/6488/974
f 1646/6489/944 1658/6490/944 1657/6491/944 1645/6492/944
f 1647/6493/943 1659/6494/943 1658/6495/943 1646/6496/943
f 1648/6497/942 1660/6498/942 1659/6499/942 1647/6500/942
f 1649/6501/941 1661/6502/941 1660/6503/941 1648/6504/941
f 1650/6505/940 1662/6506/940 1661/6507/940 1649/6508/940
f 1651/6509/939 1663/6510/939 1662/6511/939 1650/6512/939
f 1652/6513/938 1664/6514/938 1663/6515/938 1651/6516/938
f 1653/6517/937 1665/6518/937 1664/6519/937 1652/6520/937
f 1654/6521/936 1666/6522/936 1665/6523/936 1653/6524/936
f 1644/6525/935 1656/6526/935 1666/6527/935 1654/6528/935
f 1655/6529/958 1667/6530/958 1668/6531/958 1656/6532/958
f 1657/6533/957 1669/6534/957 1667/6535/957 1655/6536/957
f 1658/6537/956 1670/6538/956 1669/6539/956 1657/6540/956
f 1659/6541/955 1671/6542/955 1670/6543/955 1658/6544/955
f 1660/6545/954 1672/6546/954 1671/6547/954 1659/6548/954
f 1661/6549/953 1673/6550/953 1672/6551/953 1660/6552/953
f 1662/6553/952 1674/6554/952 1673/6555/952 1661/6556/952
f 1663/6557/951 1675/6558/951 1674/6559/951 1662/6560/951
f 1664/6561/950 1676/6562/950 1675/6563/950 1663/6564/950
f 1665/6565/949 1677/6566/949 1676/6567/949 1664/6568/949
f 1666/6569/948 1678/6570/948 1677/6571/948 1665/6572/948
f 1656/6573/947 1668/6574/947 1678/6575/947 1666/6576/947
f 1667/6577/970 1535/6578/970 1538/6579/970 1668/6580/970
f 1669/6581/969 1539/6582/969 1535/6583/969 1667/6584/969
f 1670/6585/968 1541/6586/968 1539/6587/968 1669/6588/968
f 1671/6589/967 1543/6590/967 1541/6591/967 1670/6592/967
f 1672/6593/966 1545/6594/966 1543/6595/966 1671/6596/966
f 1673/6597/965 1547/6598/965 1545/6599/965 1672/6600/965
f 1674/6601/964 1549/6602/964 1547/6603/964 1673/6604/964
f 1675/6605/963 1551/6606/963 1549/6607/963 1674/6608/963
f 1676/6609/962 1553/6610/962 1551/6611/962 1675/6612/962
f 1677/6613/961 1555/6614/961 1553/6615/961 1676/6616/961
f 1678/6617/960 1557/6618/960 1555/6619/960 1677/6620/960
f 1668/6621/959 1538/6622/959 1557/6623/959 1678/6624/959
usemtl mat20
f 1679/6625/975 1680/6626/975 1681/6627/975 1682/6628/975
f 1683/6629/976 1684/6630/976 1685/6631/976 1686/6632/976
f 1681/6633/977 1683/6634/977 1686/6635/977 1682/6636/977
f 1685/6637/978 1684/6638/978 1680/6639/978 1679/6640/978
f 1686/6641/979 1685/6642/979 1679/6643/979 1682/6644/979
f 1680/6645/980 1684/6646/980 1683/6647/980 1681/6648/980
f 1700/6649/977 1701/6650/977 1702/6651/977 1703/6652/977
f 1704/6653/978 1705/6654/978 1706/6655/978 1707/6656/978
f 1702/6657/976 1704/6658/976 1707/6659/976 1703/6660/976
f 1706/6661/975 1705/6662/975 1701/6663/975 1700/6664/975
f 1707/6665/979 1706/6666/979 1700/6667/979 1703/6668/979
f 1701/6669/980 1705/6670/980 1704/6671/980 1702/6672/980
f 1708/6673/981 1709/6674/981 1710/6675/981 1711/6676/981
f 1709/6677/982 1712/6678/982 1713/6679/982 1710/6680/982
f 1712/6681/983 1714/6682/983 1715/6683/983 1713/6684/983
f 1714/6685/984 1716/6686/984 1717/6687/984 1715/6688/984
f 1716/6689/985 1718/6690/985 1719/6691/985 1717/6692/985
f 1718/6693/986 1720/6694/986 1721/6695/986 1719/6696/986
f 1720/6697/987 1722/6698/987 1723/6699/987 1721/6700/987
f 1722/6701/988 1724/6702/988 1725/6703/988 1723/6704/988
f 1724/6705/989 1726/6706/989 1727/6707/989 1725/6708/989
f 1726/6709/990 1728/6710/990 1729/6711/990 1727/6712/990
f 1728/6713/991 1730/6714/991 1731/6715/991 1729/6716/991
f 1730/6717/992 1708/6718/992 1711/6719/992 1731/6720/992
f 1711/6721/898 1710/6722/898 1713/6723/898 1715/6724/898 1717/6725/898 1719/6726/898 1721/6727/898 1723/6728/898 1725/6729/898 1727/6730/898 1729/6731/898 1731/6732/898
f 1730/6733/993 1728/6734/993 1726/6735/993 1724/6736/993 1722/6737/993 1720/6738/993 1718/6739/993 1716/6740/993 1714/6741/993 1712/6742/993 1709/6743/993 1708/6744/993
